stage,epoch,train_loss,train_accuracy,train_macro_f1,train_uar,train_recall_low,train_recall_medium,train_recall_high,validation_loss,validation_accuracy,validation_macro_f1,validation_uar,validation_recall_low,validation_recall_medium,validation_recall_high
icp_head,1,1.089078206502035,0.3712574850299401,0.35140312726519624,0.370995670995671,0.17857142857142858,0.32727272727272727,0.6071428571428571,1.0826142799286615,0.42857142857142855,0.4444444444444445,0.42857142857142855,0.2857142857142857,0.42857142857142855,0.5714285714285714
icp_head,2,1.0315832156621054,0.5209580838323353,0.5206159283099835,0.5202380952380953,0.6607142857142857,0.4,0.5,1.0744137593678065,0.42857142857142855,0.39760348583877997,0.42857142857142855,0.5714285714285714,0.14285714285714285,0.5714285714285714
icp_head,3,0.985129599085825,0.562874251497006,0.5498011695906433,0.5615800865800865,0.5714285714285714,0.34545454545454546,0.7678571428571429,1.0617653131484985,0.5238095238095238,0.5077667430608607,0.5238095238095238,0.7142857142857143,0.2857142857142857,0.5714285714285714
icp_head,4,0.9720156182072119,0.5748502994011976,0.5712272571607611,0.5741341991341992,0.5892857142857143,0.45454545454545453,0.6785714285714286,1.0522102060772123,0.42857142857142855,0.42637362637362636,0.42857142857142855,0.2857142857142857,0.42857142857142855,0.5714285714285714
icp_head,5,0.9283335080403767,0.5449101796407185,0.5291285980941154,0.5435064935064935,0.6071428571428571,0.3090909090909091,0.7142857142857143,1.0497181302025205,0.47619047619047616,0.4679738562091503,0.4761904761904761,0.5714285714285714,0.2857142857142857,0.5714285714285714
icp_head,6,0.9239539136429746,0.6347305389221557,0.6341227400050929,0.6341991341991341,0.6607142857142857,0.5454545454545454,0.6964285714285714,1.0401569491341,0.5714285714285714,0.5721315721315722,0.5714285714285714,0.7142857142857143,0.42857142857142855,0.5714285714285714
icp_head,7,0.906433220395071,0.6107784431137725,0.5846159963734979,0.6087662337662337,0.8035714285714286,0.2727272727272727,0.75,1.0406831332615443,0.47619047619047616,0.48131868131868133,0.4761904761904761,0.42857142857142855,0.42857142857142855,0.5714285714285714
icp_head,8,0.8913519739390847,0.6227544910179641,0.619366223071833,0.6233766233766235,0.42857142857142855,0.7272727272727273,0.7142857142857143,1.031250312214806,0.47619047619047616,0.48397435897435903,0.4761904761904761,0.42857142857142855,0.42857142857142855,0.5714285714285714
icp_head,9,0.8735620247389742,0.5868263473053892,0.5618167211384418,0.58495670995671,0.7678571428571429,0.2727272727272727,0.7142857142857143,1.0318895010721116,0.47619047619047616,0.48397435897435903,0.4761904761904761,0.42857142857142855,0.42857142857142855,0.5714285714285714
icp_head,10,0.8508853198525435,0.6586826347305389,0.6517646989726174,0.6576839826839828,0.6785714285714286,0.4909090909090909,0.8035714285714286,1.0280165842601232,0.47619047619047616,0.48131868131868133,0.4761904761904761,0.42857142857142855,0.42857142857142855,0.5714285714285714
icp_full,11,0.9557479537889629,0.5808383233532934,0.5791581300055877,0.5805194805194805,0.5357142857142857,0.5272727272727272,0.6785714285714286,1.0519318921225411,0.42857142857142855,0.4336996336996337,0.42857142857142855,0.2857142857142857,0.42857142857142855,0.5714285714285714
icp_full,12,0.9356766453760113,0.5988023952095808,0.594262886822475,0.5980519480519481,0.6071428571428571,0.4727272727272727,0.7142857142857143,1.0599026793525332,0.38095238095238093,0.3633838383838384,0.38095238095238093,0.42857142857142855,0.14285714285714285,0.5714285714285714
icp_full,13,0.9295846345181951,0.6047904191616766,0.5988304093567252,0.6038961038961038,0.6071428571428571,0.45454545454545453,0.75,1.0472314811888195,0.42857142857142855,0.4222222222222222,0.42857142857142855,0.42857142857142855,0.2857142857142857,0.5714285714285714
icp_full,14,0.9274336342326182,0.6107784431137725,0.6098615112928711,0.6103896103896104,0.6428571428571429,0.5454545454545454,0.6428571428571429,1.0529311498006184,0.42857142857142855,0.4222222222222222,0.42857142857142855,0.42857142857142855,0.2857142857142857,0.5714285714285714
icp_full,15,0.8865203786039066,0.6167664670658682,0.6077153668484937,0.6155844155844156,0.7142857142857143,0.41818181818181815,0.7142857142857143,1.0520069031488328,0.38095238095238093,0.3633838383838384,0.38095238095238093,0.42857142857142855,0.14285714285714285,0.5714285714285714
icp_full,16,0.8738393565851771,0.6167664670658682,0.6057500354617872,0.6154761904761905,0.6964285714285714,0.4,0.75,1.0546966507321311,0.47619047619047616,0.4837852206273259,0.4761904761904761,0.5714285714285714,0.2857142857142857,0.5714285714285714
icp_full,17,0.8910675634167151,0.5688622754491018,0.5653202413637985,0.5680735930735931,0.6607142857142857,0.43636363636363634,0.6071428571428571,1.04459167662121,0.47619047619047616,0.4837852206273259,0.4761904761904761,0.5714285714285714,0.2857142857142857,0.5714285714285714
icp_full,18,0.8573453893918477,0.6407185628742516,0.6311990179773501,0.6395021645021645,0.75,0.43636363636363634,0.7321428571428571,1.0442582539149694,0.5238095238095238,0.5329311211664153,0.5238095238095238,0.5714285714285714,0.42857142857142855,0.5714285714285714
