image_path,sample_id,nominal_treatment,total_mg,area_cm2,mg_cm2,residue_bin
/home/davidorjuela/dev/agai-reu-pesticide/anthony/largest_leaf_crop/8-4-4_jpg.rf.63b6b9ef6e6aa8c293559f6f941180a4.jpg,800 ppm 4 4,800,18.37,6.234360057,2.946573479,medium
/home/davidorjuela/dev/agai-reu-pesticide/anthony/largest_leaf_crop/4-1-10_jpg.rf.716816b33b8a93c6849be3c94c257bce.jpg,400 ppm 1 10,400,9.949,4.078952618,2.439106538,low
/home/davidorjuela/dev/agai-reu-pesticide/anthony/largest_leaf_crop/c8_jpg.rf.8dfc50982f7b4284631219301557c357.jpg,c 8,c,0.1689,6.387208594,0.026443476,low
/home/davidorjuela/dev/agai-reu-pesticide/anthony/largest_leaf_crop/6-5-5_jpg.rf.dc257226b62916d4910e8cde839209df.jpg,600 ppm 5 5,600,9.182,2.988452807,3.07249289,medium
/home/davidorjuela/dev/agai-reu-pesticide/anthony/largest_leaf_crop/4-5-6_jpg.rf.cdf55b62908d2bd254ba52cc77468e3d.jpg,400 ppm 5 6,400,9.343,2.938466038,3.179550105,medium
/home/davidorjuela/dev/agai-reu-pesticide/anthony/largest_leaf_crop/10-4-3_jpg.rf.d2eaa15cbf53b3833e0e9cb056e13a1e.jpg,1000 ppm 4 3,1000,23.71,3.297839438,7.189555601,high
/home/davidorjuela/dev/agai-reu-pesticide/anthony/largest_leaf_crop/10-3-9_jpg.rf.cc067c9762c8162dfa7cc2f60733599c.jpg,1000 ppm 3 9,1000,19.63,3.06461692,6.405368276,high
/home/davidorjuela/dev/agai-reu-pesticide/anthony/largest_leaf_crop/10-3-10_jpg.rf.2e955f240bf8858ffb5930271c56b222.jpg,1000 ppm 3 10,1000,30.32,7.157220506,4.236281385,high
/home/davidorjuela/dev/agai-reu-pesticide/anthony/largest_leaf_crop/6-3-7_jpg.rf.9ed677cac837e9d9b206f3f6c56fdc6b.jpg,600 ppm 3 7,600,14.84,5.916311211,2.508319707,low
/home/davidorjuela/dev/agai-reu-pesticide/anthony/largest_leaf_crop/8-5-7_jpg.rf.70133f7033e3406039ae16602d7e0460.jpg,800 ppm 5 7,800,15.55,3.986779799,3.900390988,high
/home/davidorjuela/dev/agai-reu-pesticide/anthony/largest_leaf_crop/10-1-3_jpg.rf.242264d63865b30dfe345e8a8d9d16e6.jpg,1000 ppm 1 3,1000,12.75,2.54445936,5.010887657,high
/home/davidorjuela/dev/agai-reu-pesticide/anthony/largest_leaf_crop/4-4-4_jpg.rf.16c976f89c09d49381df7f2df19c4833.jpg,400 ppm 4 4,400,10.52,4.225258356,2.489788579,low
/home/davidorjuela/dev/agai-reu-pesticide/anthony/largest_leaf_crop/8-2-8_jpg.rf.a9600a7bc05fbd9ce9099d0d73381c2f.jpg,800 ppm 2 8,800,15.0,5.423015957,2.765988542,medium
/home/davidorjuela/dev/agai-reu-pesticide/anthony/largest_leaf_crop/4-3-2_jpg.rf.f2dfe39a1cb5a85f6e2268367f2df718.jpg,400 ppm 3 2,400,9.378,4.872435588,1.924704767,low
/home/davidorjuela/dev/agai-reu-pesticide/anthony/largest_leaf_crop/8-5-8_jpg.rf.6d91e2d8ea0ae8287f0e40805e4764f2.jpg,800 ppm 5 8,800,10.9,6.011112119,1.813308383,low
/home/davidorjuela/dev/agai-reu-pesticide/anthony/largest_leaf_crop/8-5-6_jpg.rf.66fa18d717109a3a05799478766af106.jpg,800 ppm 5 6,800,17.47,4.329254909,4.035336418,high
/home/davidorjuela/dev/agai-reu-pesticide/anthony/largest_leaf_crop/4-4-6_jpg.rf.cc30e07a4efd3089bcfd8f6adb2ff806.jpg,400 ppm 4 6,400,6.553,2.935522981,2.232310918,low
/home/davidorjuela/dev/agai-reu-pesticide/anthony/largest_leaf_crop/8-1-8_jpg.rf.76e37735253dcbb924847cc574dfc2f5.jpg,800 ppm 1 8,800,30.51,7.966710733,3.829685929,high
/home/davidorjuela/dev/agai-reu-pesticide/anthony/largest_leaf_crop/6-3-1_jpg.rf.f25ad370cda4e7705d50d458b20d34c9.jpg,600 ppm 3 1,600,21.09,6.087539934,3.464453659,medium
/home/davidorjuela/dev/agai-reu-pesticide/anthony/largest_leaf_crop/4-3-5_jpg.rf.a4debdc2366aeefed43f58db19da846f.jpg,400 ppm 3 5,400,8.409,4.866173209,1.728051929,low
/home/davidorjuela/dev/agai-reu-pesticide/anthony/largest_leaf_crop/6-3-4_jpg.rf.04bf80207dcbd51d643d2f0afa1a01ed.jpg,600 ppm 3 4,600,17.46,6.324589225,2.760653598,medium
/home/davidorjuela/dev/agai-reu-pesticide/anthony/largest_leaf_crop/8-3-9_jpg.rf.5e92bce3cf65b756fabb376b41e8b1e8.jpg,800 ppm 3 9,800,9.772,2.889229202,3.382216957,medium
/home/davidorjuela/dev/agai-reu-pesticide/anthony/largest_leaf_crop/10-2-10_jpg.rf.7c7025110f090b6745487c320338559b.jpg,1000 ppm 2 10,1000,16.7,5.526703535,3.02169275,medium
/home/davidorjuela/dev/agai-reu-pesticide/anthony/largest_leaf_crop/c10_jpg.rf.48442136d73d469b6081c39b3d62a7df.jpg,c 10,c,0.2197,6.31463051,0.034792218,low
/home/davidorjuela/dev/agai-reu-pesticide/anthony/largest_leaf_crop/4-1-7_jpg.rf.23cf15a9b916c1a1b0a1cca02845a059.jpg,400 ppm 1 7,400,4.334,3.379136733,1.282576096,low
/home/davidorjuela/dev/agai-reu-pesticide/anthony/largest_leaf_crop/4-1-2_jpg.rf.965b1c5cc8ca00459de63f4e6c869f38.jpg,400 ppm 1 2,400,6.387,3.033049581,2.105801382,low
/home/davidorjuela/dev/agai-reu-pesticide/anthony/largest_leaf_crop/4-3-8_jpg.rf.e693d2b9c190b91fa8bba75e102e7df1.jpg,400 ppm 3 8,400,12.74,4.71935,2.699524299,medium
/home/davidorjuela/dev/agai-reu-pesticide/anthony/largest_leaf_crop/10-5-1_jpg.rf.2b20f68ad9a6430013861eeb88f352aa.jpg,1000 ppm 5 1,1000,20.68,6.758605552,3.059802771,medium
/home/davidorjuela/dev/agai-reu-pesticide/anthony/largest_leaf_crop/8-4-5_jpg.rf.c5c48a8ebf03dcefb236eb2a28175bf5.jpg,800 ppm 4 5,800,8.293,3.288481179,2.521832891,low
/home/davidorjuela/dev/agai-reu-pesticide/anthony/largest_leaf_crop/8-2-1_jpg.rf.145d078a2758d683e12fe5ff6cd3de84.jpg,800 ppm 2 1,800,23.69,5.827971984,4.06487884,high
/home/davidorjuela/dev/agai-reu-pesticide/anthony/largest_leaf_crop/8-3-1_jpg.rf.cb7cb85c23a9d89ebfc16d39d3f95654.jpg,800 ppm 3 1,800,25.93,7.132967894,3.635232962,medium
/home/davidorjuela/dev/agai-reu-pesticide/anthony/largest_leaf_crop/10-4-10_jpg.rf.63df416025b189f7e2642c7fc6a60b1a.jpg,1000 ppm 4 10,1000,22.32,4.791050635,4.658685892,high
/home/davidorjuela/dev/agai-reu-pesticide/anthony/largest_leaf_crop/6-4-1_jpg.rf.70d7e3caff1921a03698b8bbeb6faebe.jpg,600 ppm 4 1,600,10.42,4.51898,2.305830077,low
/home/davidorjuela/dev/agai-reu-pesticide/anthony/largest_leaf_crop/4-4-2_jpg.rf.48404999927849af801c0e8272a6eab3.jpg,400 ppm 4 2,400,9.568,2.540327931,3.766442861,high
/home/davidorjuela/dev/agai-reu-pesticide/anthony/largest_leaf_crop/4-1-5_jpg.rf.dd8a70ca0589743544d422bcbeeaf550.jpg,400 ppm 1 5,400,9.105,3.8888,2.341339231,low
/home/davidorjuela/dev/agai-reu-pesticide/anthony/largest_leaf_crop/4-4-3_jpg.rf.30267ad0dd2162e644a4e8184e294383.jpg,400 ppm 4 3,400,11.17,5.823124304,1.918214246,low
/home/davidorjuela/dev/agai-reu-pesticide/anthony/largest_leaf_crop/8-2-4_jpg.rf.c94a4b41e3158fbf96bea23a384435d3.jpg,800 ppm 2 4,800,0.0624,5.933897883,0.010515853,low
/home/davidorjuela/dev/agai-reu-pesticide/anthony/largest_leaf_crop/8-5-4_jpg.rf.4cfea329da566bb150d1bf4ce5effc58.jpg,800 ppm 5 4,800,8.322,1.844578616,4.51159952,high
/home/davidorjuela/dev/agai-reu-pesticide/anthony/largest_leaf_crop/6-1-2_jpg.rf.aea39e239edab53213e4026a56d180e3.jpg,600 ppm 1 2,600,12.62,3.402042767,3.709535965,high
/home/davidorjuela/dev/agai-reu-pesticide/anthony/largest_leaf_crop/10-1-4_jpg.rf.3786490a173f8b95938711ad6f3db523.jpg,1000 ppm 1 4,1000,22.31,4.022583511,5.546186906,high
/home/davidorjuela/dev/agai-reu-pesticide/anthony/largest_leaf_crop/10-3-7_jpg.rf.3c564bfa19775767d694b9895af23417.jpg,1000 ppm 3 7,1000,23.29,5.227160517,4.455573905,high
/home/davidorjuela/dev/agai-reu-pesticide/anthony/largest_leaf_crop/10-4-2_jpg.rf.cc6cbafbe0c6970d6d3f222065ba848c.jpg,1000 ppm 4 2,1000,39.5,8.40395462,4.700168169,high
/home/davidorjuela/dev/agai-reu-pesticide/anthony/largest_leaf_crop/8-4-1_jpg.rf.ef8baf993e1ff9d617ef81c44eed60d6.jpg,800 ppm 4 1,800,21.8,5.569225169,3.914368577,high
/home/davidorjuela/dev/agai-reu-pesticide/anthony/largest_leaf_crop/4-3-7_jpg.rf.79a72b9667b8849724fa34cdcb96f509.jpg,400 ppm 3 7,400,4.511,5.035954717,0.89575865,low
/home/davidorjuela/dev/agai-reu-pesticide/anthony/largest_leaf_crop/6-2-10_jpg.rf.d4840b19a14a4b875567a511a378cb5d.jpg,600 ppm 2 10,600,13.16,2.288225664,5.751181016,high
/home/davidorjuela/dev/agai-reu-pesticide/anthony/largest_leaf_crop/4-4-8_jpg.rf.259bdc141f10c1a280be92b67bbe7710.jpg,400 ppm 4 8,400,22.74,8.886804782,2.558849953,low
/home/davidorjuela/dev/agai-reu-pesticide/anthony/largest_leaf_crop/4-2-3_jpg.rf.241448dd5f0ce4565f341174d29e775d.jpg,400 ppm 2 3,400,10.65,6.927472527,1.537357234,low
/home/davidorjuela/dev/agai-reu-pesticide/anthony/largest_leaf_crop/6-1-10_jpg.rf.960592a8793431ff9cd30ceef94e5f71.jpg,600 ppm 1 10,600,10.72,4.503533723,2.380352998,low
/home/davidorjuela/dev/agai-reu-pesticide/anthony/largest_leaf_crop/8-5-5_jpg.rf.0cea8de16a987c829583e0abc77d91bb.jpg,800 ppm 5 5,800,12.35,5.811543757,2.12508079,low
/home/davidorjuela/dev/agai-reu-pesticide/anthony/largest_leaf_crop/8-3-4_jpg.rf.3e5ed223df758fb1a428e4c1aac0ab2f.jpg,800 ppm 3 4,800,21.62,6.477383648,3.337767404,medium
/home/davidorjuela/dev/agai-reu-pesticide/anthony/largest_leaf_crop/4-5-4_jpg.rf.e0b5766d894189df8d25801e7511075f.jpg,400 ppm 5 4,400,10.72,4.644651585,2.308031034,low
/home/davidorjuela/dev/agai-reu-pesticide/anthony/largest_leaf_crop/4-5-2_jpg.rf.d2ef2c1c73ee32de92749c5e41eb6e99.jpg,400 ppm 5 2,400,12.71,5.389983564,2.358077692,low
/home/davidorjuela/dev/agai-reu-pesticide/anthony/largest_leaf_crop/6-1-3_jpg.rf.30e971f39faaa7d3f893ec639ba5da26.jpg,600 ppm 1 3,600,14.74,5.364668432,2.7476069,medium
/home/davidorjuela/dev/agai-reu-pesticide/anthony/largest_leaf_crop/10-2-1_jpg.rf.7b74ed716e0d89bda0858acf1f0279bb.jpg,1000 ppm 2 1,1000,30.72,8.447770233,3.63646254,high
/home/davidorjuela/dev/agai-reu-pesticide/anthony/largest_leaf_crop/4-3-10_jpg.rf.267b7609b887fd3810a73db8afe472fa.jpg,400 ppm 3 10,400,12.6,4.054291193,3.10781821,medium
/home/davidorjuela/dev/agai-reu-pesticide/anthony/largest_leaf_crop/4-5-5_jpg.rf.c9823a9242e57368798de69daa22497f.jpg,400 ppm 5 5,400,15.43,3.892126966,3.964413323,high
/home/davidorjuela/dev/agai-reu-pesticide/anthony/largest_leaf_crop/8-3-7_jpg.rf.22b97003aa83e242afeba45048f00267.jpg,800 ppm 3 7,800,18.46,5.8528,3.154045927,medium
/home/davidorjuela/dev/agai-reu-pesticide/anthony/largest_leaf_crop/8-1-2_jpg.rf.73778bc815248f9c0e0b8afd711e724d.jpg,800 ppm 1 2,800,12.87,5.287861992,2.433875926,low
/home/davidorjuela/dev/agai-reu-pesticide/anthony/largest_leaf_crop/6-3-5_jpg.rf.83ac35e8771eba9916def79b9a1dc0b1.jpg,600 ppm 3 5,600,17.01,5.001872136,3.400726676,medium
/home/davidorjuela/dev/agai-reu-pesticide/anthony/largest_leaf_crop/4-1-9_jpg.rf.f018a89fe39aded05787e69d773fa97f.jpg,400 ppm 1 9,400,5.583,4.440291493,1.257349885,low
/home/davidorjuela/dev/agai-reu-pesticide/anthony/largest_leaf_crop/10-1-10_jpg.rf.fdb9553a7b7eef2497fba394949005cf.jpg,1000 ppm 1 10,1000,30.5,4.452649142,6.849854778,high
/home/davidorjuela/dev/agai-reu-pesticide/anthony/largest_leaf_crop/8-2-5_jpg.rf.3ea5eb8464eef91473ef40ae040b4ccb.jpg,800 ppm 2 5,800,13.18,6.206825016,2.123468918,low
/home/davidorjuela/dev/agai-reu-pesticide/anthony/largest_leaf_crop/8-5-3_jpg.rf.1b9ae17419f5e26b7ffc60b4de8bd014.jpg,800 ppm 5 3,800,15.02,4.371613871,3.435802073,medium
/home/davidorjuela/dev/agai-reu-pesticide/anthony/largest_leaf_crop/8-5-1_jpg.rf.5545789a55007a51e55fa84e98875c97.jpg,800 ppm 5 1,800,15.27,4.601990944,3.318129085,medium
/home/davidorjuela/dev/agai-reu-pesticide/anthony/largest_leaf_crop/8-3-6_jpg.rf.1a342d41f7864c6d3181b6419311f60e.jpg,800 ppm 3 6,800,11.08,4.121878809,2.688094559,medium
/home/davidorjuela/dev/agai-reu-pesticide/anthony/largest_leaf_crop/10-1-2_jpg.rf.0545202908f7565b8fa4562f746b1f1d.jpg,1000 ppm 1 2,1000,25.91,9.12456238,2.839588237,medium
/home/davidorjuela/dev/agai-reu-pesticide/anthony/largest_leaf_crop/10-3-3_jpg.rf.91e40de7b76ac6fa2735c29fc7097c25.jpg,1000 ppm 3 3,1000,18.81,5.35440737,3.51299382,medium
/home/davidorjuela/dev/agai-reu-pesticide/anthony/largest_leaf_crop/c9_jpg.rf.e200d0cb067f78f0c55c56f2b3cc0351.jpg,c 9,c,0.3604,6.226224899,0.057884192,low
/home/davidorjuela/dev/agai-reu-pesticide/anthony/largest_leaf_crop/10-4-8_jpg.rf.5d526a813ca12fafc45e1bf5760ff28f.jpg,1000 ppm 4 8,1000,24.85,4.264932659,5.826586722,high
/home/davidorjuela/dev/agai-reu-pesticide/anthony/largest_leaf_crop/8-4-8_jpg.rf.b9ef44391431f02f61b74e129e9b7b9c.jpg,800 ppm 4 8,800,16.46,3.419659957,4.813344078,high
/home/davidorjuela/dev/agai-reu-pesticide/anthony/largest_leaf_crop/8-3-3_jpg.rf.36c3100218ad76df9c57ff3b81563f60.jpg,800 ppm 3 3,800,33.49,8.611861704,3.888822319,high
/home/davidorjuela/dev/agai-reu-pesticide/anthony/largest_leaf_crop/10-5-3_jpg.rf.84aae0f8cbdfc030b981bd8e55c86a23.jpg,1000 ppm 5 3,1000,17.64,5.06803266,3.480640553,medium
/home/davidorjuela/dev/agai-reu-pesticide/anthony/largest_leaf_crop/8-4-10_jpg.rf.7ff4b577818fa21fb4b50a2835b3d138.jpg,800 ppm 4 10,800,5.079,2.837073658,1.790224933,low
/home/davidorjuela/dev/agai-reu-pesticide/anthony/largest_leaf_crop/4-5-10_jpg.rf.a4927e8bb5d8eeb32097d2f28c9b56b2.jpg,400 ppm 5 10,400,21.65,3.52,6.150568182,high
/home/davidorjuela/dev/agai-reu-pesticide/anthony/largest_leaf_crop/8-3-10_jpg.rf.aa870f8f37ebaf16af2c23fd592203c4.jpg,800 ppm 3 10,800,13.92,5.426377909,2.565247064,low
/home/davidorjuela/dev/agai-reu-pesticide/anthony/largest_leaf_crop/6-4-2_jpg.rf.f158a661762c8bb6073d5927e3e53cdc.jpg,600 ppm 4 2,600,13.46,4.79375,2.807822686,medium
/home/davidorjuela/dev/agai-reu-pesticide/anthony/largest_leaf_crop/10-2-5_jpg.rf.760861d997b0e80d321fd596c87a1799.jpg,1000 ppm 2 5,1000,28.86,7.553349073,3.820821694,high
/home/davidorjuela/dev/agai-reu-pesticide/anthony/largest_leaf_crop/4-2-4_jpg.rf.7e80efaeecfeedc2e2d03808187d461f.jpg,400 ppm 2 4,400,8.805,4.108781102,2.142971305,low
/home/davidorjuela/dev/agai-reu-pesticide/anthony/largest_leaf_crop/6-4-6_jpg.rf.55601ecd381d5f90ad8d40609cbf1510.jpg,600 ppm 4 6,600,16.38,5.613571205,2.917928606,medium
/home/davidorjuela/dev/agai-reu-pesticide/anthony/largest_leaf_crop/8-2-9_jpg.rf.c4ea66d50d4b82eeb500fdcb3262b250.jpg,800 ppm 2 9,800,25.46,5.63299844,4.519795322,high
/home/davidorjuela/dev/agai-reu-pesticide/anthony/largest_leaf_crop/c6_jpg.rf.1437a5a54be1d3083f4d2ad4e9ec24d6.jpg,c 6,c,0.3264,5.119194462,0.063760031,low
/home/davidorjuela/dev/agai-reu-pesticide/anthony/largest_leaf_crop/6-2-9_jpg.rf.3c07cb177b15039631686adfa392b793.jpg,600 ppm 2 9,600,15.72,4.470496334,3.516388075,medium
/home/davidorjuela/dev/agai-reu-pesticide/anthony/largest_leaf_crop/4-4-9_jpg.rf.cf9f201f3922b6b880e0474f3268ca9a.jpg,400 ppm 4 9,400,8.951,3.410508459,2.624535347,medium
/home/davidorjuela/dev/agai-reu-pesticide/anthony/largest_leaf_crop/4-2-10_jpg.rf.6ca2dafb55ac5601f52ad1311637885a.jpg,400 ppm 2 10,400,12.37,6.099540611,2.028021582,low
/home/davidorjuela/dev/agai-reu-pesticide/anthony/largest_leaf_crop/c7_jpg.rf.c01cc105bee6c005608ea3185fa6ecaf.jpg,c 7,c,0.1234,5.08932789,0.024246817,low
/home/davidorjuela/dev/agai-reu-pesticide/anthony/largest_leaf_crop/6-5-9_jpg.rf.35d0dd9837bd443118c8a4cf4c718bc4.jpg,600 ppm 5 9,600,14.26,4.08896616,3.487434095,medium
/home/davidorjuela/dev/agai-reu-pesticide/anthony/largest_leaf_crop/6-4-3_jpg.rf.3ced916552e2be1e4cac14b5aea34d3c.jpg,600 ppm 4 3,600,15.13,5.252290503,2.880647975,medium
/home/davidorjuela/dev/agai-reu-pesticide/anthony/largest_leaf_crop/6-2-3_jpg.rf.b2b9ada4c4e637d28631e42e755ee716.jpg,600 ppm 2 3,600,18.86,4.226964801,4.461830388,high
/home/davidorjuela/dev/agai-reu-pesticide/anthony/largest_leaf_crop/4-1-8_jpg.rf.5574703c548ea7b3a1e0fb470d169747.jpg,400 ppm 1 8,400,9.546,3.586166409,2.661895437,medium
/home/davidorjuela/dev/agai-reu-pesticide/anthony/largest_leaf_crop/8-1-7_jpg.rf.f9d8fd20c675c79dfca4a719a4bb48bf.jpg,800 ppm 1 7,800,11.85,3.65877021,3.238793179,medium
/home/davidorjuela/dev/agai-reu-pesticide/anthony/largest_leaf_crop/8-1-5_jpg.rf.4c393b7ec69be4454f51dedb2eaab70e.jpg,800 ppm 1 5,800,23.86,6.753063836,3.533211084,medium
/home/davidorjuela/dev/agai-reu-pesticide/anthony/largest_leaf_crop/8-2-6_jpg.rf.40dc80fff931ca63ccaebe22d7b4d897.jpg,800 ppm 2 6,800,11.7,4.543729284,2.574977352,medium
/home/davidorjuela/dev/agai-reu-pesticide/anthony/largest_leaf_crop/10-5-2_jpg.rf.281467e2175585dabb3761e13a2cf1f5.jpg,1000 ppm 5 2,1000,23.25,4.886509317,4.757997682,high
/home/davidorjuela/dev/agai-reu-pesticide/anthony/largest_leaf_crop/6-2-1_jpg.rf.70e2d2eff085d3360a9318310779830c.jpg,600 ppm 2 1,600,15.6,3.24055513,4.813990004,high
/home/davidorjuela/dev/agai-reu-pesticide/anthony/largest_leaf_crop/8-4-7_jpg.rf.7647bc368707084955485f8b4d45e1fd.jpg,800 ppm 4 7,800,6.331,2.602026981,2.433103134,low
/home/davidorjuela/dev/agai-reu-pesticide/anthony/largest_leaf_crop/4-4-1_jpg.rf.8239f5baf3ed29aa1f383bbc039509ef.jpg,400 ppm 4 1,400,10.81,3.167655709,3.41261835,medium
/home/davidorjuela/dev/agai-reu-pesticide/anthony/largest_leaf_crop/4-3-3_jpg.rf.1d7e10bc56a130da4de145f612498c08.jpg,400 ppm 3 3,400,2.859,4.669943855,0.612212928,low
/home/davidorjuela/dev/agai-reu-pesticide/anthony/largest_leaf_crop/6-2-7_jpg.rf.98a5cb47e1ca5ab5b970026264fab81e.jpg,600 ppm 2 7,600,18.39,3.41248,5.389042573,high
/home/davidorjuela/dev/agai-reu-pesticide/anthony/largest_leaf_crop/4-4-7_jpg.rf.15b211b7e0907babb248a45013807fa3.jpg,400 ppm 4 7,400,12.73,4.590987279,2.772824063,medium
/home/davidorjuela/dev/agai-reu-pesticide/anthony/largest_leaf_crop/10-2-7_jpg.rf.67793c6a52cd131267943ea7d23e0ef2.jpg,1000 ppm 2 7,1000,13.76,4.67098659,2.945844467,medium
/home/davidorjuela/dev/agai-reu-pesticide/anthony/largest_leaf_crop/6-1-7_jpg.rf.c171a91dab35c6520b318c2cdb643f25.jpg,600 ppm 1 7,600,25.49,5.935299192,4.294644495,high
/home/davidorjuela/dev/agai-reu-pesticide/anthony/largest_leaf_crop/4-1-1_jpeg.rf.0ac50a9398ecaf73ccf96ac782cd68e1.jpg,400 ppm 1 1,400,9.778,8.453415385,1.156692243,low
/home/davidorjuela/dev/agai-reu-pesticide/anthony/largest_leaf_crop/10-3-6_jpg.rf.4614aee5f03fbe8a390829b6795e3a3e.jpg,1000 ppm 3 6,1000,26.04,6.673460492,3.90202355,high
/home/davidorjuela/dev/agai-reu-pesticide/anthony/largest_leaf_crop/6-3-2_jpg.rf.a3bb3223ffcd60a8e7f45e701e36f9c0.jpg,600 ppm 3 2,600,17.29,9.03584941,1.913489171,low
/home/davidorjuela/dev/agai-reu-pesticide/anthony/largest_leaf_crop/4-2-5_jpg.rf.b72e362f0fbe970a7217e1a626b501d6.jpg,400 ppm 2 5,400,11.46,4.255183852,2.693185629,medium
/home/davidorjuela/dev/agai-reu-pesticide/anthony/largest_leaf_crop/6-4-4_jpg.rf.cdc36adf631aec1c4a51b4a17d090214.jpg,600 ppm 4 4,600,20.85,4.415054869,4.722478116,high
/home/davidorjuela/dev/agai-reu-pesticide/anthony/largest_leaf_crop/10-1-9_jpg.rf.ee4edd2c0fed80ef89666240bb857219.jpg,1000 ppm 1 9,1000,36.31,6.676584871,5.438409112,high
/home/davidorjuela/dev/agai-reu-pesticide/anthony/largest_leaf_crop/6-2-8_jpg.rf.bdfb89937f98856d685a163f5b5844a0.jpg,600 ppm 2 8,600,11.01,4.53875,2.425778023,low
/home/davidorjuela/dev/agai-reu-pesticide/anthony/largest_leaf_crop/8-5-9_jpg.rf.c4c16659a1c9cfe05d7d71c78b1686cf.jpg,800 ppm 5 9,800,10.8,2.335077116,4.625114916,high
/home/davidorjuela/dev/agai-reu-pesticide/anthony/largest_leaf_crop/6-3-6_jpg.rf.2003c52ff712383cc87ae98f390f3841.jpg,600 ppm 3 6,600,12.87,4.970450782,2.589302372,medium
/home/davidorjuela/dev/agai-reu-pesticide/anthony/largest_leaf_crop/8-2-10_jpg.rf.b1fbf59b1b4cab8d4bf061607a7d3412.jpg,800 ppm 2 10,800,31.17,8.117383905,3.839907089,high
/home/davidorjuela/dev/agai-reu-pesticide/anthony/largest_leaf_crop/10-1-5_jpg.rf.5f19afb73a20a3a00a8489b62fd5e1cf.jpg,1000 ppm 1 5,1000,25.22,4.476460644,5.633915275,high
/home/davidorjuela/dev/agai-reu-pesticide/anthony/largest_leaf_crop/8-2-7_jpg.rf.b9ab0895cab3ebcbb2127de241d2e974.jpg,800 ppm 2 7,800,33.92,8.49302457,3.993865756,high
/home/davidorjuela/dev/agai-reu-pesticide/anthony/largest_leaf_crop/6-5-10_jpg.rf.51212dafb219ce8a5537357ae1f0039a.jpg,600 ppm 5 10,600,20.25,8.558652695,2.366026608,low
/home/davidorjuela/dev/agai-reu-pesticide/anthony/largest_leaf_crop/6-2-5_jpg.rf.6081ba181800552dba4a90059f75c6a4.jpg,600 ppm 2 5,600,20.51,2.784907596,7.364696779,high
/home/davidorjuela/dev/agai-reu-pesticide/anthony/largest_leaf_crop/8-1-10_jpg.rf.ec874e0c2c56448c9d269208bef0691c.jpg,800 ppm 1 10,800,11.56,3.496914462,3.305771452,medium
/home/davidorjuela/dev/agai-reu-pesticide/anthony/largest_leaf_crop/8-3-2_jpg.rf.8d8c60141158050d23ff55ab50b04ed0.jpg,800 ppm 3 2,800,32.91,6.634839803,4.960180046,high
/home/davidorjuela/dev/agai-reu-pesticide/anthony/largest_leaf_crop/10-3-8_jpg.rf.00fdc1077feb523d0280214aa10bd860.jpg,1000 ppm 3 8,1000,24.83,7.50865907,3.306848768,medium
/home/davidorjuela/dev/agai-reu-pesticide/anthony/largest_leaf_crop/4-1-6_jpg.rf.3cd0c077c118e4b20a95f0e00a63dbca.jpg,400 ppm 1 6,400,8.463,3.971147459,2.131122072,low
/home/davidorjuela/dev/agai-reu-pesticide/anthony/largest_leaf_crop/4-2-6_jpg.rf.29f5b2d03c3cb335a2f36f7589976a53.jpg,400 ppm 2 6,400,10.44,5.364968944,1.94595721,low
/home/davidorjuela/dev/agai-reu-pesticide/anthony/largest_leaf_crop/10-4-9_jpg.rf.615b90d2c6c98e10004cb23c679f166d.jpg,1000 ppm 4 9,1000,29.74,4.673404077,6.363669718,high
/home/davidorjuela/dev/agai-reu-pesticide/anthony/largest_leaf_crop/8-2-3_jpg.rf.90aa39bbea142b0e1751fcb3b900a9de.jpg,800 ppm 2 3,800,13.8,3.379584903,4.083341711,high
/home/davidorjuela/dev/agai-reu-pesticide/anthony/largest_leaf_crop/4-3-9_jpg.rf.adec49f2c2bdb881ddd39c16d547f606.jpg,400 ppm 3 9,400,8.33,5.257598243,1.584373627,low
/home/davidorjuela/dev/agai-reu-pesticide/anthony/largest_leaf_crop/10-4-6_jpg.rf.d4c1a69a1e9d3bfb7c9eb8f8b89d0fac.jpg,1000 ppm 4 6,1000,16.78,4.699556942,3.570549353,medium
/home/davidorjuela/dev/agai-reu-pesticide/anthony/largest_leaf_crop/6-2-6_jpg.rf.5d36b9dd886db674f830c3a1e2b19c3a.jpg,600 ppm 2 6,600,9.336,1.80603,5.169349346,high
/home/davidorjuela/dev/agai-reu-pesticide/anthony/largest_leaf_crop/4-2-2_jpg.rf.13b7dacbe2360894a338a6ff8a6eae83.jpg,400 ppm 2 2,400,9.323,4.204395557,2.217441217,low
/home/davidorjuela/dev/agai-reu-pesticide/anthony/largest_leaf_crop/10-5-7_jpg.rf.2821b06658f5ed33e3c1b067841d3cfe.jpg,1000 ppm 5 7,1000,20.28,5.929356812,3.420269793,medium
/home/davidorjuela/dev/agai-reu-pesticide/anthony/largest_leaf_crop/8-1-3_jpg.rf.1a7cf1a33d6da4b48b6afcdb4fd6955d.jpg,800 ppm 1 3,800,14.54,4.201578537,3.460604121,medium
/home/davidorjuela/dev/agai-reu-pesticide/anthony/largest_leaf_crop/6-1-4_jpg.rf.6efc64b901c04c70046ced715e15cc45.jpg,600 ppm 1 4,600,12.09,3.932192817,3.074620336,medium
/home/davidorjuela/dev/agai-reu-pesticide/anthony/largest_leaf_crop/6-3-10_jpg.rf.a0014b21cb9206804b2ac8b4107d3b8f.jpg,600 ppm 3 10,600,27.18,8.344826041,3.257108041,medium
/home/davidorjuela/dev/agai-reu-pesticide/anthony/largest_leaf_crop/4-1-3_jpg.rf.1d28734f95821c450873e78580a82108.jpg,400 ppm 1 3,400,12.78,5.951741133,2.14727081,low
/home/davidorjuela/dev/agai-reu-pesticide/anthony/largest_leaf_crop/8-4-6_jpg.rf.278d1108e5963aa48c77fdb67e1313b8.jpg,800 ppm 4 6,800,13.99,4.865619261,2.875276352,medium
/home/davidorjuela/dev/agai-reu-pesticide/anthony/largest_leaf_crop/6-5-4_jpg.rf.a777f8afd86e5e97f1e00d041c451aaa.jpg,600 ppm 5 4,600,15.98,8.805886722,1.814695158,low
/home/davidorjuela/dev/agai-reu-pesticide/anthony/largest_leaf_crop/6-4-5_jpg.rf.f59c4a97cf951c06e71dd90cd274f19d.jpg,600 ppm 4 5,600,6.657,2.173992367,3.062108267,medium
/home/davidorjuela/dev/agai-reu-pesticide/anthony/largest_leaf_crop/4-5-7_jpg.rf.f875d04d33ca0fb81df9480d4d7bd4be.jpg,400 ppm 5 7,400,11.12,4.596751345,2.419099743,low
/home/davidorjuela/dev/agai-reu-pesticide/anthony/largest_leaf_crop/10-3-1_jpg.rf.888b26403a31ee3eae2796f3e4ba3576.jpg,1000 ppm 3 1,1000,20.6,5.996825337,3.435150907,medium
/home/davidorjuela/dev/agai-reu-pesticide/anthony/largest_leaf_crop/10-2-9_jpg.rf.ce0218771da1ff4165db53332e1d27a8.jpg,1000 ppm 2 9,1000,18.26,4.422453532,4.12892976,high
/home/davidorjuela/dev/agai-reu-pesticide/anthony/largest_leaf_crop/6-4-9_jpg.rf.97cfe6f3dd1f9ba33fe5f9513f7db07d.jpg,600 ppm 4 9,600,29.81,4.418563975,6.74653579,high
/home/davidorjuela/dev/agai-reu-pesticide/anthony/largest_leaf_crop/4-2-7_jpg.rf.805928f25a6027bf5f92e8c6c3064c8b.jpg,400 ppm 2 7,400,16.53,7.882867925,2.096952551,low
/home/davidorjuela/dev/agai-reu-pesticide/anthony/largest_leaf_crop/4-2-9_jpg.rf.fb399e0f2a0e21b01149ac6fec130b0a.jpg,400 ppm 2 9,400,21.67,7.006772327,3.092722153,medium
/home/davidorjuela/dev/agai-reu-pesticide/anthony/largest_leaf_crop/10-2-6_jpg.rf.cd8855e33d461c22a86367e0eb88bd91.jpg,1000 ppm 2 6,1000,12.72,3.882035474,3.276631573,medium
/home/davidorjuela/dev/agai-reu-pesticide/anthony/largest_leaf_crop/4-2-1_jpg.rf.b6a1b772f3c35448b98e4ab94306e34e.jpg,400 ppm 2 1,400,7.085,3.520034684,2.012764258,low
/home/davidorjuela/dev/agai-reu-pesticide/anthony/largest_leaf_crop/8-4-2_jpg.rf.1fd9e50ac3b97e74e48d0edebbd11b0a.jpg,800 ppm 4 2,800,37.42,5.176824695,7.228369165,high
/home/davidorjuela/dev/agai-reu-pesticide/anthony/largest_leaf_crop/10-5-9_jpg.rf.1dc934e04fb6b3d150b6a84df1633fd6.jpg,1000 ppm 5 9,1000,20.43,5.22841855,3.907491301,high
/home/davidorjuela/dev/agai-reu-pesticide/anthony/largest_leaf_crop/6-5-8_jpg.rf.929d22267e117d9dd64cb5c6e634cf72.jpg,600 ppm 5 8,600,17.36,9.945351901,1.745539039,low
/home/davidorjuela/dev/agai-reu-pesticide/anthony/largest_leaf_crop/c5_jpg.rf.d4fa3db638a926c7472e6732b9b1a8d2.jpg,c 5,c,1.197,4.557456462,0.262646502,low
/home/davidorjuela/dev/agai-reu-pesticide/anthony/largest_leaf_crop/4-5-8_jpg.rf.24baddef2af8a5e6642ad8d7de1ff17f.jpg,400 ppm 5 8,400,17.41,8.867686447,1.963308029,low
/home/davidorjuela/dev/agai-reu-pesticide/anthony/largest_leaf_crop/8-1-1_jpg.rf.eb7aa9eb0f5e89bd61abe84cb97d0778.jpg,800 ppm 1 1,800,16.37,5.104637179,3.206888056,medium
/home/davidorjuela/dev/agai-reu-pesticide/anthony/largest_leaf_crop/c4_jpg.rf.9063cebbf467d57c6c10bbbfee918ea6.jpg,c 4,c,0.1801,6.259172329,0.028773772,low
/home/davidorjuela/dev/agai-reu-pesticide/anthony/largest_leaf_crop/10-4-5_jpg.rf.859395ee8979b7546b3dba7daff2963c.jpg,1000 ppm 4 5,1000,17.68,3.213782302,5.501306043,high
/home/davidorjuela/dev/agai-reu-pesticide/anthony/largest_leaf_crop/6-3-9_jpg.rf.6cffc055f186f40a6daf49c0546e9dcb.jpg,600 ppm 3 9,600,17.94,6.134794521,2.924303323,medium
/home/davidorjuela/dev/agai-reu-pesticide/anthony/largest_leaf_crop/10-1-1_jpg.rf.395c16c07039adf35597dd8d58d37a0f.jpg,1000 ppm 1 1,1000,31.18,5.408888889,5.764585045,high
/home/davidorjuela/dev/agai-reu-pesticide/anthony/largest_leaf_crop/10-5-10_jpg.rf.eced6a0b062bf50df4324bc1c5b61802.jpg,1000 ppm 5 10,1000,28.96,5.950583041,4.866749998,high
/home/davidorjuela/dev/agai-reu-pesticide/anthony/largest_leaf_crop/8-1-6_jpg.rf.4bb4bb247f54060cc04b0548237bb215.jpg,800 ppm 1 6,800,26.65,6.944234416,3.837716068,high
/home/davidorjuela/dev/agai-reu-pesticide/anthony/largest_leaf_crop/6-5-1_jpg.rf.071065338b9db5672bc382ebc59e7384.jpg,600 ppm 5 1,600,25.88,13.41613,1.92902126,low
/home/davidorjuela/dev/agai-reu-pesticide/anthony/largest_leaf_crop/6-1-1_jpg.rf.ac216037ea357f1a129e34cbbfc3ff78.jpg,600 ppm 1 1,600,14.15,4.419629253,3.201626017,medium
/home/davidorjuela/dev/agai-reu-pesticide/anthony/largest_leaf_crop/10-1-8_jpg.rf.c28e76bf20de301f85bd89f128619dc1.jpg,1000 ppm 1 8,1000,28.65,10.44265953,2.743553968,medium
/home/davidorjuela/dev/agai-reu-pesticide/anthony/largest_leaf_crop/c3_jpg.rf.0d38853a2e5fc2f0648102081b29280d.jpg,c 3,c,0.1453,3.962520548,0.03666858,low
/home/davidorjuela/dev/agai-reu-pesticide/anthony/largest_leaf_crop/8-5-10_jpg.rf.cc399002613eb2db7afca8e68eacf757.jpg,800 ppm 5 10,800,3.494,4.597557644,0.75996872,low
/home/davidorjuela/dev/agai-reu-pesticide/anthony/largest_leaf_crop/4-4-5_jpg.rf.ef0874689e3d72d7a43021da45adeec6.jpg,400 ppm 4 5,400,11.92,4.78169441,2.49284019,low
/home/davidorjuela/dev/agai-reu-pesticide/anthony/largest_leaf_crop/6-1-8_jpg.rf.0beea29eba1fa7d66851cdcba3aa047d.jpg,600 ppm 1 8,600,18.24,5.40441668,3.375017339,medium
/home/davidorjuela/dev/agai-reu-pesticide/anthony/largest_leaf_crop/6-3-8_jpg.rf.7d7e47629ac0b03144f6d64f4592132f.jpg,600 ppm 3 8,600,18.22,5.978905224,3.047380635,medium
/home/davidorjuela/dev/agai-reu-pesticide/anthony/largest_leaf_crop/8-3-8_jpg.rf.78ba92d7649eceda08728ea2e06df45f.jpg,800 ppm 3 8,800,8.628,1.869713429,4.614610915,high
/home/davidorjuela/dev/agai-reu-pesticide/anthony/largest_leaf_crop/10-5-6_jpg.rf.115e193baafa59363e6e94bd2bd44b17.jpg,1000 ppm 5 6,1000,13.55,4.340120115,3.12203341,medium
/home/davidorjuela/dev/agai-reu-pesticide/anthony/largest_leaf_crop/6-5-7_jpg.rf.b7036c51cc97c166416820c3c3e37528.jpg,600 ppm 5 7,600,17.45,7.934872956,2.199153042,low
/home/davidorjuela/dev/agai-reu-pesticide/anthony/largest_leaf_crop/6-4-8_jpg.rf.25ced2e644f6a21d3cc09c242bc77057.jpg,600 ppm 4 8,600,15.7,2.821890796,5.563645491,high
/home/davidorjuela/dev/agai-reu-pesticide/anthony/largest_leaf_crop/8-1-9_jpg.rf.a7b9e23b718d85a760972b9820a80977.jpg,800 ppm 1 9,800,33.15,7.884103067,4.20466345,high
/home/davidorjuela/dev/agai-reu-pesticide/anthony/largest_leaf_crop/8-3-5_jpg.rf.4541e325fcfe2e0b42e361827c9f78a9.jpg,800 ppm 3 5,800,19.73,4.424868277,4.458889794,high
/home/davidorjuela/dev/agai-reu-pesticide/anthony/largest_leaf_crop/8-4-3_jpg.rf.e8b02c4c3847afcc417fe1600ff55db7.jpg,800 ppm 4 3,800,8.178,3.192080339,2.561965594,low
/home/davidorjuela/dev/agai-reu-pesticide/anthony/largest_leaf_crop/10-5-5_jpg.rf.35a5803ad486d7fbebde80dc3e4faf04.jpg,1000 ppm 5 5,1000,23.46,5.827874739,4.025481166,high
/home/davidorjuela/dev/agai-reu-pesticide/anthony/largest_leaf_crop/6-5-6_jpg.rf.eff17291508a7b94525afd486992598f.jpg,600 ppm 5 6,600,19.09,9.760355011,1.95587148,low
/home/davidorjuela/dev/agai-reu-pesticide/anthony/largest_leaf_crop/4-3-1_jpg.rf.5ec03b18fa34f7d8ba2add99fbf1b1c8.jpg,400 ppm 3 1,400,5.233,4.196622701,1.246955081,low
/home/davidorjuela/dev/agai-reu-pesticide/anthony/largest_leaf_crop/4-3-6_jpg.rf.8ecf5227e21a58e0defc9a485dcf04d8.jpg,400 ppm 3 6,400,5.598,4.44989472,1.25800729,low
/home/davidorjuela/dev/agai-reu-pesticide/anthony/largest_leaf_crop/6-4-10_jpg.rf.2d7599adc71ef58e7de1de856145193e.jpg,600 ppm 4 10,600,16.17,10.10916516,1.599538611,low
/home/davidorjuela/dev/agai-reu-pesticide/anthony/largest_leaf_crop/4-5-3_jpg.rf.785c3dfca725f50241be7b3968ea78a7.jpg,400 ppm 5 3,400,21.8,5.089484213,4.283341707,high
/home/davidorjuela/dev/agai-reu-pesticide/anthony/largest_leaf_crop/10-3-2_jpg.rf.85cf0db688785fdf2b93ed1a6a7744a1.jpg,1000 ppm 3 2,1000,25.19,4.873823256,5.16842706,high
/home/davidorjuela/dev/agai-reu-pesticide/anthony/largest_leaf_crop/6-1-6_jpg.rf.9ab5006fc13c2cc1842f6c3051df71a4.jpg,600 ppm 1 6,600,16.92,5.456688547,3.100781702,medium
/home/davidorjuela/dev/agai-reu-pesticide/anthony/largest_leaf_crop/10-2-8_jpg.rf.c9337dd23df09e6968730cc7ae01fc7e.jpg,1000 ppm 2 8,1000,13.19,1.478627929,8.920432073,high
/home/davidorjuela/dev/agai-reu-pesticide/anthony/largest_leaf_crop/6-1-5_jpg.rf.d63f6ae1105268ba6fd1f4f173b29604.jpg,600 ppm 1 5,600,12.32,4.77828,2.578333626,medium
/home/davidorjuela/dev/agai-reu-pesticide/anthony/largest_leaf_crop/6-1-9_jpg.rf.ba1a33937eeac3032b9ebd3b8030f7bd.jpg,600 ppm 1 9,600,13.0,5.629557632,2.309240059,low
/home/davidorjuela/dev/agai-reu-pesticide/anthony/largest_leaf_crop/6-2-2_jpg.rf.757dadfcb0f4e74b1f13544c7dfb2551.jpg,600 ppm 2 2,600,17.81,4.4662,3.987730061,high
/home/davidorjuela/dev/agai-reu-pesticide/anthony/largest_leaf_crop/10-1-6_jpg.rf.e56f1041797342d452ad5243ac6cbc4e.jpg,1000 ppm 1 6,1000,18.44,3.706443777,4.975119308,high
/home/davidorjuela/dev/agai-reu-pesticide/anthony/largest_leaf_crop/8-5-2_jpg.rf.f22959b8fedf72446a2b21589d165286.jpg,800 ppm 5 2,800,15.65,5.056164396,3.095231637,medium
/home/davidorjuela/dev/agai-reu-pesticide/anthony/largest_leaf_crop/6-5-2_jpg.rf.e45f1828cb93242c68d52cbc3ead4dd6.jpg,600 ppm 5 2,600,20.1,8.864654088,2.267431961,low
/home/davidorjuela/dev/agai-reu-pesticide/anthony/largest_leaf_crop/10-4-1_jpg.rf.c0251af9feaca1226e7ce25e595b2ab6.jpg,1000 ppm 4 1,1000,28.55,7.131069676,4.003606934,high
/home/davidorjuela/dev/agai-reu-pesticide/anthony/largest_leaf_crop/8-4-9_jpg.rf.12ca391c1e7dbfcf71d617dc5231985c.jpg,800 ppm 4 9,800,2.582,1.611809316,1.601926465,low
/home/davidorjuela/dev/agai-reu-pesticide/anthony/largest_leaf_crop/10-5-4_jpg.rf.c916dfb97282ecd1482a33cb68b6364c.jpg,1000 ppm 5 4,1000,22.32,4.558444431,4.896407171,high
/home/davidorjuela/dev/agai-reu-pesticide/anthony/largest_leaf_crop/6-2-4_jpg.rf.5eca9efb229d37e5bc5d4163e2dd5218.jpg,600 ppm 2 4,600,20.53,3.92668004,5.228335334,high
/home/davidorjuela/dev/agai-reu-pesticide/anthony/largest_leaf_crop/4-4-10_jpg.rf.ba0bf35b4e96df07eb94d155e43de1a1.jpg,400 ppm 4 10,400,9.16,3.513713871,2.606928263,medium
/home/davidorjuela/dev/agai-reu-pesticide/anthony/largest_leaf_crop/10-3-5_jpg.rf.116bdcc287fe745b7b6dacce0d196b44.jpg,1000 ppm 3 5,1000,14.28,3.998108841,3.571688657,medium
/home/davidorjuela/dev/agai-reu-pesticide/anthony/largest_leaf_crop/6-3-3_jpg.rf.d1fe53c3f8247267d884dffc8b8053c8.jpg,600 ppm 3 3,600,8.511,2.584506731,3.293084865,medium
/home/davidorjuela/dev/agai-reu-pesticide/anthony/largest_leaf_crop/6-4-7_jpg.rf.2307209e71dcb06e2b087016a5e90715.jpg,600 ppm 4 7,600,12.11,3.525967006,3.434518809,medium
/home/davidorjuela/dev/agai-reu-pesticide/anthony/largest_leaf_crop/8-1-4_jpg.rf.2eef8608adebd840bae413d9889524df.jpg,800 ppm 1 4,800,15.97,4.529010786,3.526156319,medium
/home/davidorjuela/dev/agai-reu-pesticide/anthony/largest_leaf_crop/10-1-7_jpg.rf.eff2310e644f8ab37af62ef7adff8fe5.jpg,1000 ppm 1 7,1000,16.2,1.225491879,13.21918184,high
/home/davidorjuela/dev/agai-reu-pesticide/anthony/largest_leaf_crop/10-5-8_jpg.rf.693fe763f7ab86ba75866e423b495363.jpg,1000 ppm 5 8,1000,22.34,6.256463978,3.570707045,medium
/home/davidorjuela/dev/agai-reu-pesticide/anthony/largest_leaf_crop/c2_jpg.rf.1fedf90d6dfc1693d87cc1cff39c217c.jpg,c 2,c,3.311,6.416903677,0.515980941,low
/home/davidorjuela/dev/agai-reu-pesticide/anthony/largest_leaf_crop/8-2-2_jpg.rf.0bdc10361f310652fc6e41bc02808e37.jpg,800 ppm 2 2,800,13.6,3.243367371,4.193172849,high
/home/davidorjuela/dev/agai-reu-pesticide/anthony/largest_leaf_crop/6-5-3_jpg.rf.545e87369d773dbc2feb2c50e7b37980.jpg,600 ppm 5 3,600,24.95,7.036769653,3.545661039,medium
/home/davidorjuela/dev/agai-reu-pesticide/anthony/largest_leaf_crop/10-4-4_jpg.rf.8b44c0e18c7d48d132d1b21d29bea4fc.jpg,1000 ppm 4 4,1000,32.52,6.619645143,4.912650043,high
/home/davidorjuela/dev/agai-reu-pesticide/anthony/largest_leaf_crop/4-5-9_jpg.rf.6d5b02e3c6f23dabec1c700df8fe9abb.jpg,400 ppm 5 9,400,16.64,3.365215202,4.94470606,high
/home/davidorjuela/dev/agai-reu-pesticide/anthony/largest_leaf_crop/4-2-8_jpg.rf.9c9c4caac06e1bce9ea482c5f73f3716.jpg,400 ppm 2 8,400,10.74,5.746871028,1.868843053,low
/home/davidorjuela/dev/agai-reu-pesticide/anthony/largest_leaf_crop/4-3-4_jpg.rf.f194ea6fb31f6bad1a83b5da80d36a2c.jpg,400 ppm 3 4,400,8.011,3.8081,2.103673748,low
/home/davidorjuela/dev/agai-reu-pesticide/anthony/largest_leaf_crop/10-3-4_jpg.rf.2fb7ea37a455b6350ad7774309c76f92.jpg,1000 ppm 3 4,1000,25.79,7.038409271,3.664180216,high
/home/davidorjuela/dev/agai-reu-pesticide/anthony/largest_leaf_crop/10-2-3_jpg.rf.e7ba591287d5056910c2a177d21610bb.jpg,1000 ppm 2 3,1000,23.36,7.543120523,3.096861561,medium
/home/davidorjuela/dev/agai-reu-pesticide/anthony/largest_leaf_crop/4-5-1_jpg.rf.4ea2493b40605cc38cdcd201f78de615.jpg,400 ppm 5 1,400,23.89,9.600348015,2.488451456,low
/home/davidorjuela/dev/agai-reu-pesticide/anthony/largest_leaf_crop/10-2-4_jpg.rf.4ac96f7404699129c912ce338afd8592.jpg,1000 ppm 2 4,1000,14.77,5.734239545,2.575755666,medium
/home/davidorjuela/dev/agai-reu-pesticide/anthony/largest_leaf_crop/4-1-4_jpg.rf.63258f90a5647bebbc13c7602ff95bcf.jpg,400 ppm 1 4,400,8.096,3.98388,2.032189725,low
/home/davidorjuela/dev/agai-reu-pesticide/anthony/largest_leaf_crop/10-2-2_jpg.rf.2fcec7ee5af162a62fd25a42587d632d.jpg,1000 ppm 2 2,1000,11.08,3.998668436,2.770922415,medium
/home/davidorjuela/dev/agai-reu-pesticide/anthony/largest_leaf_crop/10-4-7_jpg.rf.ab6b81613a480e3052a65a6f06b144a7.jpg,1000 ppm 4 7,1000,18.27,3.802118657,4.80521563,high
