image_path,nominal_treatment,tree_id,split
/home/davidorjuela/dev/agai-reu-pesticide/datasets/kocide_application_2025/400 ppm/IMG_9324.HEIC,400,unknown,train
/home/davidorjuela/dev/agai-reu-pesticide/datasets/kocide_application_2025/400 ppm/IMG_9238.HEIC,400,unknown,train
/home/davidorjuela/dev/agai-reu-pesticide/datasets/kocide_application_2025/800 ppm/IMG_9373.HEIC,800,unknown,train
/home/davidorjuela/dev/agai-reu-pesticide/datasets/kocide_application_2025/400 ppm/IMG_9300.HEIC,400,unknown,train
/home/davidorjuela/dev/agai-reu-pesticide/datasets/kocide_application_2025/600 ppm/20251112_113938.jpg,600,unknown,train
/home/davidorjuela/dev/agai-reu-pesticide/datasets/kocide_application_2025/800 ppm/IMG_9447.HEIC,800,unknown,train
/home/davidorjuela/dev/agai-reu-pesticide/datasets/kocide_application_2025/600 ppm/20251112_113246.jpg,600,unknown,train
/home/davidorjuela/dev/agai-reu-pesticide/datasets/kocide_application_2025/800 ppm/IMG_9423.HEIC,800,unknown,train
/home/davidorjuela/dev/agai-reu-pesticide/datasets/kocide_application_2025/600 ppm/20251112_112602.jpg,600,unknown,train
/home/davidorjuela/dev/agai-reu-pesticide/datasets/kocide_application_2025/600 ppm/20251112_113131.jpg,600,unknown,train
/home/davidorjuela/dev/agai-reu-pesticide/datasets/kocide_application_2025/600 ppm/20251112_113053.jpg,600,unknown,train
/home/davidorjuela/dev/agai-reu-pesticide/datasets/kocide_application_2025/600 ppm/20251112_113135.jpg,600,unknown,train
/home/davidorjuela/dev/agai-reu-pesticide/datasets/kocide_application_2025/1000 ppm/IMG_9487.HEIC,1000,unknown,train
/home/davidorjuela/dev/agai-reu-pesticide/datasets/kocide_application_2025/600 ppm/20251112_113612.jpg,600,unknown,train
/home/davidorjuela/dev/agai-reu-pesticide/datasets/kocide_application_2025/1000 ppm/20251112_114956.jpg,1000,unknown,train
/home/davidorjuela/dev/agai-reu-pesticide/datasets/kocide_application_2025/600 ppm/20251112_113128.jpg,600,unknown,train
/home/davidorjuela/dev/agai-reu-pesticide/datasets/kocide_application_2025/1000 ppm/20251112_114947.jpg,1000,unknown,train
/home/davidorjuela/dev/agai-reu-pesticide/datasets/kocide_application_2025/600 ppm/20251112_113500.jpg,600,unknown,train
/home/davidorjuela/dev/agai-reu-pesticide/datasets/kocide_application_2025/1000 ppm/20251112_114721.jpg,1000,unknown,train
/home/davidorjuela/dev/agai-reu-pesticide/datasets/kocide_application_2025/1000 ppm/IMG_9485.HEIC,1000,unknown,train
/home/davidorjuela/dev/agai-reu-pesticide/datasets/kocide_application_2025/1000 ppm/20251112_114517.jpg,1000,unknown,train
/home/davidorjuela/dev/agai-reu-pesticide/datasets/kocide_application_2025/400 ppm/IMG_9319.HEIC,400,unknown,train
/home/davidorjuela/dev/agai-reu-pesticide/datasets/kocide_application_2025/600 ppm/20251112_113527.jpg,600,unknown,train
/home/davidorjuela/dev/agai-reu-pesticide/datasets/kocide_application_2025/1000 ppm/20251112_114640.jpg,1000,unknown,train
/home/davidorjuela/dev/agai-reu-pesticide/datasets/kocide_application_2025/400 ppm/IMG_9311.HEIC,400,unknown,train
/home/davidorjuela/dev/agai-reu-pesticide/datasets/kocide_application_2025/400 ppm/IMG_9241.HEIC,400,unknown,train
/home/davidorjuela/dev/agai-reu-pesticide/datasets/kocide_application_2025/400 ppm/IMG_9341.HEIC,400,unknown,train
/home/davidorjuela/dev/agai-reu-pesticide/datasets/kocide_application_2025/1000 ppm/IMG_9525.HEIC,1000,unknown,train
/home/davidorjuela/dev/agai-reu-pesticide/datasets/kocide_application_2025/800 ppm/IMG_9458.HEIC,800,unknown,train
/home/davidorjuela/dev/agai-reu-pesticide/datasets/kocide_application_2025/600 ppm/20251112_112900.jpg,600,unknown,train
/home/davidorjuela/dev/agai-reu-pesticide/datasets/kocide_application_2025/600 ppm/20251112_114217.jpg,600,unknown,train
/home/davidorjuela/dev/agai-reu-pesticide/datasets/kocide_application_2025/1000 ppm/20251112_114314.jpg,1000,unknown,train
/home/davidorjuela/dev/agai-reu-pesticide/datasets/kocide_application_2025/800 ppm/IMG_9402.HEIC,800,unknown,train
/home/davidorjuela/dev/agai-reu-pesticide/datasets/kocide_application_2025/800 ppm/IMG_9456.HEIC,800,unknown,train
/home/davidorjuela/dev/agai-reu-pesticide/datasets/kocide_application_2025/1000 ppm/20251112_114549.jpg,1000,unknown,train
/home/davidorjuela/dev/agai-reu-pesticide/datasets/kocide_application_2025/400 ppm/IMG_9265.HEIC,400,unknown,train
/home/davidorjuela/dev/agai-reu-pesticide/datasets/kocide_application_2025/1000 ppm/IMG_9520.HEIC,1000,unknown,train
/home/davidorjuela/dev/agai-reu-pesticide/datasets/kocide_application_2025/600 ppm/20251112_112941.jpg,600,unknown,train
/home/davidorjuela/dev/agai-reu-pesticide/datasets/kocide_application_2025/1000 ppm/20251112_114503.jpg,1000,unknown,train
/home/davidorjuela/dev/agai-reu-pesticide/datasets/kocide_application_2025/600 ppm/20251112_113443.jpg,600,unknown,train
/home/davidorjuela/dev/agai-reu-pesticide/datasets/kocide_application_2025/600 ppm/20251112_113346.jpg,600,unknown,train
/home/davidorjuela/dev/agai-reu-pesticide/datasets/kocide_application_2025/600 ppm/20251112_113226.jpg,600,unknown,train
/home/davidorjuela/dev/agai-reu-pesticide/datasets/kocide_application_2025/1000 ppm/IMG_9461.HEIC,1000,unknown,train
/home/davidorjuela/dev/agai-reu-pesticide/datasets/kocide_application_2025/800 ppm/IMG_9413.HEIC,800,unknown,train
/home/davidorjuela/dev/agai-reu-pesticide/datasets/kocide_application_2025/1000 ppm/IMG_9519.HEIC,1000,unknown,train
/home/davidorjuela/dev/agai-reu-pesticide/datasets/kocide_application_2025/600 ppm/20251112_113807.jpg,600,unknown,train
/home/davidorjuela/dev/agai-reu-pesticide/datasets/kocide_application_2025/400 ppm/IMG_9236.HEIC,400,unknown,train
/home/davidorjuela/dev/agai-reu-pesticide/datasets/kocide_application_2025/1000 ppm/20251112_114342.jpg,1000,unknown,train
/home/davidorjuela/dev/agai-reu-pesticide/datasets/kocide_application_2025/600 ppm/20251112_114008.jpg,600,unknown,train
/home/davidorjuela/dev/agai-reu-pesticide/datasets/kocide_application_2025/1000 ppm/20251112_114355.jpg,1000,unknown,train
/home/davidorjuela/dev/agai-reu-pesticide/datasets/kocide_application_2025/1000 ppm/20251112_114251.jpg,1000,unknown,train
/home/davidorjuela/dev/agai-reu-pesticide/datasets/kocide_application_2025/400 ppm/IMG_9335.HEIC,400,unknown,train
/home/davidorjuela/dev/agai-reu-pesticide/datasets/kocide_application_2025/800 ppm/IMG_9426.HEIC,800,unknown,train
/home/davidorjuela/dev/agai-reu-pesticide/datasets/kocide_application_2025/600 ppm/20251112_112955.jpg,600,unknown,train
/home/davidorjuela/dev/agai-reu-pesticide/datasets/kocide_application_2025/400 ppm/IMG_9229.HEIC,400,unknown,train
/home/davidorjuela/dev/agai-reu-pesticide/datasets/kocide_application_2025/600 ppm/20251112_113654.jpg,600,unknown,train
/home/davidorjuela/dev/agai-reu-pesticide/datasets/kocide_application_2025/400 ppm/IMG_9328.HEIC,400,unknown,train
/home/davidorjuela/dev/agai-reu-pesticide/datasets/kocide_application_2025/1000 ppm/IMG_9498.HEIC,1000,unknown,train
/home/davidorjuela/dev/agai-reu-pesticide/datasets/kocide_application_2025/600 ppm/20251112_113414.jpg,600,unknown,train
/home/davidorjuela/dev/agai-reu-pesticide/datasets/kocide_application_2025/600 ppm/20251112_113623.jpg,600,unknown,train
/home/davidorjuela/dev/agai-reu-pesticide/datasets/kocide_application_2025/600 ppm/20251112_113153.jpg,600,unknown,train
/home/davidorjuela/dev/agai-reu-pesticide/datasets/kocide_application_2025/800 ppm/IMG_9437.HEIC,800,unknown,train
/home/davidorjuela/dev/agai-reu-pesticide/datasets/kocide_application_2025/1000 ppm/IMG_9492.HEIC,1000,unknown,train
/home/davidorjuela/dev/agai-reu-pesticide/datasets/kocide_application_2025/600 ppm/20251112_113756.jpg,600,unknown,train
/home/davidorjuela/dev/agai-reu-pesticide/datasets/kocide_application_2025/600 ppm/20251112_112727.jpg,600,unknown,train
/home/davidorjuela/dev/agai-reu-pesticide/datasets/kocide_application_2025/400 ppm/IMG_9240.HEIC,400,unknown,train
/home/davidorjuela/dev/agai-reu-pesticide/datasets/kocide_application_2025/1000 ppm/IMG_9517.HEIC,1000,unknown,train
/home/davidorjuela/dev/agai-reu-pesticide/datasets/kocide_application_2025/400 ppm/IMG_9291.HEIC,400,unknown,train
/home/davidorjuela/dev/agai-reu-pesticide/datasets/kocide_application_2025/400 ppm/IMG_9280.HEIC,400,unknown,train
/home/davidorjuela/dev/agai-reu-pesticide/datasets/kocide_application_2025/1000 ppm/IMG_9524.HEIC,1000,unknown,train
/home/davidorjuela/dev/agai-reu-pesticide/datasets/kocide_application_2025/1000 ppm/20251112_114520.jpg,1000,unknown,train
/home/davidorjuela/dev/agai-reu-pesticide/datasets/kocide_application_2025/600 ppm/20251112_113456.jpg,600,unknown,train
/home/davidorjuela/dev/agai-reu-pesticide/datasets/kocide_application_2025/800 ppm/IMG_9366.HEIC,800,unknown,train
/home/davidorjuela/dev/agai-reu-pesticide/datasets/kocide_application_2025/1000 ppm/20251112_114959.jpg,1000,unknown,train
/home/davidorjuela/dev/agai-reu-pesticide/datasets/kocide_application_2025/600 ppm/20251112_113234.jpg,600,unknown,train
/home/davidorjuela/dev/agai-reu-pesticide/datasets/kocide_application_2025/800 ppm/IMG_9398.HEIC,800,unknown,train
/home/davidorjuela/dev/agai-reu-pesticide/datasets/kocide_application_2025/400 ppm/IMG_9257.HEIC,400,unknown,train
/home/davidorjuela/dev/agai-reu-pesticide/datasets/kocide_application_2025/600 ppm/20251112_113405.jpg,600,unknown,train
/home/davidorjuela/dev/agai-reu-pesticide/datasets/kocide_application_2025/600 ppm/20251112_113738.jpg,600,unknown,train
/home/davidorjuela/dev/agai-reu-pesticide/datasets/kocide_application_2025/400 ppm/IMG_9298.HEIC,400,unknown,train
/home/davidorjuela/dev/agai-reu-pesticide/datasets/kocide_application_2025/1000 ppm/IMG_9466.HEIC,1000,unknown,train
/home/davidorjuela/dev/agai-reu-pesticide/datasets/kocide_application_2025/400 ppm/IMG_9273.HEIC,400,unknown,train
/home/davidorjuela/dev/agai-reu-pesticide/datasets/kocide_application_2025/400 ppm/IMG_9287.HEIC,400,unknown,train
/home/davidorjuela/dev/agai-reu-pesticide/datasets/kocide_application_2025/1000 ppm/20251112_114559.jpg,1000,unknown,train
/home/davidorjuela/dev/agai-reu-pesticide/datasets/kocide_application_2025/400 ppm/IMG_9243.HEIC,400,unknown,train
/home/davidorjuela/dev/agai-reu-pesticide/datasets/kocide_application_2025/800 ppm/IMG_9386.HEIC,800,unknown,train
/home/davidorjuela/dev/agai-reu-pesticide/datasets/kocide_application_2025/1000 ppm/20251112_114829.jpg,1000,unknown,train
/home/davidorjuela/dev/agai-reu-pesticide/datasets/kocide_application_2025/1000 ppm/20251112_114411.jpg,1000,unknown,train
/home/davidorjuela/dev/agai-reu-pesticide/datasets/kocide_application_2025/600 ppm/20251112_113218.jpg,600,unknown,train
/home/davidorjuela/dev/agai-reu-pesticide/datasets/kocide_application_2025/1000 ppm/20251112_114555.jpg,1000,unknown,train
/home/davidorjuela/dev/agai-reu-pesticide/datasets/kocide_application_2025/600 ppm/20251112_113310.jpg,600,unknown,train
/home/davidorjuela/dev/agai-reu-pesticide/datasets/kocide_application_2025/1000 ppm/20251112_114459.jpg,1000,unknown,train
/home/davidorjuela/dev/agai-reu-pesticide/datasets/kocide_application_2025/800 ppm/IMG_9419.HEIC,800,unknown,train
/home/davidorjuela/dev/agai-reu-pesticide/datasets/kocide_application_2025/400 ppm/IMG_9295.HEIC,400,unknown,train
/home/davidorjuela/dev/agai-reu-pesticide/datasets/kocide_application_2025/800 ppm/IMG_9343.HEIC,800,unknown,train
/home/davidorjuela/dev/agai-reu-pesticide/datasets/kocide_application_2025/400 ppm/IMG_9322.HEIC,400,unknown,train
/home/davidorjuela/dev/agai-reu-pesticide/datasets/kocide_application_2025/600 ppm/20251112_113706.jpg,600,unknown,train
/home/davidorjuela/dev/agai-reu-pesticide/datasets/kocide_application_2025/1000 ppm/IMG_9522.HEIC,1000,unknown,train
/home/davidorjuela/dev/agai-reu-pesticide/datasets/kocide_application_2025/800 ppm/IMG_9360.HEIC,800,unknown,train
/home/davidorjuela/dev/agai-reu-pesticide/datasets/kocide_application_2025/1000 ppm/IMG_9540.HEIC,1000,unknown,train
/home/davidorjuela/dev/agai-reu-pesticide/datasets/kocide_application_2025/600 ppm/20251112_113432.jpg,600,unknown,train
/home/davidorjuela/dev/agai-reu-pesticide/datasets/kocide_application_2025/1000 ppm/20251112_114931.jpg,1000,unknown,train
/home/davidorjuela/dev/agai-reu-pesticide/datasets/kocide_application_2025/600 ppm/20251112_113336.jpg,600,unknown,train
/home/davidorjuela/dev/agai-reu-pesticide/datasets/kocide_application_2025/1000 ppm/IMG_9515.HEIC,1000,unknown,train
/home/davidorjuela/dev/agai-reu-pesticide/datasets/kocide_application_2025/600 ppm/20251112_112824.jpg,600,unknown,train
/home/davidorjuela/dev/agai-reu-pesticide/datasets/kocide_application_2025/600 ppm/20251112_114052.jpg,600,unknown,train
/home/davidorjuela/dev/agai-reu-pesticide/datasets/kocide_application_2025/800 ppm/IMG_9439.HEIC,800,unknown,train
/home/davidorjuela/dev/agai-reu-pesticide/datasets/kocide_application_2025/1000 ppm/20251112_114755.jpg,1000,unknown,train
/home/davidorjuela/dev/agai-reu-pesticide/datasets/kocide_application_2025/600 ppm/20251112_114140.jpg,600,unknown,train
/home/davidorjuela/dev/agai-reu-pesticide/datasets/kocide_application_2025/800 ppm/IMG_9425.HEIC,800,unknown,train
/home/davidorjuela/dev/agai-reu-pesticide/datasets/kocide_application_2025/600 ppm/20251112_113350.jpg,600,unknown,train
/home/davidorjuela/dev/agai-reu-pesticide/datasets/kocide_application_2025/1000 ppm/20251112_114258.jpg,1000,unknown,train
/home/davidorjuela/dev/agai-reu-pesticide/datasets/kocide_application_2025/1000 ppm/IMG_9528.HEIC,1000,unknown,train
/home/davidorjuela/dev/agai-reu-pesticide/datasets/kocide_application_2025/400 ppm/IMG_9264.HEIC,400,unknown,train
/home/davidorjuela/dev/agai-reu-pesticide/datasets/kocide_application_2025/400 ppm/IMG_9330.HEIC,400,unknown,train
/home/davidorjuela/dev/agai-reu-pesticide/datasets/kocide_application_2025/600 ppm/20251112_113012.jpg,600,unknown,train
/home/davidorjuela/dev/agai-reu-pesticide/datasets/kocide_application_2025/800 ppm/IMG_9374.HEIC,800,unknown,train
/home/davidorjuela/dev/agai-reu-pesticide/datasets/kocide_application_2025/1000 ppm/IMG_9482.HEIC,1000,unknown,train
/home/davidorjuela/dev/agai-reu-pesticide/datasets/kocide_application_2025/1000 ppm/IMG_9504.HEIC,1000,unknown,train
/home/davidorjuela/dev/agai-reu-pesticide/datasets/kocide_application_2025/600 ppm/20251112_114021.jpg,600,unknown,train
/home/davidorjuela/dev/agai-reu-pesticide/datasets/kocide_application_2025/800 ppm/IMG_9440.HEIC,800,unknown,train
/home/davidorjuela/dev/agai-reu-pesticide/datasets/kocide_application_2025/400 ppm/IMG_9278.HEIC,400,unknown,train
/home/davidorjuela/dev/agai-reu-pesticide/datasets/kocide_application_2025/600 ppm/20251112_113156.jpg,600,unknown,train
/home/davidorjuela/dev/agai-reu-pesticide/datasets/kocide_application_2025/1000 ppm/IMG_9499.HEIC,1000,unknown,train
/home/davidorjuela/dev/agai-reu-pesticide/datasets/kocide_application_2025/800 ppm/IMG_9356.HEIC,800,unknown,train
/home/davidorjuela/dev/agai-reu-pesticide/datasets/kocide_application_2025/1000 ppm/IMG_9467.HEIC,1000,unknown,train
/home/davidorjuela/dev/agai-reu-pesticide/datasets/kocide_application_2025/400 ppm/IMG_9267.HEIC,400,unknown,train
/home/davidorjuela/dev/agai-reu-pesticide/datasets/kocide_application_2025/600 ppm/20251112_112605.jpg,600,unknown,train
/home/davidorjuela/dev/agai-reu-pesticide/datasets/kocide_application_2025/1000 ppm/IMG_9507.HEIC,1000,unknown,train
/home/davidorjuela/dev/agai-reu-pesticide/datasets/kocide_application_2025/600 ppm/20251112_112918.jpg,600,unknown,train
/home/davidorjuela/dev/agai-reu-pesticide/datasets/kocide_application_2025/800 ppm/IMG_9348.HEIC,800,unknown,train
/home/davidorjuela/dev/agai-reu-pesticide/datasets/kocide_application_2025/400 ppm/IMG_9310.HEIC,400,unknown,train
/home/davidorjuela/dev/agai-reu-pesticide/datasets/kocide_application_2025/1000 ppm/20251112_114953.jpg,1000,unknown,train
/home/davidorjuela/dev/agai-reu-pesticide/datasets/kocide_application_2025/800 ppm/IMG_9407.HEIC,800,unknown,train
/home/davidorjuela/dev/agai-reu-pesticide/datasets/kocide_application_2025/800 ppm/IMG_9421.HEIC,800,unknown,train
/home/davidorjuela/dev/agai-reu-pesticide/datasets/kocide_application_2025/400 ppm/IMG_9289.HEIC,400,unknown,train
/home/davidorjuela/dev/agai-reu-pesticide/datasets/kocide_application_2025/600 ppm/20251112_113803.jpg,600,unknown,train
/home/davidorjuela/dev/agai-reu-pesticide/datasets/kocide_application_2025/1000 ppm/20251112_114833.jpg,1000,unknown,train
/home/davidorjuela/dev/agai-reu-pesticide/datasets/kocide_application_2025/600 ppm/20251112_112835.jpg,600,unknown,train
/home/davidorjuela/dev/agai-reu-pesticide/datasets/kocide_application_2025/600 ppm/20251112_112951.jpg,600,unknown,train
/home/davidorjuela/dev/agai-reu-pesticide/datasets/kocide_application_2025/1000 ppm/IMG_9481.HEIC,1000,unknown,train
/home/davidorjuela/dev/agai-reu-pesticide/datasets/kocide_application_2025/800 ppm/IMG_9406.HEIC,800,unknown,train
/home/davidorjuela/dev/agai-reu-pesticide/datasets/kocide_application_2025/800 ppm/IMG_9385.HEIC,800,unknown,train
/home/davidorjuela/dev/agai-reu-pesticide/datasets/kocide_application_2025/1000 ppm/IMG_9491.HEIC,1000,unknown,train
/home/davidorjuela/dev/agai-reu-pesticide/datasets/kocide_application_2025/800 ppm/IMG_9388.HEIC,800,unknown,train
/home/davidorjuela/dev/agai-reu-pesticide/datasets/kocide_application_2025/600 ppm/20251112_113740.jpg,600,unknown,train
/home/davidorjuela/dev/agai-reu-pesticide/datasets/kocide_application_2025/600 ppm/20251112_114033.jpg,600,unknown,train
/home/davidorjuela/dev/agai-reu-pesticide/datasets/kocide_application_2025/400 ppm/IMG_9284.HEIC,400,unknown,train
/home/davidorjuela/dev/agai-reu-pesticide/datasets/kocide_application_2025/800 ppm/IMG_9344.HEIC,800,unknown,train
/home/davidorjuela/dev/agai-reu-pesticide/datasets/kocide_application_2025/1000 ppm/20251112_114733.jpg,1000,unknown,train
/home/davidorjuela/dev/agai-reu-pesticide/datasets/kocide_application_2025/400 ppm/IMG_9270.HEIC,400,unknown,train
/home/davidorjuela/dev/agai-reu-pesticide/datasets/kocide_application_2025/600 ppm/20251112_112906.jpg,600,unknown,train
/home/davidorjuela/dev/agai-reu-pesticide/datasets/kocide_application_2025/600 ppm/20251112_113358.jpg,600,unknown,train
/home/davidorjuela/dev/agai-reu-pesticide/datasets/kocide_application_2025/400 ppm/IMG_9339.HEIC,400,unknown,train
/home/davidorjuela/dev/agai-reu-pesticide/datasets/kocide_application_2025/1000 ppm/IMG_9534.HEIC,1000,unknown,train
/home/davidorjuela/dev/agai-reu-pesticide/datasets/kocide_application_2025/400 ppm/IMG_9297.HEIC,400,unknown,train
/home/davidorjuela/dev/agai-reu-pesticide/datasets/kocide_application_2025/600 ppm/20251112_113924.jpg,600,unknown,train
/home/davidorjuela/dev/agai-reu-pesticide/datasets/kocide_application_2025/1000 ppm/20251112_114923.jpg,1000,unknown,train
/home/davidorjuela/dev/agai-reu-pesticide/datasets/kocide_application_2025/600 ppm/20251112_113453.jpg,600,unknown,train
/home/davidorjuela/dev/agai-reu-pesticide/datasets/kocide_application_2025/800 ppm/IMG_9377.HEIC,800,unknown,train
/home/davidorjuela/dev/agai-reu-pesticide/datasets/kocide_application_2025/1000 ppm/IMG_9510.HEIC,1000,unknown,train
/home/davidorjuela/dev/agai-reu-pesticide/datasets/kocide_application_2025/400 ppm/IMG_9242.HEIC,400,unknown,train
/home/davidorjuela/dev/agai-reu-pesticide/datasets/kocide_application_2025/600 ppm/20251112_112713.jpg,600,unknown,train
/home/davidorjuela/dev/agai-reu-pesticide/datasets/kocide_application_2025/600 ppm/20251112_113830.jpg,600,unknown,train
/home/davidorjuela/dev/agai-reu-pesticide/datasets/kocide_application_2025/1000 ppm/20251112_114527.jpg,1000,unknown,train
/home/davidorjuela/dev/agai-reu-pesticide/datasets/kocide_application_2025/600 ppm/20251112_112634.jpg,600,unknown,train
/home/davidorjuela/dev/agai-reu-pesticide/datasets/kocide_application_2025/1000 ppm/IMG_9494.HEIC,1000,unknown,train
/home/davidorjuela/dev/agai-reu-pesticide/datasets/kocide_application_2025/1000 ppm/IMG_9500.HEIC,1000,unknown,train
/home/davidorjuela/dev/agai-reu-pesticide/datasets/kocide_application_2025/1000 ppm/IMG_9505.HEIC,1000,unknown,train
/home/davidorjuela/dev/agai-reu-pesticide/datasets/kocide_application_2025/1000 ppm/IMG_9463.HEIC,1000,unknown,train
/home/davidorjuela/dev/agai-reu-pesticide/datasets/kocide_application_2025/600 ppm/20251112_113031.jpg,600,unknown,train
/home/davidorjuela/dev/agai-reu-pesticide/datasets/kocide_application_2025/1000 ppm/20251112_114326.jpg,1000,unknown,train
/home/davidorjuela/dev/agai-reu-pesticide/datasets/kocide_application_2025/1000 ppm/IMG_9497.HEIC,1000,unknown,train
/home/davidorjuela/dev/agai-reu-pesticide/datasets/kocide_application_2025/400 ppm/IMG_9262.HEIC,400,unknown,train
/home/davidorjuela/dev/agai-reu-pesticide/datasets/kocide_application_2025/1000 ppm/IMG_9509.HEIC,1000,unknown,train
/home/davidorjuela/dev/agai-reu-pesticide/datasets/kocide_application_2025/600 ppm/20251112_113949.jpg,600,unknown,train
/home/davidorjuela/dev/agai-reu-pesticide/datasets/kocide_application_2025/600 ppm/20251112_113037.jpg,600,unknown,train
/home/davidorjuela/dev/agai-reu-pesticide/datasets/kocide_application_2025/600 ppm/20251112_114228.jpg,600,unknown,train
/home/davidorjuela/dev/agai-reu-pesticide/datasets/kocide_application_2025/800 ppm/IMG_9391.HEIC,800,unknown,train
/home/davidorjuela/dev/agai-reu-pesticide/datasets/kocide_application_2025/600 ppm/20251112_114156.jpg,600,unknown,train
/home/davidorjuela/dev/agai-reu-pesticide/datasets/kocide_application_2025/800 ppm/IMG_9409.HEIC,800,unknown,train
/home/davidorjuela/dev/agai-reu-pesticide/datasets/kocide_application_2025/600 ppm/20251112_112926.jpg,600,unknown,train
/home/davidorjuela/dev/agai-reu-pesticide/datasets/kocide_application_2025/800 ppm/IMG_9442.HEIC,800,unknown,train
/home/davidorjuela/dev/agai-reu-pesticide/datasets/kocide_application_2025/600 ppm/20251112_114048.jpg,600,unknown,train
/home/davidorjuela/dev/agai-reu-pesticide/datasets/kocide_application_2025/1000 ppm/20251112_114402.jpg,1000,unknown,train
/home/davidorjuela/dev/agai-reu-pesticide/datasets/kocide_application_2025/800 ppm/IMG_9400.HEIC,800,unknown,train
/home/davidorjuela/dev/agai-reu-pesticide/datasets/kocide_application_2025/800 ppm/IMG_9446.HEIC,800,unknown,train
/home/davidorjuela/dev/agai-reu-pesticide/datasets/kocide_application_2025/1000 ppm/IMG_9514.HEIC,1000,unknown,train
/home/davidorjuela/dev/agai-reu-pesticide/datasets/kocide_application_2025/600 ppm/20251112_113148.jpg,600,unknown,train
/home/davidorjuela/dev/agai-reu-pesticide/datasets/kocide_application_2025/1000 ppm/20251112_114414.jpg,1000,unknown,train
/home/davidorjuela/dev/agai-reu-pesticide/datasets/kocide_application_2025/600 ppm/20251112_112922.jpg,600,unknown,train
/home/davidorjuela/dev/agai-reu-pesticide/datasets/kocide_application_2025/600 ppm/20251112_113214.jpg,600,unknown,train
/home/davidorjuela/dev/agai-reu-pesticide/datasets/kocide_application_2025/600 ppm/20251112_113057.jpg,600,unknown,train
/home/davidorjuela/dev/agai-reu-pesticide/datasets/kocide_application_2025/1000 ppm/20251112_114545.jpg,1000,unknown,train
/home/davidorjuela/dev/agai-reu-pesticide/datasets/kocide_application_2025/600 ppm/20251112_113332.jpg,600,unknown,train
/home/davidorjuela/dev/agai-reu-pesticide/datasets/kocide_application_2025/800 ppm/IMG_9379.HEIC,800,unknown,train
/home/davidorjuela/dev/agai-reu-pesticide/datasets/kocide_application_2025/1000 ppm/20251112_114625.jpg,1000,unknown,train
/home/davidorjuela/dev/agai-reu-pesticide/datasets/kocide_application_2025/400 ppm/IMG_9285.HEIC,400,unknown,train
/home/davidorjuela/dev/agai-reu-pesticide/datasets/kocide_application_2025/600 ppm/20251112_114129.jpg,600,unknown,train
/home/davidorjuela/dev/agai-reu-pesticide/datasets/kocide_application_2025/1000 ppm/20251112_114851.jpg,1000,unknown,train
/home/davidorjuela/dev/agai-reu-pesticide/datasets/kocide_application_2025/400 ppm/IMG_9307.HEIC,400,unknown,train
/home/davidorjuela/dev/agai-reu-pesticide/datasets/kocide_application_2025/800 ppm/IMG_9361.HEIC,800,unknown,train
/home/davidorjuela/dev/agai-reu-pesticide/datasets/kocide_application_2025/600 ppm/20251112_113216.jpg,600,unknown,train
/home/davidorjuela/dev/agai-reu-pesticide/datasets/kocide_application_2025/400 ppm/IMG_9277.HEIC,400,unknown,train
/home/davidorjuela/dev/agai-reu-pesticide/datasets/kocide_application_2025/1000 ppm/IMG_9512.HEIC,1000,unknown,train
/home/davidorjuela/dev/agai-reu-pesticide/datasets/kocide_application_2025/600 ppm/20251112_112741.jpg,600,unknown,train
/home/davidorjuela/dev/agai-reu-pesticide/datasets/kocide_application_2025/800 ppm/IMG_9441.HEIC,800,unknown,train
/home/davidorjuela/dev/agai-reu-pesticide/datasets/kocide_application_2025/800 ppm/IMG_9429.HEIC,800,unknown,train
/home/davidorjuela/dev/agai-reu-pesticide/datasets/kocide_application_2025/600 ppm/20251112_112627.jpg,600,unknown,train
/home/davidorjuela/dev/agai-reu-pesticide/datasets/kocide_application_2025/800 ppm/IMG_9367.HEIC,800,unknown,train
/home/davidorjuela/dev/agai-reu-pesticide/datasets/kocide_application_2025/600 ppm/20251112_113633.jpg,600,unknown,train
/home/davidorjuela/dev/agai-reu-pesticide/datasets/kocide_application_2025/800 ppm/IMG_9383.HEIC,800,unknown,train
/home/davidorjuela/dev/agai-reu-pesticide/datasets/kocide_application_2025/400 ppm/IMG_9331.HEIC,400,unknown,train
/home/davidorjuela/dev/agai-reu-pesticide/datasets/kocide_application_2025/800 ppm/IMG_9346.HEIC,800,unknown,train
/home/davidorjuela/dev/agai-reu-pesticide/datasets/kocide_application_2025/1000 ppm/20251112_114524.jpg,1000,unknown,train
/home/davidorjuela/dev/agai-reu-pesticide/datasets/kocide_application_2025/1000 ppm/20251112_114621.jpg,1000,unknown,train
/home/davidorjuela/dev/agai-reu-pesticide/datasets/kocide_application_2025/600 ppm/20251112_112842.jpg,600,unknown,train
/home/davidorjuela/dev/agai-reu-pesticide/datasets/kocide_application_2025/1000 ppm/20251112_114443.jpg,1000,unknown,train
/home/davidorjuela/dev/agai-reu-pesticide/datasets/kocide_application_2025/800 ppm/IMG_9450.HEIC,800,unknown,train
/home/davidorjuela/dev/agai-reu-pesticide/datasets/kocide_application_2025/600 ppm/20251112_113816.jpg,600,unknown,train
/home/davidorjuela/dev/agai-reu-pesticide/datasets/kocide_application_2025/800 ppm/IMG_9350.HEIC,800,unknown,train
/home/davidorjuela/dev/agai-reu-pesticide/datasets/kocide_application_2025/600 ppm/20251112_112734.jpg,600,unknown,train
/home/davidorjuela/dev/agai-reu-pesticide/datasets/kocide_application_2025/600 ppm/20251112_112738.jpg,600,unknown,train
/home/davidorjuela/dev/agai-reu-pesticide/datasets/kocide_application_2025/600 ppm/20251112_113305.jpg,600,unknown,train
/home/davidorjuela/dev/agai-reu-pesticide/datasets/kocide_application_2025/800 ppm/IMG_9376.HEIC,800,unknown,train
/home/davidorjuela/dev/agai-reu-pesticide/datasets/kocide_application_2025/600 ppm/20251112_113505.jpg,600,unknown,train
/home/davidorjuela/dev/agai-reu-pesticide/datasets/kocide_application_2025/1000 ppm/20251112_114941.jpg,1000,unknown,train
/home/davidorjuela/dev/agai-reu-pesticide/datasets/kocide_application_2025/1000 ppm/20251112_114435.jpg,1000,unknown,train
/home/davidorjuela/dev/agai-reu-pesticide/datasets/kocide_application_2025/800 ppm/IMG_9454.HEIC,800,unknown,train
/home/davidorjuela/dev/agai-reu-pesticide/datasets/kocide_application_2025/600 ppm/20251112_113733.jpg,600,unknown,train
/home/davidorjuela/dev/agai-reu-pesticide/datasets/kocide_application_2025/400 ppm/IMG_9253.HEIC,400,unknown,train
/home/davidorjuela/dev/agai-reu-pesticide/datasets/kocide_application_2025/400 ppm/IMG_9245.HEIC,400,unknown,train
/home/davidorjuela/dev/agai-reu-pesticide/datasets/kocide_application_2025/800 ppm/IMG_9363.HEIC,800,unknown,train
/home/davidorjuela/dev/agai-reu-pesticide/datasets/kocide_application_2025/800 ppm/IMG_9433.HEIC,800,unknown,train
/home/davidorjuela/dev/agai-reu-pesticide/datasets/kocide_application_2025/600 ppm/20251112_112708.jpg,600,unknown,train
/home/davidorjuela/dev/agai-reu-pesticide/datasets/kocide_application_2025/1000 ppm/20251112_114439.jpg,1000,unknown,train
/home/davidorjuela/dev/agai-reu-pesticide/datasets/kocide_application_2025/600 ppm/20251112_113204.jpg,600,unknown,train
/home/davidorjuela/dev/agai-reu-pesticide/datasets/kocide_application_2025/1000 ppm/20251112_114309.jpg,1000,unknown,train
/home/davidorjuela/dev/agai-reu-pesticide/datasets/kocide_application_2025/600 ppm/20251112_114206.jpg,600,unknown,train
/home/davidorjuela/dev/agai-reu-pesticide/datasets/kocide_application_2025/600 ppm/20251112_114101.jpg,600,unknown,train
/home/davidorjuela/dev/agai-reu-pesticide/datasets/kocide_application_2025/400 ppm/IMG_9226.HEIC,400,unknown,train
/home/davidorjuela/dev/agai-reu-pesticide/datasets/kocide_application_2025/400 ppm/IMG_9303.HEIC,400,unknown,train
/home/davidorjuela/dev/agai-reu-pesticide/datasets/kocide_application_2025/400 ppm/IMG_9269.HEIC,400,unknown,train
/home/davidorjuela/dev/agai-reu-pesticide/datasets/kocide_application_2025/1000 ppm/IMG_9533.HEIC,1000,unknown,train
/home/davidorjuela/dev/agai-reu-pesticide/datasets/kocide_application_2025/600 ppm/20251112_113230.jpg,600,unknown,train
/home/davidorjuela/dev/agai-reu-pesticide/datasets/kocide_application_2025/800 ppm/IMG_9369.HEIC,800,unknown,train
/home/davidorjuela/dev/agai-reu-pesticide/datasets/kocide_application_2025/400 ppm/IMG_9250.HEIC,400,unknown,train
/home/davidorjuela/dev/agai-reu-pesticide/datasets/kocide_application_2025/800 ppm/IMG_9438.HEIC,800,unknown,train
/home/davidorjuela/dev/agai-reu-pesticide/datasets/kocide_application_2025/1000 ppm/20251112_114552.jpg,1000,unknown,train
/home/davidorjuela/dev/agai-reu-pesticide/datasets/kocide_application_2025/1000 ppm/20251112_114710.jpg,1000,unknown,train
/home/davidorjuela/dev/agai-reu-pesticide/datasets/kocide_application_2025/800 ppm/IMG_9349.HEIC,800,unknown,train
/home/davidorjuela/dev/agai-reu-pesticide/datasets/kocide_application_2025/600 ppm/20251112_112800.jpg,600,unknown,train
/home/davidorjuela/dev/agai-reu-pesticide/datasets/kocide_application_2025/1000 ppm/20251112_114431.jpg,1000,unknown,train
/home/davidorjuela/dev/agai-reu-pesticide/datasets/kocide_application_2025/1000 ppm/IMG_9465.HEIC,1000,unknown,train
/home/davidorjuela/dev/agai-reu-pesticide/datasets/kocide_application_2025/400 ppm/IMG_9248.HEIC,400,unknown,train
/home/davidorjuela/dev/agai-reu-pesticide/datasets/kocide_application_2025/600 ppm/20251112_113552.jpg,600,unknown,train
/home/davidorjuela/dev/agai-reu-pesticide/datasets/kocide_application_2025/800 ppm/IMG_9347.HEIC,800,unknown,train
/home/davidorjuela/dev/agai-reu-pesticide/datasets/kocide_application_2025/1000 ppm/IMG_9476.HEIC,1000,unknown,train
/home/davidorjuela/dev/agai-reu-pesticide/datasets/kocide_application_2025/1000 ppm/20251112_114803.jpg,1000,unknown,train
/home/davidorjuela/dev/agai-reu-pesticide/datasets/kocide_application_2025/1000 ppm/20251112_114826.jpg,1000,unknown,train
/home/davidorjuela/dev/agai-reu-pesticide/datasets/kocide_application_2025/800 ppm/IMG_9384.HEIC,800,unknown,train
/home/davidorjuela/dev/agai-reu-pesticide/datasets/kocide_application_2025/400 ppm/IMG_9333.HEIC,400,unknown,train
/home/davidorjuela/dev/agai-reu-pesticide/datasets/kocide_application_2025/600 ppm/20251112_113105.jpg,600,unknown,train
/home/davidorjuela/dev/agai-reu-pesticide/datasets/kocide_application_2025/1000 ppm/20251112_114936.jpg,1000,unknown,train
/home/davidorjuela/dev/agai-reu-pesticide/datasets/kocide_application_2025/600 ppm/20251112_112656.jpg,600,unknown,train
/home/davidorjuela/dev/agai-reu-pesticide/datasets/kocide_application_2025/400 ppm/IMG_9276.HEIC,400,unknown,train
/home/davidorjuela/dev/agai-reu-pesticide/datasets/kocide_application_2025/600 ppm/20251112_112703.jpg,600,unknown,train
/home/davidorjuela/dev/agai-reu-pesticide/datasets/kocide_application_2025/600 ppm/20251112_113015.jpg,600,unknown,train
/home/davidorjuela/dev/agai-reu-pesticide/datasets/kocide_application_2025/600 ppm/20251112_113355.jpg,600,unknown,train
/home/davidorjuela/dev/agai-reu-pesticide/datasets/kocide_application_2025/800 ppm/IMG_9408.HEIC,800,unknown,train
/home/davidorjuela/dev/agai-reu-pesticide/datasets/kocide_application_2025/1000 ppm/20251112_114840.jpg,1000,unknown,train
/home/davidorjuela/dev/agai-reu-pesticide/datasets/kocide_application_2025/400 ppm/IMG_9309.HEIC,400,unknown,train
/home/davidorjuela/dev/agai-reu-pesticide/datasets/kocide_application_2025/600 ppm/20251112_112552.jpg,600,unknown,train
/home/davidorjuela/dev/agai-reu-pesticide/datasets/kocide_application_2025/400 ppm/IMG_9306.HEIC,400,unknown,train
/home/davidorjuela/dev/agai-reu-pesticide/datasets/kocide_application_2025/800 ppm/IMG_9424.HEIC,800,unknown,train
/home/davidorjuela/dev/agai-reu-pesticide/datasets/kocide_application_2025/1000 ppm/20251112_114247.jpg,1000,unknown,train
/home/davidorjuela/dev/agai-reu-pesticide/datasets/kocide_application_2025/1000 ppm/20251112_114741.jpg,1000,unknown,train
/home/davidorjuela/dev/agai-reu-pesticide/datasets/kocide_application_2025/1000 ppm/IMG_9483.HEIC,1000,unknown,train
/home/davidorjuela/dev/agai-reu-pesticide/datasets/kocide_application_2025/600 ppm/20251112_112700.jpg,600,unknown,train
/home/davidorjuela/dev/agai-reu-pesticide/datasets/kocide_application_2025/400 ppm/IMG_9315.HEIC,400,unknown,train
/home/davidorjuela/dev/agai-reu-pesticide/datasets/kocide_application_2025/800 ppm/IMG_9380.HEIC,800,unknown,train
/home/davidorjuela/dev/agai-reu-pesticide/datasets/kocide_application_2025/1000 ppm/IMG_9473.HEIC,1000,unknown,train
/home/davidorjuela/dev/agai-reu-pesticide/datasets/kocide_application_2025/600 ppm/20251112_114144.jpg,600,unknown,train
/home/davidorjuela/dev/agai-reu-pesticide/datasets/kocide_application_2025/1000 ppm/20251112_114456.jpg,1000,unknown,train
/home/davidorjuela/dev/agai-reu-pesticide/datasets/kocide_application_2025/1000 ppm/20251112_114932.jpg,1000,unknown,train
/home/davidorjuela/dev/agai-reu-pesticide/datasets/kocide_application_2025/600 ppm/20251112_112831.jpg,600,unknown,train
/home/davidorjuela/dev/agai-reu-pesticide/datasets/kocide_application_2025/1000 ppm/IMG_9495.HEIC,1000,unknown,train
/home/davidorjuela/dev/agai-reu-pesticide/datasets/kocide_application_2025/800 ppm/IMG_9396.HEIC,800,unknown,train
/home/davidorjuela/dev/agai-reu-pesticide/datasets/kocide_application_2025/800 ppm/IMG_9457.HEIC,800,unknown,train
/home/davidorjuela/dev/agai-reu-pesticide/datasets/kocide_application_2025/800 ppm/IMG_9435.HEIC,800,unknown,train
/home/davidorjuela/dev/agai-reu-pesticide/datasets/kocide_application_2025/1000 ppm/20251112_114510.jpg,1000,unknown,train
/home/davidorjuela/dev/agai-reu-pesticide/datasets/kocide_application_2025/600 ppm/20251112_113631.jpg,600,unknown,train
/home/davidorjuela/dev/agai-reu-pesticide/datasets/kocide_application_2025/800 ppm/IMG_9403.HEIC,800,unknown,train
/home/davidorjuela/dev/agai-reu-pesticide/datasets/kocide_application_2025/600 ppm/20251112_112817.jpg,600,unknown,train
/home/davidorjuela/dev/agai-reu-pesticide/datasets/kocide_application_2025/1000 ppm/IMG_9535.HEIC,1000,unknown,train
/home/davidorjuela/dev/agai-reu-pesticide/datasets/kocide_application_2025/800 ppm/IMG_9394.HEIC,800,unknown,train
/home/davidorjuela/dev/agai-reu-pesticide/datasets/kocide_application_2025/1000 ppm/20251112_114700.jpg,1000,unknown,train
/home/davidorjuela/dev/agai-reu-pesticide/datasets/kocide_application_2025/1000 ppm/IMG_9531.HEIC,1000,unknown,train
/home/davidorjuela/dev/agai-reu-pesticide/datasets/kocide_application_2025/600 ppm/20251112_113005.jpg,600,unknown,train
/home/davidorjuela/dev/agai-reu-pesticide/datasets/kocide_application_2025/800 ppm/IMG_9359.HEIC,800,unknown,train
/home/davidorjuela/dev/agai-reu-pesticide/datasets/kocide_application_2025/800 ppm/IMG_9378.HEIC,800,unknown,train
/home/davidorjuela/dev/agai-reu-pesticide/datasets/kocide_application_2025/1000 ppm/20251112_114306.jpg,1000,unknown,train
/home/davidorjuela/dev/agai-reu-pesticide/datasets/kocide_application_2025/600 ppm/20251112_113240.jpg,600,unknown,train
/home/davidorjuela/dev/agai-reu-pesticide/datasets/kocide_application_2025/600 ppm/20251112_113120.jpg,600,unknown,train
/home/davidorjuela/dev/agai-reu-pesticide/datasets/kocide_application_2025/400 ppm/IMG_9293.HEIC,400,unknown,train
/home/davidorjuela/dev/agai-reu-pesticide/datasets/kocide_application_2025/800 ppm/IMG_9382.HEIC,800,unknown,train
/home/davidorjuela/dev/agai-reu-pesticide/datasets/kocide_application_2025/600 ppm/20251112_112932.jpg,600,unknown,train
/home/davidorjuela/dev/agai-reu-pesticide/datasets/kocide_application_2025/800 ppm/IMG_9416.HEIC,800,unknown,train
/home/davidorjuela/dev/agai-reu-pesticide/datasets/kocide_application_2025/1000 ppm/20251112_114514.jpg,1000,unknown,train
/home/davidorjuela/dev/agai-reu-pesticide/datasets/kocide_application_2025/600 ppm/20251112_113823.jpg,600,unknown,train
/home/davidorjuela/dev/agai-reu-pesticide/datasets/kocide_application_2025/1000 ppm/IMG_9526.HEIC,1000,unknown,train
/home/davidorjuela/dev/agai-reu-pesticide/datasets/kocide_application_2025/800 ppm/IMG_9405.HEIC,800,unknown,train
/home/davidorjuela/dev/agai-reu-pesticide/datasets/kocide_application_2025/600 ppm/20251112_113524.jpg,600,unknown,train
/home/davidorjuela/dev/agai-reu-pesticide/datasets/kocide_application_2025/800 ppm/IMG_9345.HEIC,800,unknown,train
/home/davidorjuela/dev/agai-reu-pesticide/datasets/kocide_application_2025/600 ppm/20251112_113709.jpg,600,unknown,train
/home/davidorjuela/dev/agai-reu-pesticide/datasets/kocide_application_2025/800 ppm/IMG_9357.HEIC,800,unknown,train
/home/davidorjuela/dev/agai-reu-pesticide/datasets/kocide_application_2025/1000 ppm/20251112_114736.jpg,1000,unknown,train
/home/davidorjuela/dev/agai-reu-pesticide/datasets/kocide_application_2025/800 ppm/IMG_9370.HEIC,800,unknown,train
/home/davidorjuela/dev/agai-reu-pesticide/datasets/kocide_application_2025/400 ppm/IMG_9314.HEIC,400,unknown,train
/home/davidorjuela/dev/agai-reu-pesticide/datasets/kocide_application_2025/600 ppm/20251112_112853.jpg,600,unknown,train
/home/davidorjuela/dev/agai-reu-pesticide/datasets/kocide_application_2025/1000 ppm/20251112_114434.jpg,1000,unknown,train
/home/davidorjuela/dev/agai-reu-pesticide/datasets/kocide_application_2025/800 ppm/IMG_9412.HEIC,800,unknown,train
/home/davidorjuela/dev/agai-reu-pesticide/datasets/kocide_application_2025/1000 ppm/20251112_114836.jpg,1000,unknown,train
/home/davidorjuela/dev/agai-reu-pesticide/datasets/kocide_application_2025/1000 ppm/IMG_9469.HEIC,1000,unknown,train
/home/davidorjuela/dev/agai-reu-pesticide/datasets/kocide_application_2025/600 ppm/20251112_113300.jpg,600,unknown,train
/home/davidorjuela/dev/agai-reu-pesticide/datasets/kocide_application_2025/600 ppm/20251112_113340.jpg,600,unknown,train
/home/davidorjuela/dev/agai-reu-pesticide/datasets/kocide_application_2025/400 ppm/IMG_9304.HEIC,400,unknown,train
/home/davidorjuela/dev/agai-reu-pesticide/datasets/kocide_application_2025/400 ppm/IMG_9302.HEIC,400,unknown,train
/home/davidorjuela/dev/agai-reu-pesticide/datasets/kocide_application_2025/800 ppm/IMG_9353.HEIC,800,unknown,train
/home/davidorjuela/dev/agai-reu-pesticide/datasets/kocide_application_2025/400 ppm/IMG_9246.HEIC,400,unknown,train
/home/davidorjuela/dev/agai-reu-pesticide/datasets/kocide_application_2025/400 ppm/IMG_9275.HEIC,400,unknown,train
/home/davidorjuela/dev/agai-reu-pesticide/datasets/kocide_application_2025/1000 ppm/IMG_9462.HEIC,1000,unknown,train
/home/davidorjuela/dev/agai-reu-pesticide/datasets/kocide_application_2025/800 ppm/IMG_9397.HEIC,800,unknown,train
/home/davidorjuela/dev/agai-reu-pesticide/datasets/kocide_application_2025/1000 ppm/IMG_9470.HEIC,1000,unknown,train
/home/davidorjuela/dev/agai-reu-pesticide/datasets/kocide_application_2025/400 ppm/IMG_9271.HEIC,400,unknown,train
/home/davidorjuela/dev/agai-reu-pesticide/datasets/kocide_application_2025/600 ppm/20251112_112555.jpg,600,unknown,train
/home/davidorjuela/dev/agai-reu-pesticide/datasets/kocide_application_2025/800 ppm/IMG_9354.HEIC,800,unknown,train
/home/davidorjuela/dev/agai-reu-pesticide/datasets/kocide_application_2025/800 ppm/IMG_9452.HEIC,800,unknown,train
/home/davidorjuela/dev/agai-reu-pesticide/datasets/kocide_application_2025/1000 ppm/IMG_9484.HEIC,1000,unknown,train
/home/davidorjuela/dev/agai-reu-pesticide/datasets/kocide_application_2025/600 ppm/20251112_114231.jpg,600,unknown,train
/home/davidorjuela/dev/agai-reu-pesticide/datasets/kocide_application_2025/800 ppm/IMG_9460.HEIC,800,unknown,train
/home/davidorjuela/dev/agai-reu-pesticide/datasets/kocide_application_2025/1000 ppm/20251112_114647.jpg,1000,unknown,train
/home/davidorjuela/dev/agai-reu-pesticide/datasets/kocide_application_2025/400 ppm/IMG_9259.HEIC,400,unknown,train
/home/davidorjuela/dev/agai-reu-pesticide/datasets/kocide_application_2025/600 ppm/20251112_113343.jpg,600,unknown,train
/home/davidorjuela/dev/agai-reu-pesticide/datasets/kocide_application_2025/400 ppm/IMG_9283.HEIC,400,unknown,train
/home/davidorjuela/dev/agai-reu-pesticide/datasets/kocide_application_2025/600 ppm/20251112_112748.jpg,600,unknown,train
/home/davidorjuela/dev/agai-reu-pesticide/datasets/kocide_application_2025/1000 ppm/IMG_9530.HEIC,1000,unknown,train
/home/davidorjuela/dev/agai-reu-pesticide/datasets/kocide_application_2025/800 ppm/IMG_9445.HEIC,800,unknown,train
/home/davidorjuela/dev/agai-reu-pesticide/datasets/kocide_application_2025/600 ppm/20251112_112752.jpg,600,unknown,train
/home/davidorjuela/dev/agai-reu-pesticide/datasets/kocide_application_2025/1000 ppm/20251112_114332.jpg,1000,unknown,train
/home/davidorjuela/dev/agai-reu-pesticide/datasets/kocide_application_2025/800 ppm/IMG_9364.HEIC,800,unknown,train
/home/davidorjuela/dev/agai-reu-pesticide/datasets/kocide_application_2025/400 ppm/IMG_9274.HEIC,400,unknown,train
/home/davidorjuela/dev/agai-reu-pesticide/datasets/kocide_application_2025/1000 ppm/20251112_114617.jpg,1000,unknown,train
/home/davidorjuela/dev/agai-reu-pesticide/datasets/kocide_application_2025/600 ppm/20251112_113601.jpg,600,unknown,train
/home/davidorjuela/dev/agai-reu-pesticide/datasets/kocide_application_2025/600 ppm/20251112_112946.jpg,600,unknown,train
/home/davidorjuela/dev/agai-reu-pesticide/datasets/kocide_application_2025/1000 ppm/20251112_114808.jpg,1000,unknown,train
/home/davidorjuela/dev/agai-reu-pesticide/datasets/kocide_application_2025/1000 ppm/IMG_9480.HEIC,1000,unknown,train
/home/davidorjuela/dev/agai-reu-pesticide/datasets/kocide_application_2025/400 ppm/IMG_9320.HEIC,400,unknown,train
/home/davidorjuela/dev/agai-reu-pesticide/datasets/kocide_application_2025/400 ppm/IMG_9337.HEIC,400,unknown,train
/home/davidorjuela/dev/agai-reu-pesticide/datasets/kocide_application_2025/400 ppm/IMG_9234.HEIC,400,unknown,train
/home/davidorjuela/dev/agai-reu-pesticide/datasets/kocide_application_2025/400 ppm/IMG_9261.HEIC,400,unknown,train
/home/davidorjuela/dev/agai-reu-pesticide/datasets/kocide_application_2025/800 ppm/IMG_9355.HEIC,800,unknown,train
/home/davidorjuela/dev/agai-reu-pesticide/datasets/kocide_application_2025/400 ppm/IMG_9292.HEIC,400,unknown,train
/home/davidorjuela/dev/agai-reu-pesticide/datasets/kocide_application_2025/400 ppm/IMG_9312.HEIC,400,unknown,train
/home/davidorjuela/dev/agai-reu-pesticide/datasets/kocide_application_2025/1000 ppm/IMG_9490.HEIC,1000,unknown,train
/home/davidorjuela/dev/agai-reu-pesticide/datasets/kocide_application_2025/400 ppm/IMG_9338.HEIC,400,unknown,train
/home/davidorjuela/dev/agai-reu-pesticide/datasets/kocide_application_2025/600 ppm/20251112_113534.jpg,600,unknown,train
/home/davidorjuela/dev/agai-reu-pesticide/datasets/kocide_application_2025/800 ppm/IMG_9372.HEIC,800,unknown,train
/home/davidorjuela/dev/agai-reu-pesticide/datasets/kocide_application_2025/800 ppm/IMG_9455.HEIC,800,unknown,train
/home/davidorjuela/dev/agai-reu-pesticide/datasets/kocide_application_2025/400 ppm/IMG_9255.HEIC,400,unknown,train
/home/davidorjuela/dev/agai-reu-pesticide/datasets/kocide_application_2025/800 ppm/IMG_9448.HEIC,800,unknown,train
/home/davidorjuela/dev/agai-reu-pesticide/datasets/kocide_application_2025/1000 ppm/IMG_9518.HEIC,1000,unknown,train
/home/davidorjuela/dev/agai-reu-pesticide/datasets/kocide_application_2025/800 ppm/IMG_9362.HEIC,800,unknown,train
/home/davidorjuela/dev/agai-reu-pesticide/datasets/kocide_application_2025/1000 ppm/20251112_114847.jpg,1000,unknown,train
/home/davidorjuela/dev/agai-reu-pesticide/datasets/kocide_application_2025/1000 ppm/20251112_114603.jpg,1000,unknown,train
/home/davidorjuela/dev/agai-reu-pesticide/datasets/kocide_application_2025/600 ppm/20251112_113001.jpg,600,unknown,train
/home/davidorjuela/dev/agai-reu-pesticide/datasets/kocide_application_2025/800 ppm/IMG_9430.HEIC,800,unknown,train
/home/davidorjuela/dev/agai-reu-pesticide/datasets/kocide_application_2025/400 ppm/IMG_9235.HEIC,400,unknown,train
/home/davidorjuela/dev/agai-reu-pesticide/datasets/kocide_application_2025/400 ppm/IMG_9272.HEIC,400,unknown,train
/home/davidorjuela/dev/agai-reu-pesticide/datasets/kocide_application_2025/600 ppm/20251112_112631.jpg,600,unknown,train
/home/davidorjuela/dev/agai-reu-pesticide/datasets/kocide_application_2025/1000 ppm/IMG_9511.HEIC,1000,unknown,train
/home/davidorjuela/dev/agai-reu-pesticide/datasets/kocide_application_2025/600 ppm/20251112_113141.jpg,600,unknown,train
/home/davidorjuela/dev/agai-reu-pesticide/datasets/kocide_application_2025/600 ppm/20251112_113911.jpg,600,unknown,train
/home/davidorjuela/dev/agai-reu-pesticide/datasets/kocide_application_2025/400 ppm/IMG_9237.HEIC,400,unknown,train
/home/davidorjuela/dev/agai-reu-pesticide/datasets/kocide_application_2025/1000 ppm/20251112_114450.jpg,1000,unknown,train
/home/davidorjuela/dev/agai-reu-pesticide/datasets/kocide_application_2025/800 ppm/IMG_9387.HEIC,800,unknown,train
/home/davidorjuela/dev/agai-reu-pesticide/datasets/kocide_application_2025/400 ppm/IMG_9282.HEIC,400,unknown,train
/home/davidorjuela/dev/agai-reu-pesticide/datasets/kocide_application_2025/600 ppm/20251112_113317.jpg,600,unknown,train
/home/davidorjuela/dev/agai-reu-pesticide/datasets/kocide_application_2025/800 ppm/IMG_9392.HEIC,800,unknown,train
/home/davidorjuela/dev/agai-reu-pesticide/datasets/kocide_application_2025/400 ppm/IMG_9288.HEIC,400,unknown,train
/home/davidorjuela/dev/agai-reu-pesticide/datasets/kocide_application_2025/1000 ppm/20251112_114323.jpg,1000,unknown,train
/home/davidorjuela/dev/agai-reu-pesticide/datasets/kocide_application_2025/800 ppm/IMG_9422.HEIC,800,unknown,train
/home/davidorjuela/dev/agai-reu-pesticide/datasets/kocide_application_2025/1000 ppm/20251112_114901.jpg,1000,unknown,train
/home/davidorjuela/dev/agai-reu-pesticide/datasets/kocide_application_2025/600 ppm/20251112_113515.jpg,600,unknown,train
/home/davidorjuela/dev/agai-reu-pesticide/datasets/kocide_application_2025/400 ppm/IMG_9279.HEIC,400,unknown,train
/home/davidorjuela/dev/agai-reu-pesticide/datasets/kocide_application_2025/1000 ppm/IMG_9537.HEIC,1000,unknown,train
/home/davidorjuela/dev/agai-reu-pesticide/datasets/kocide_application_2025/400 ppm/IMG_9305.HEIC,400,unknown,train
/home/davidorjuela/dev/agai-reu-pesticide/datasets/kocide_application_2025/400 ppm/IMG_9244.HEIC,400,unknown,train
/home/davidorjuela/dev/agai-reu-pesticide/datasets/kocide_application_2025/600 ppm/20251112_113437.jpg,600,unknown,train
/home/davidorjuela/dev/agai-reu-pesticide/datasets/kocide_application_2025/600 ppm/20251112_114124.jpg,600,unknown,train
/home/davidorjuela/dev/agai-reu-pesticide/datasets/kocide_application_2025/600 ppm/20251112_113323.jpg,600,unknown,train
/home/davidorjuela/dev/agai-reu-pesticide/datasets/kocide_application_2025/1000 ppm/IMG_9472.HEIC,1000,unknown,train
/home/davidorjuela/dev/agai-reu-pesticide/datasets/kocide_application_2025/600 ppm/20251112_113933.jpg,600,unknown,train
/home/davidorjuela/dev/agai-reu-pesticide/datasets/kocide_application_2025/1000 ppm/IMG_9503.HEIC,1000,unknown,train
/home/davidorjuela/dev/agai-reu-pesticide/datasets/kocide_application_2025/600 ppm/20251112_113124.jpg,600,unknown,train
/home/davidorjuela/dev/agai-reu-pesticide/datasets/kocide_application_2025/400 ppm/IMG_9263.HEIC,400,unknown,train
/home/davidorjuela/dev/agai-reu-pesticide/datasets/kocide_application_2025/600 ppm/20251112_114107.jpg,600,unknown,train
/home/davidorjuela/dev/agai-reu-pesticide/datasets/kocide_application_2025/400 ppm/IMG_9317.HEIC,400,unknown,train
/home/davidorjuela/dev/agai-reu-pesticide/datasets/kocide_application_2025/600 ppm/20251112_113644.jpg,600,unknown,train
/home/davidorjuela/dev/agai-reu-pesticide/datasets/kocide_application_2025/600 ppm/20251112_113020.jpg,600,unknown,train
/home/davidorjuela/dev/agai-reu-pesticide/datasets/kocide_application_2025/600 ppm/20251112_112856.jpg,600,unknown,train
/home/davidorjuela/dev/agai-reu-pesticide/datasets/kocide_application_2025/1000 ppm/IMG_9506.HEIC,1000,unknown,train
/home/davidorjuela/dev/agai-reu-pesticide/datasets/kocide_application_2025/600 ppm/20251112_113952.jpg,600,unknown,train
/home/davidorjuela/dev/agai-reu-pesticide/datasets/kocide_application_2025/400 ppm/IMG_9247.HEIC,400,unknown,train
/home/davidorjuela/dev/agai-reu-pesticide/datasets/kocide_application_2025/1000 ppm/20251112_114906.jpg,1000,unknown,train
/home/davidorjuela/dev/agai-reu-pesticide/datasets/kocide_application_2025/1000 ppm/IMG_9516.HEIC,1000,unknown,train
/home/davidorjuela/dev/agai-reu-pesticide/datasets/kocide_application_2025/400 ppm/IMG_9258.HEIC,400,unknown,train
/home/davidorjuela/dev/agai-reu-pesticide/datasets/kocide_application_2025/800 ppm/IMG_9417.HEIC,800,unknown,train
/home/davidorjuela/dev/agai-reu-pesticide/datasets/kocide_application_2025/600 ppm/20251112_113144.jpg,600,unknown,train
/home/davidorjuela/dev/agai-reu-pesticide/datasets/kocide_application_2025/800 ppm/IMG_9415.HEIC,800,unknown,train
/home/davidorjuela/dev/agai-reu-pesticide/datasets/kocide_application_2025/400 ppm/IMG_9290.HEIC,400,unknown,train
/home/davidorjuela/dev/agai-reu-pesticide/datasets/kocide_application_2025/400 ppm/IMG_9249.HEIC,400,unknown,train
/home/davidorjuela/dev/agai-reu-pesticide/datasets/kocide_application_2025/400 ppm/IMG_9232.HEIC,400,unknown,train
/home/davidorjuela/dev/agai-reu-pesticide/datasets/kocide_application_2025/400 ppm/IMG_9231.HEIC,400,unknown,train
/home/davidorjuela/dev/agai-reu-pesticide/datasets/kocide_application_2025/1000 ppm/IMG_9538.HEIC,1000,unknown,train
/home/davidorjuela/dev/agai-reu-pesticide/datasets/kocide_application_2025/400 ppm/IMG_9325.HEIC,400,unknown,train
/home/davidorjuela/dev/agai-reu-pesticide/datasets/kocide_application_2025/600 ppm/20251112_114024.jpg,600,unknown,train
/home/davidorjuela/dev/agai-reu-pesticide/datasets/kocide_application_2025/800 ppm/IMG_9351.HEIC,800,unknown,train
/home/davidorjuela/dev/agai-reu-pesticide/datasets/kocide_application_2025/1000 ppm/IMG_9489.HEIC,1000,unknown,train
/home/davidorjuela/dev/agai-reu-pesticide/datasets/kocide_application_2025/1000 ppm/IMG_9477.HEIC,1000,unknown,train
/home/davidorjuela/dev/agai-reu-pesticide/datasets/kocide_application_2025/1000 ppm/20251112_114608.jpg,1000,unknown,train
/home/davidorjuela/dev/agai-reu-pesticide/datasets/kocide_application_2025/600 ppm/20251112_113221.jpg,600,unknown,train
/home/davidorjuela/dev/agai-reu-pesticide/datasets/kocide_application_2025/400 ppm/IMG_9239.HEIC,400,unknown,train
/home/davidorjuela/dev/agai-reu-pesticide/datasets/kocide_application_2025/600 ppm/20251112_113210.jpg,600,unknown,train
/home/davidorjuela/dev/agai-reu-pesticide/datasets/kocide_application_2025/600 ppm/20251112_113711.jpg,600,unknown,train
/home/davidorjuela/dev/agai-reu-pesticide/datasets/kocide_application_2025/400 ppm/IMG_9318.HEIC,400,unknown,train
/home/davidorjuela/dev/agai-reu-pesticide/datasets/kocide_application_2025/400 ppm/IMG_9323.HEIC,400,unknown,train
/home/davidorjuela/dev/agai-reu-pesticide/datasets/kocide_application_2025/400 ppm/IMG_9266.HEIC,400,unknown,train
/home/davidorjuela/dev/agai-reu-pesticide/datasets/kocide_application_2025/1000 ppm/20251112_114405.jpg,1000,unknown,train
/home/davidorjuela/dev/agai-reu-pesticide/datasets/kocide_application_2025/1000 ppm/20251112_114950.jpg,1000,unknown,train
/home/davidorjuela/dev/agai-reu-pesticide/datasets/kocide_application_2025/400 ppm/IMG_9256.HEIC,400,unknown,train
/home/davidorjuela/dev/agai-reu-pesticide/datasets/kocide_application_2025/800 ppm/IMG_9395.HEIC,800,unknown,train
/home/davidorjuela/dev/agai-reu-pesticide/datasets/kocide_application_2025/800 ppm/IMG_9414.HEIC,800,unknown,train
/home/davidorjuela/dev/agai-reu-pesticide/datasets/kocide_application_2025/400 ppm/IMG_9281.HEIC,400,unknown,train
/home/davidorjuela/dev/agai-reu-pesticide/datasets/kocide_application_2025/1000 ppm/IMG_9486.HEIC,1000,unknown,train
/home/davidorjuela/dev/agai-reu-pesticide/datasets/kocide_application_2025/400 ppm/IMG_9260.HEIC,400,unknown,train
/home/davidorjuela/dev/agai-reu-pesticide/datasets/kocide_application_2025/1000 ppm/IMG_9529.HEIC,1000,unknown,train
/home/davidorjuela/dev/agai-reu-pesticide/datasets/kocide_application_2025/1000 ppm/IMG_9508.HEIC,1000,unknown,train
/home/davidorjuela/dev/agai-reu-pesticide/datasets/kocide_application_2025/1000 ppm/20251112_114311.jpg,1000,unknown,train
/home/davidorjuela/dev/agai-reu-pesticide/datasets/kocide_application_2025/800 ppm/IMG_9352.HEIC,800,unknown,train
/home/davidorjuela/dev/agai-reu-pesticide/datasets/kocide_application_2025/400 ppm/IMG_9336.HEIC,400,unknown,train
/home/davidorjuela/dev/agai-reu-pesticide/datasets/kocide_application_2025/1000 ppm/IMG_9468.HEIC,1000,unknown,train
/home/davidorjuela/dev/agai-reu-pesticide/datasets/kocide_application_2025/800 ppm/IMG_9410.HEIC,800,unknown,train
/home/davidorjuela/dev/agai-reu-pesticide/datasets/kocide_application_2025/800 ppm/IMG_9453.HEIC,800,unknown,train
/home/davidorjuela/dev/agai-reu-pesticide/datasets/kocide_application_2025/1000 ppm/20251112_114336.jpg,1000,unknown,train
/home/davidorjuela/dev/agai-reu-pesticide/datasets/kocide_application_2025/800 ppm/IMG_9401.HEIC,800,unknown,train
/home/davidorjuela/dev/agai-reu-pesticide/datasets/kocide_application_2025/1000 ppm/IMG_9496.HEIC,1000,unknown,train
/home/davidorjuela/dev/agai-reu-pesticide/datasets/kocide_application_2025/1000 ppm/20251112_114330.jpg,1000,unknown,train
/home/davidorjuela/dev/agai-reu-pesticide/datasets/kocide_application_2025/800 ppm/IMG_9431.HEIC,800,unknown,train
/home/davidorjuela/dev/agai-reu-pesticide/datasets/kocide_application_2025/400 ppm/IMG_9228.HEIC,400,unknown,train
/home/davidorjuela/dev/agai-reu-pesticide/datasets/kocide_application_2025/800 ppm/IMG_9427.HEIC,800,unknown,validation
/home/davidorjuela/dev/agai-reu-pesticide/datasets/kocide_application_2025/600 ppm/20251112_113557.jpg,600,unknown,validation
/home/davidorjuela/dev/agai-reu-pesticide/datasets/kocide_application_2025/800 ppm/IMG_9443.HEIC,800,unknown,validation
/home/davidorjuela/dev/agai-reu-pesticide/datasets/kocide_application_2025/600 ppm/20251112_113903.jpg,600,unknown,validation
/home/davidorjuela/dev/agai-reu-pesticide/datasets/kocide_application_2025/400 ppm/IMG_9313.HEIC,400,unknown,validation
/home/davidorjuela/dev/agai-reu-pesticide/datasets/kocide_application_2025/600 ppm/20251112_113958.jpg,600,unknown,validation
/home/davidorjuela/dev/agai-reu-pesticide/datasets/kocide_application_2025/1000 ppm/20251112_115013.jpg,1000,unknown,validation
/home/davidorjuela/dev/agai-reu-pesticide/datasets/kocide_application_2025/800 ppm/IMG_9389.HEIC,800,unknown,validation
/home/davidorjuela/dev/agai-reu-pesticide/datasets/kocide_application_2025/1000 ppm/20251112_114642.jpg,1000,unknown,validation
/home/davidorjuela/dev/agai-reu-pesticide/datasets/kocide_application_2025/800 ppm/IMG_9375.HEIC,800,unknown,validation
/home/davidorjuela/dev/agai-reu-pesticide/datasets/kocide_application_2025/600 ppm/20251112_112909.jpg,600,unknown,validation
/home/davidorjuela/dev/agai-reu-pesticide/datasets/kocide_application_2025/400 ppm/IMG_9254.HEIC,400,unknown,validation
/home/davidorjuela/dev/agai-reu-pesticide/datasets/kocide_application_2025/1000 ppm/IMG_9521.HEIC,1000,unknown,validation
/home/davidorjuela/dev/agai-reu-pesticide/datasets/kocide_application_2025/800 ppm/IMG_9428.HEIC,800,unknown,validation
/home/davidorjuela/dev/agai-reu-pesticide/datasets/kocide_application_2025/1000 ppm/20251112_114728.jpg,1000,unknown,validation
/home/davidorjuela/dev/agai-reu-pesticide/datasets/kocide_application_2025/400 ppm/IMG_9225.HEIC,400,unknown,validation
/home/davidorjuela/dev/agai-reu-pesticide/datasets/kocide_application_2025/600 ppm/20251112_113320.jpg,600,unknown,validation
/home/davidorjuela/dev/agai-reu-pesticide/datasets/kocide_application_2025/1000 ppm/20251112_115004.jpg,1000,unknown,validation
/home/davidorjuela/dev/agai-reu-pesticide/datasets/kocide_application_2025/1000 ppm/IMG_9502.HEIC,1000,unknown,validation
/home/davidorjuela/dev/agai-reu-pesticide/datasets/kocide_application_2025/800 ppm/IMG_9399.HEIC,800,unknown,validation
/home/davidorjuela/dev/agai-reu-pesticide/datasets/kocide_application_2025/400 ppm/IMG_9308.HEIC,400,unknown,validation
/home/davidorjuela/dev/agai-reu-pesticide/datasets/kocide_application_2025/1000 ppm/IMG_9478.HEIC,1000,unknown,validation
/home/davidorjuela/dev/agai-reu-pesticide/datasets/kocide_application_2025/1000 ppm/IMG_9513.HEIC,1000,unknown,validation
/home/davidorjuela/dev/agai-reu-pesticide/datasets/kocide_application_2025/400 ppm/IMG_9321.HEIC,400,unknown,validation
/home/davidorjuela/dev/agai-reu-pesticide/datasets/kocide_application_2025/1000 ppm/IMG_9474.HEIC,1000,unknown,validation
/home/davidorjuela/dev/agai-reu-pesticide/datasets/kocide_application_2025/800 ppm/IMG_9411.HEIC,800,unknown,validation
/home/davidorjuela/dev/agai-reu-pesticide/datasets/kocide_application_2025/800 ppm/IMG_9393.HEIC,800,unknown,validation
/home/davidorjuela/dev/agai-reu-pesticide/datasets/kocide_application_2025/800 ppm/IMG_9368.HEIC,800,unknown,validation
/home/davidorjuela/dev/agai-reu-pesticide/datasets/kocide_application_2025/600 ppm/20251112_113637.jpg,600,unknown,validation
/home/davidorjuela/dev/agai-reu-pesticide/datasets/kocide_application_2025/600 ppm/20251112_113326.jpg,600,unknown,validation
/home/davidorjuela/dev/agai-reu-pesticide/datasets/kocide_application_2025/400 ppm/IMG_9316.HEIC,400,unknown,validation
/home/davidorjuela/dev/agai-reu-pesticide/datasets/kocide_application_2025/800 ppm/IMG_9451.HEIC,800,unknown,validation
/home/davidorjuela/dev/agai-reu-pesticide/datasets/kocide_application_2025/600 ppm/20251112_113446.jpg,600,unknown,validation
/home/davidorjuela/dev/agai-reu-pesticide/datasets/kocide_application_2025/1000 ppm/20251112_114535.jpg,1000,unknown,validation
/home/davidorjuela/dev/agai-reu-pesticide/datasets/kocide_application_2025/1000 ppm/IMG_9536.HEIC,1000,unknown,validation
/home/davidorjuela/dev/agai-reu-pesticide/datasets/kocide_application_2025/600 ppm/20251112_114135.jpg,600,unknown,validation
/home/davidorjuela/dev/agai-reu-pesticide/datasets/kocide_application_2025/1000 ppm/IMG_9488.HEIC,1000,unknown,validation
/home/davidorjuela/dev/agai-reu-pesticide/datasets/kocide_application_2025/800 ppm/IMG_9436.HEIC,800,unknown,validation
/home/davidorjuela/dev/agai-reu-pesticide/datasets/kocide_application_2025/400 ppm/IMG_9296.HEIC,400,unknown,validation
/home/davidorjuela/dev/agai-reu-pesticide/datasets/kocide_application_2025/400 ppm/IMG_9251.HEIC,400,unknown,validation
/home/davidorjuela/dev/agai-reu-pesticide/datasets/kocide_application_2025/600 ppm/20251112_113942.jpg,600,unknown,validation
/home/davidorjuela/dev/agai-reu-pesticide/datasets/kocide_application_2025/600 ppm/20251112_112936.jpg,600,unknown,validation
/home/davidorjuela/dev/agai-reu-pesticide/datasets/kocide_application_2025/600 ppm/20251112_112811.jpg,600,unknown,validation
/home/davidorjuela/dev/agai-reu-pesticide/datasets/kocide_application_2025/400 ppm/IMG_9268.HEIC,400,unknown,validation
/home/davidorjuela/dev/agai-reu-pesticide/datasets/kocide_application_2025/400 ppm/IMG_9286.HEIC,400,unknown,validation
/home/davidorjuela/dev/agai-reu-pesticide/datasets/kocide_application_2025/800 ppm/IMG_9432.HEIC,800,unknown,validation
/home/davidorjuela/dev/agai-reu-pesticide/datasets/kocide_application_2025/600 ppm/20251112_113212.jpg,600,unknown,validation
/home/davidorjuela/dev/agai-reu-pesticide/datasets/kocide_application_2025/1000 ppm/IMG_9475.HEIC,1000,unknown,validation
/home/davidorjuela/dev/agai-reu-pesticide/datasets/kocide_application_2025/1000 ppm/IMG_9527.HEIC,1000,unknown,validation
/home/davidorjuela/dev/agai-reu-pesticide/datasets/kocide_application_2025/1000 ppm/20251112_114705.jpg,1000,unknown,validation
/home/davidorjuela/dev/agai-reu-pesticide/datasets/kocide_application_2025/1000 ppm/IMG_9464.HEIC,1000,unknown,validation
/home/davidorjuela/dev/agai-reu-pesticide/datasets/kocide_application_2025/400 ppm/IMG_9332.HEIC,400,unknown,validation
/home/davidorjuela/dev/agai-reu-pesticide/datasets/kocide_application_2025/600 ppm/20251112_113025.jpg,600,unknown,validation
/home/davidorjuela/dev/agai-reu-pesticide/datasets/kocide_application_2025/600 ppm/20251112_114055.jpg,600,unknown,validation
/home/davidorjuela/dev/agai-reu-pesticide/datasets/kocide_application_2025/600 ppm/20251112_113402.jpg,600,unknown,validation
/home/davidorjuela/dev/agai-reu-pesticide/datasets/kocide_application_2025/1000 ppm/20251112_114842.jpg,1000,unknown,validation
/home/davidorjuela/dev/agai-reu-pesticide/datasets/kocide_application_2025/600 ppm/20251112_113917.jpg,600,unknown,validation
/home/davidorjuela/dev/agai-reu-pesticide/datasets/kocide_application_2025/800 ppm/IMG_9444.HEIC,800,unknown,test
/home/davidorjuela/dev/agai-reu-pesticide/datasets/kocide_application_2025/1000 ppm/20251112_114731.jpg,1000,unknown,test
/home/davidorjuela/dev/agai-reu-pesticide/datasets/kocide_application_2025/1000 ppm/IMG_9523.HEIC,1000,unknown,test
/home/davidorjuela/dev/agai-reu-pesticide/datasets/kocide_application_2025/800 ppm/IMG_9381.HEIC,800,unknown,test
/home/davidorjuela/dev/agai-reu-pesticide/datasets/kocide_application_2025/400 ppm/IMG_9326.HEIC,400,unknown,test
/home/davidorjuela/dev/agai-reu-pesticide/datasets/kocide_application_2025/1000 ppm/20251112_114249.jpg,1000,unknown,test
/home/davidorjuela/dev/agai-reu-pesticide/datasets/kocide_application_2025/600 ppm/20251112_113101.jpg,600,unknown,test
/home/davidorjuela/dev/agai-reu-pesticide/datasets/kocide_application_2025/600 ppm/20251112_114148.jpg,600,unknown,test
/home/davidorjuela/dev/agai-reu-pesticide/datasets/kocide_application_2025/400 ppm/IMG_9301.HEIC,400,unknown,test
/home/davidorjuela/dev/agai-reu-pesticide/datasets/kocide_application_2025/400 ppm/IMG_9327.HEIC,400,unknown,test
/home/davidorjuela/dev/agai-reu-pesticide/datasets/kocide_application_2025/600 ppm/20251112_113747.jpg,600,unknown,test
/home/davidorjuela/dev/agai-reu-pesticide/datasets/kocide_application_2025/600 ppm/20251112_112805.jpg,600,unknown,test
/home/davidorjuela/dev/agai-reu-pesticide/datasets/kocide_application_2025/1000 ppm/IMG_9532.HEIC,1000,unknown,test
/home/davidorjuela/dev/agai-reu-pesticide/datasets/kocide_application_2025/400 ppm/IMG_9233.HEIC,400,unknown,test
/home/davidorjuela/dev/agai-reu-pesticide/datasets/kocide_application_2025/600 ppm/20251112_112652.jpg,600,unknown,test
/home/davidorjuela/dev/agai-reu-pesticide/datasets/kocide_application_2025/800 ppm/IMG_9459.HEIC,800,unknown,test
/home/davidorjuela/dev/agai-reu-pesticide/datasets/kocide_application_2025/400 ppm/IMG_9329.HEIC,400,unknown,test
/home/davidorjuela/dev/agai-reu-pesticide/datasets/kocide_application_2025/800 ppm/IMG_9449.HEIC,800,unknown,test
/home/davidorjuela/dev/agai-reu-pesticide/datasets/kocide_application_2025/1000 ppm/20251112_114351.jpg,1000,unknown,test
/home/davidorjuela/dev/agai-reu-pesticide/datasets/kocide_application_2025/600 ppm/20251112_113511.jpg,600,unknown,test
/home/davidorjuela/dev/agai-reu-pesticide/datasets/kocide_application_2025/600 ppm/20251112_113538.jpg,600,unknown,test
/home/davidorjuela/dev/agai-reu-pesticide/datasets/kocide_application_2025/1000 ppm/20251112_114628.jpg,1000,unknown,test
/home/davidorjuela/dev/agai-reu-pesticide/datasets/kocide_application_2025/1000 ppm/20251112_114650.jpg,1000,unknown,test
/home/davidorjuela/dev/agai-reu-pesticide/datasets/kocide_application_2025/1000 ppm/IMG_9493.HEIC,1000,unknown,test
/home/davidorjuela/dev/agai-reu-pesticide/datasets/kocide_application_2025/400 ppm/IMG_9252.HEIC,400,unknown,test
/home/davidorjuela/dev/agai-reu-pesticide/datasets/kocide_application_2025/400 ppm/IMG_9227.HEIC,400,unknown,test
/home/davidorjuela/dev/agai-reu-pesticide/datasets/kocide_application_2025/800 ppm/IMG_9404.HEIC,800,unknown,test
/home/davidorjuela/dev/agai-reu-pesticide/datasets/kocide_application_2025/1000 ppm/IMG_9471.HEIC,1000,unknown,test
/home/davidorjuela/dev/agai-reu-pesticide/datasets/kocide_application_2025/800 ppm/IMG_9390.HEIC,800,unknown,test
/home/davidorjuela/dev/agai-reu-pesticide/datasets/kocide_application_2025/600 ppm/20251112_113046.jpg,600,unknown,test
/home/davidorjuela/dev/agai-reu-pesticide/datasets/kocide_application_2025/600 ppm/20251112_113542.jpg,600,unknown,test
/home/davidorjuela/dev/agai-reu-pesticide/datasets/kocide_application_2025/600 ppm/20251112_114013.jpg,600,unknown,test
/home/davidorjuela/dev/agai-reu-pesticide/datasets/kocide_application_2025/600 ppm/20251112_113838.jpg,600,unknown,test
/home/davidorjuela/dev/agai-reu-pesticide/datasets/kocide_application_2025/1000 ppm/20251112_114427.jpg,1000,unknown,test
/home/davidorjuela/dev/agai-reu-pesticide/datasets/kocide_application_2025/400 ppm/IMG_9334.HEIC,400,unknown,test
/home/davidorjuela/dev/agai-reu-pesticide/datasets/kocide_application_2025/800 ppm/IMG_9418.HEIC,800,unknown,test
/home/davidorjuela/dev/agai-reu-pesticide/datasets/kocide_application_2025/1000 ppm/IMG_9479.HEIC,1000,unknown,test
/home/davidorjuela/dev/agai-reu-pesticide/datasets/kocide_application_2025/600 ppm/20251112_112839.jpg,600,unknown,test
/home/davidorjuela/dev/agai-reu-pesticide/datasets/kocide_application_2025/1000 ppm/20251112_114424.jpg,1000,unknown,test
/home/davidorjuela/dev/agai-reu-pesticide/datasets/kocide_application_2025/800 ppm/IMG_9358.HEIC,800,unknown,test
/home/davidorjuela/dev/agai-reu-pesticide/datasets/kocide_application_2025/800 ppm/IMG_9371.HEIC,800,unknown,test
/home/davidorjuela/dev/agai-reu-pesticide/datasets/kocide_application_2025/1000 ppm/IMG_9501.HEIC,1000,unknown,test
/home/davidorjuela/dev/agai-reu-pesticide/datasets/kocide_application_2025/600 ppm/20251112_114200.jpg,600,unknown,test
/home/davidorjuela/dev/agai-reu-pesticide/datasets/kocide_application_2025/1000 ppm/20251112_114857.jpg,1000,unknown,test
/home/davidorjuela/dev/agai-reu-pesticide/datasets/kocide_application_2025/400 ppm/IMG_9340.HEIC,400,unknown,test
/home/davidorjuela/dev/agai-reu-pesticide/datasets/kocide_application_2025/1000 ppm/20251112_114759.jpg,1000,unknown,test
/home/davidorjuela/dev/agai-reu-pesticide/datasets/kocide_application_2025/600 ppm/20251112_114029.jpg,600,unknown,test
/home/davidorjuela/dev/agai-reu-pesticide/datasets/kocide_application_2025/600 ppm/20251112_114038.jpg,600,unknown,test
/home/davidorjuela/dev/agai-reu-pesticide/datasets/kocide_application_2025/400 ppm/IMG_9294.HEIC,400,unknown,test
/home/davidorjuela/dev/agai-reu-pesticide/datasets/kocide_application_2025/800 ppm/IMG_9365.HEIC,800,unknown,test
/home/davidorjuela/dev/agai-reu-pesticide/datasets/kocide_application_2025/1000 ppm/IMG_9541.HEIC,1000,unknown,test
/home/davidorjuela/dev/agai-reu-pesticide/datasets/kocide_application_2025/600 ppm/20251112_114001.jpg,600,unknown,test
/home/davidorjuela/dev/agai-reu-pesticide/datasets/kocide_application_2025/400 ppm/IMG_9299.HEIC,400,unknown,test
/home/davidorjuela/dev/agai-reu-pesticide/datasets/kocide_application_2025/800 ppm/IMG_9434.HEIC,800,unknown,test
/home/davidorjuela/dev/agai-reu-pesticide/datasets/kocide_application_2025/600 ppm/20251112_113618.jpg,600,unknown,test
/home/davidorjuela/dev/agai-reu-pesticide/datasets/kocide_application_2025/800 ppm/IMG_9420.HEIC,800,unknown,test
/home/davidorjuela/dev/agai-reu-pesticide/datasets/kocide_application_2025/400 ppm/IMG_9230.HEIC,400,unknown,test
/home/davidorjuela/dev/agai-reu-pesticide/datasets/kocide_application_2025/1000 ppm/IMG_9539.HEIC,1000,unknown,test
