seed,fold,role,sample_id,dataset_index,tree_ID,group
42,1,train,800 ppm 4 4,0,800ppm_tree_4,800ppm_tree_4
42,1,train,400 ppm 1 10,1,400ppm_tree_1,400ppm_tree_1
42,1,train,600 ppm 5 5,3,600ppm_tree_5,600ppm_tree_5
42,1,train,400 ppm 5 6,4,400ppm_tree_5,400ppm_tree_5
42,1,train,1000 ppm 4 3,5,1000ppm_tree_4,1000ppm_tree_4
42,1,train,1000 ppm 3 9,6,1000ppm_tree_3,1000ppm_tree_3
42,1,train,1000 ppm 3 10,7,1000ppm_tree_3,1000ppm_tree_3
42,1,train,600 ppm 3 7,8,600ppm_tree_3,600ppm_tree_3
42,1,train,800 ppm 5 7,9,800ppm_tree_5,800ppm_tree_5
42,1,train,1000 ppm 1 3,10,1000ppm_tree_1,1000ppm_tree_1
42,1,train,400 ppm 4 4,11,400ppm_tree_4,400ppm_tree_4
42,1,train,400 ppm 3 2,13,400ppm_tree_3,400ppm_tree_3
42,1,train,800 ppm 5 8,14,800ppm_tree_5,800ppm_tree_5
42,1,train,800 ppm 5 6,15,800ppm_tree_5,800ppm_tree_5
42,1,train,400 ppm 4 6,16,400ppm_tree_4,400ppm_tree_4
42,1,train,600 ppm 3 1,18,600ppm_tree_3,600ppm_tree_3
42,1,train,400 ppm 3 5,19,400ppm_tree_3,400ppm_tree_3
42,1,train,600 ppm 3 4,20,600ppm_tree_3,600ppm_tree_3
42,1,train,800 ppm 3 9,21,800ppm_tree_3,800ppm_tree_3
42,1,train,1000 ppm 2 10,22,1000ppm_tree_2,1000ppm_tree_2
42,1,train,400 ppm 1 7,24,400ppm_tree_1,400ppm_tree_1
42,1,train,400 ppm 1 2,25,400ppm_tree_1,400ppm_tree_1
42,1,train,400 ppm 3 8,26,400ppm_tree_3,400ppm_tree_3
42,1,train,1000 ppm 5 1,27,1000ppm_tree_5,1000ppm_tree_5
42,1,train,800 ppm 4 5,28,800ppm_tree_4,800ppm_tree_4
42,1,train,800 ppm 3 1,30,800ppm_tree_3,800ppm_tree_3
42,1,train,1000 ppm 4 10,31,1000ppm_tree_4,1000ppm_tree_4
42,1,train,600 ppm 4 1,32,600ppm_tree_4,600ppm_tree_4
42,1,train,400 ppm 4 2,33,400ppm_tree_4,400ppm_tree_4
42,1,train,400 ppm 1 5,34,400ppm_tree_1,400ppm_tree_1
42,1,train,400 ppm 4 3,35,400ppm_tree_4,400ppm_tree_4
42,1,train,800 ppm 5 4,37,800ppm_tree_5,800ppm_tree_5
42,1,train,1000 ppm 1 4,39,1000ppm_tree_1,1000ppm_tree_1
42,1,train,1000 ppm 3 7,40,1000ppm_tree_3,1000ppm_tree_3
42,1,train,1000 ppm 4 2,41,1000ppm_tree_4,1000ppm_tree_4
42,1,train,800 ppm 4 1,42,800ppm_tree_4,800ppm_tree_4
42,1,train,400 ppm 3 7,43,400ppm_tree_3,400ppm_tree_3
42,1,train,600 ppm 2 10,44,600ppm_tree_2,600ppm_tree_2
42,1,train,400 ppm 4 8,45,400ppm_tree_4,400ppm_tree_4
42,1,train,400 ppm 2 3,46,400ppm_tree_2,400ppm_tree_2
42,1,train,800 ppm 5 5,48,800ppm_tree_5,800ppm_tree_5
42,1,train,800 ppm 3 4,49,800ppm_tree_3,800ppm_tree_3
42,1,train,400 ppm 5 4,50,400ppm_tree_5,400ppm_tree_5
42,1,train,400 ppm 5 2,51,400ppm_tree_5,400ppm_tree_5
42,1,train,1000 ppm 2 1,53,1000ppm_tree_2,1000ppm_tree_2
42,1,train,400 ppm 3 10,54,400ppm_tree_3,400ppm_tree_3
42,1,train,400 ppm 5 5,55,400ppm_tree_5,400ppm_tree_5
42,1,train,800 ppm 3 7,56,800ppm_tree_3,800ppm_tree_3
42,1,train,600 ppm 3 5,58,600ppm_tree_3,600ppm_tree_3
42,1,train,400 ppm 1 9,59,400ppm_tree_1,400ppm_tree_1
42,1,train,1000 ppm 1 10,60,1000ppm_tree_1,1000ppm_tree_1
42,1,train,800 ppm 5 3,62,800ppm_tree_5,800ppm_tree_5
42,1,train,800 ppm 5 1,63,800ppm_tree_5,800ppm_tree_5
42,1,train,800 ppm 3 6,64,800ppm_tree_3,800ppm_tree_3
42,1,train,1000 ppm 1 2,65,1000ppm_tree_1,1000ppm_tree_1
42,1,train,1000 ppm 3 3,66,1000ppm_tree_3,1000ppm_tree_3
42,1,train,1000 ppm 4 8,68,1000ppm_tree_4,1000ppm_tree_4
42,1,train,800 ppm 4 8,69,800ppm_tree_4,800ppm_tree_4
42,1,train,800 ppm 3 3,70,800ppm_tree_3,800ppm_tree_3
42,1,train,1000 ppm 5 3,71,1000ppm_tree_5,1000ppm_tree_5
42,1,train,800 ppm 4 10,72,800ppm_tree_4,800ppm_tree_4
42,1,train,400 ppm 5 10,73,400ppm_tree_5,400ppm_tree_5
42,1,train,800 ppm 3 10,74,800ppm_tree_3,800ppm_tree_3
42,1,train,600 ppm 4 2,75,600ppm_tree_4,600ppm_tree_4
42,1,train,1000 ppm 2 5,76,1000ppm_tree_2,1000ppm_tree_2
42,1,train,400 ppm 2 4,77,400ppm_tree_2,400ppm_tree_2
42,1,train,600 ppm 4 6,78,600ppm_tree_4,600ppm_tree_4
42,1,train,600 ppm 2 9,81,600ppm_tree_2,600ppm_tree_2
42,1,train,400 ppm 4 9,82,400ppm_tree_4,400ppm_tree_4
42,1,train,400 ppm 2 10,83,400ppm_tree_2,400ppm_tree_2
42,1,train,600 ppm 5 9,85,600ppm_tree_5,600ppm_tree_5
42,1,train,600 ppm 4 3,86,600ppm_tree_4,600ppm_tree_4
42,1,train,600 ppm 2 3,87,600ppm_tree_2,600ppm_tree_2
42,1,train,400 ppm 1 8,88,400ppm_tree_1,400ppm_tree_1
42,1,train,1000 ppm 5 2,92,1000ppm_tree_5,1000ppm_tree_5
42,1,train,600 ppm 2 1,93,600ppm_tree_2,600ppm_tree_2
42,1,train,800 ppm 4 7,94,800ppm_tree_4,800ppm_tree_4
42,1,train,400 ppm 4 1,95,400ppm_tree_4,400ppm_tree_4
42,1,train,400 ppm 3 3,96,400ppm_tree_3,400ppm_tree_3
42,1,train,600 ppm 2 7,97,600ppm_tree_2,600ppm_tree_2
42,1,train,400 ppm 4 7,98,400ppm_tree_4,400ppm_tree_4
42,1,train,1000 ppm 2 7,99,1000ppm_tree_2,1000ppm_tree_2
42,1,train,400 ppm 1 1,101,400ppm_tree_1,400ppm_tree_1
42,1,train,1000 ppm 3 6,102,1000ppm_tree_3,1000ppm_tree_3
42,1,train,600 ppm 3 2,103,600ppm_tree_3,600ppm_tree_3
42,1,train,400 ppm 2 5,104,400ppm_tree_2,400ppm_tree_2
42,1,train,600 ppm 4 4,105,600ppm_tree_4,600ppm_tree_4
42,1,train,1000 ppm 1 9,106,1000ppm_tree_1,1000ppm_tree_1
42,1,train,600 ppm 2 8,107,600ppm_tree_2,600ppm_tree_2
42,1,train,800 ppm 5 9,108,800ppm_tree_5,800ppm_tree_5
42,1,train,600 ppm 3 6,109,600ppm_tree_3,600ppm_tree_3
42,1,train,1000 ppm 1 5,111,1000ppm_tree_1,1000ppm_tree_1
42,1,train,600 ppm 5 10,113,600ppm_tree_5,600ppm_tree_5
42,1,train,600 ppm 2 5,114,600ppm_tree_2,600ppm_tree_2
42,1,train,800 ppm 3 2,116,800ppm_tree_3,800ppm_tree_3
42,1,train,1000 ppm 3 8,117,1000ppm_tree_3,1000ppm_tree_3
42,1,train,400 ppm 1 6,118,400ppm_tree_1,400ppm_tree_1
42,1,train,400 ppm 2 6,119,400ppm_tree_2,400ppm_tree_2
42,1,train,1000 ppm 4 9,120,1000ppm_tree_4,1000ppm_tree_4
42,1,train,400 ppm 3 9,122,400ppm_tree_3,400ppm_tree_3
42,1,train,1000 ppm 4 6,123,1000ppm_tree_4,1000ppm_tree_4
42,1,train,600 ppm 2 6,124,600ppm_tree_2,600ppm_tree_2
42,1,train,400 ppm 2 2,125,400ppm_tree_2,400ppm_tree_2
42,1,train,1000 ppm 5 7,126,1000ppm_tree_5,1000ppm_tree_5
42,1,train,600 ppm 3 10,129,600ppm_tree_3,600ppm_tree_3
42,1,train,400 ppm 1 3,130,400ppm_tree_1,400ppm_tree_1
42,1,train,800 ppm 4 6,131,800ppm_tree_4,800ppm_tree_4
42,1,train,600 ppm 5 4,132,600ppm_tree_5,600ppm_tree_5
42,1,train,600 ppm 4 5,133,600ppm_tree_4,600ppm_tree_4
42,1,train,400 ppm 5 7,134,400ppm_tree_5,400ppm_tree_5
42,1,train,1000 ppm 3 1,135,1000ppm_tree_3,1000ppm_tree_3
42,1,train,1000 ppm 2 9,136,1000ppm_tree_2,1000ppm_tree_2
42,1,train,600 ppm 4 9,137,600ppm_tree_4,600ppm_tree_4
42,1,train,400 ppm 2 7,138,400ppm_tree_2,400ppm_tree_2
42,1,train,400 ppm 2 9,139,400ppm_tree_2,400ppm_tree_2
42,1,train,1000 ppm 2 6,140,1000ppm_tree_2,1000ppm_tree_2
42,1,train,400 ppm 2 1,141,400ppm_tree_2,400ppm_tree_2
42,1,train,800 ppm 4 2,142,800ppm_tree_4,800ppm_tree_4
42,1,train,1000 ppm 5 9,143,1000ppm_tree_5,1000ppm_tree_5
42,1,train,600 ppm 5 8,144,600ppm_tree_5,600ppm_tree_5
42,1,train,400 ppm 5 8,146,400ppm_tree_5,400ppm_tree_5
42,1,train,1000 ppm 4 5,149,1000ppm_tree_4,1000ppm_tree_4
42,1,train,600 ppm 3 9,150,600ppm_tree_3,600ppm_tree_3
42,1,train,1000 ppm 1 1,151,1000ppm_tree_1,1000ppm_tree_1
42,1,train,1000 ppm 5 10,152,1000ppm_tree_5,1000ppm_tree_5
42,1,train,600 ppm 5 1,154,600ppm_tree_5,600ppm_tree_5
42,1,train,1000 ppm 1 8,156,1000ppm_tree_1,1000ppm_tree_1
42,1,train,800 ppm 5 10,158,800ppm_tree_5,800ppm_tree_5
42,1,train,400 ppm 4 5,159,400ppm_tree_4,400ppm_tree_4
42,1,train,600 ppm 3 8,161,600ppm_tree_3,600ppm_tree_3
42,1,train,800 ppm 3 8,162,800ppm_tree_3,800ppm_tree_3
42,1,train,1000 ppm 5 6,163,1000ppm_tree_5,1000ppm_tree_5
42,1,train,600 ppm 5 7,164,600ppm_tree_5,600ppm_tree_5
42,1,train,600 ppm 4 8,165,600ppm_tree_4,600ppm_tree_4
42,1,train,800 ppm 3 5,167,800ppm_tree_3,800ppm_tree_3
42,1,train,800 ppm 4 3,168,800ppm_tree_4,800ppm_tree_4
42,1,train,1000 ppm 5 5,169,1000ppm_tree_5,1000ppm_tree_5
42,1,train,600 ppm 5 6,170,600ppm_tree_5,600ppm_tree_5
42,1,train,400 ppm 3 1,171,400ppm_tree_3,400ppm_tree_3
42,1,train,400 ppm 3 6,172,400ppm_tree_3,400ppm_tree_3
42,1,train,600 ppm 4 10,173,600ppm_tree_4,600ppm_tree_4
42,1,train,400 ppm 5 3,174,400ppm_tree_5,400ppm_tree_5
42,1,train,1000 ppm 3 2,175,1000ppm_tree_3,1000ppm_tree_3
42,1,train,1000 ppm 2 8,177,1000ppm_tree_2,1000ppm_tree_2
42,1,train,600 ppm 2 2,180,600ppm_tree_2,600ppm_tree_2
42,1,train,1000 ppm 1 6,181,1000ppm_tree_1,1000ppm_tree_1
42,1,train,800 ppm 5 2,182,800ppm_tree_5,800ppm_tree_5
42,1,train,600 ppm 5 2,183,600ppm_tree_5,600ppm_tree_5
42,1,train,1000 ppm 4 1,184,1000ppm_tree_4,1000ppm_tree_4
42,1,train,800 ppm 4 9,185,800ppm_tree_4,800ppm_tree_4
42,1,train,1000 ppm 5 4,186,1000ppm_tree_5,1000ppm_tree_5
42,1,train,600 ppm 2 4,187,600ppm_tree_2,600ppm_tree_2
42,1,train,400 ppm 4 10,188,400ppm_tree_4,400ppm_tree_4
42,1,train,1000 ppm 3 5,189,1000ppm_tree_3,1000ppm_tree_3
42,1,train,600 ppm 3 3,190,600ppm_tree_3,600ppm_tree_3
42,1,train,600 ppm 4 7,191,600ppm_tree_4,600ppm_tree_4
42,1,train,1000 ppm 1 7,193,1000ppm_tree_1,1000ppm_tree_1
42,1,train,1000 ppm 5 8,194,1000ppm_tree_5,1000ppm_tree_5
42,1,train,600 ppm 5 3,197,600ppm_tree_5,600ppm_tree_5
42,1,train,1000 ppm 4 4,198,1000ppm_tree_4,1000ppm_tree_4
42,1,train,400 ppm 5 9,199,400ppm_tree_5,400ppm_tree_5
42,1,train,400 ppm 2 8,200,400ppm_tree_2,400ppm_tree_2
42,1,train,400 ppm 3 4,201,400ppm_tree_3,400ppm_tree_3
42,1,train,1000 ppm 3 4,202,1000ppm_tree_3,1000ppm_tree_3
42,1,train,1000 ppm 2 3,203,1000ppm_tree_2,1000ppm_tree_2
42,1,train,400 ppm 5 1,204,400ppm_tree_5,400ppm_tree_5
42,1,train,1000 ppm 2 4,205,1000ppm_tree_2,1000ppm_tree_2
42,1,train,400 ppm 1 4,206,400ppm_tree_1,400ppm_tree_1
42,1,train,1000 ppm 2 2,207,1000ppm_tree_2,1000ppm_tree_2
42,1,train,1000 ppm 4 7,208,1000ppm_tree_4,1000ppm_tree_4
42,1,validation,c 8,2,control_tree,control_tree
42,1,validation,800 ppm 1 8,17,800ppm_tree_1,800ppm_tree_1
42,1,validation,c 10,23,control_tree,control_tree
42,1,validation,800 ppm 1 2,57,800ppm_tree_1,800ppm_tree_1
42,1,validation,c 9,67,control_tree,control_tree
42,1,validation,c 6,80,control_tree,control_tree
42,1,validation,c 7,84,control_tree,control_tree
42,1,validation,800 ppm 1 7,89,800ppm_tree_1,800ppm_tree_1
42,1,validation,800 ppm 1 5,90,800ppm_tree_1,800ppm_tree_1
42,1,validation,800 ppm 1 10,115,800ppm_tree_1,800ppm_tree_1
42,1,validation,800 ppm 1 3,127,800ppm_tree_1,800ppm_tree_1
42,1,validation,c 5,145,control_tree,control_tree
42,1,validation,800 ppm 1 1,147,800ppm_tree_1,800ppm_tree_1
42,1,validation,c 4,148,control_tree,control_tree
42,1,validation,800 ppm 1 6,153,800ppm_tree_1,800ppm_tree_1
42,1,validation,c 3,157,control_tree,control_tree
42,1,validation,800 ppm 1 9,166,800ppm_tree_1,800ppm_tree_1
42,1,validation,800 ppm 1 4,192,800ppm_tree_1,800ppm_tree_1
42,1,validation,c 2,195,control_tree,control_tree
42,1,test,800 ppm 2 8,12,800ppm_tree_2,800ppm_tree_2
42,1,test,800 ppm 2 1,29,800ppm_tree_2,800ppm_tree_2
42,1,test,800 ppm 2 4,36,800ppm_tree_2,800ppm_tree_2
42,1,test,600 ppm 1 2,38,600ppm_tree_1,600ppm_tree_1
42,1,test,600 ppm 1 10,47,600ppm_tree_1,600ppm_tree_1
42,1,test,600 ppm 1 3,52,600ppm_tree_1,600ppm_tree_1
42,1,test,800 ppm 2 5,61,800ppm_tree_2,800ppm_tree_2
42,1,test,800 ppm 2 9,79,800ppm_tree_2,800ppm_tree_2
42,1,test,800 ppm 2 6,91,800ppm_tree_2,800ppm_tree_2
42,1,test,600 ppm 1 7,100,600ppm_tree_1,600ppm_tree_1
42,1,test,800 ppm 2 10,110,800ppm_tree_2,800ppm_tree_2
42,1,test,800 ppm 2 7,112,800ppm_tree_2,800ppm_tree_2
42,1,test,800 ppm 2 3,121,800ppm_tree_2,800ppm_tree_2
42,1,test,600 ppm 1 4,128,600ppm_tree_1,600ppm_tree_1
42,1,test,600 ppm 1 1,155,600ppm_tree_1,600ppm_tree_1
42,1,test,600 ppm 1 8,160,600ppm_tree_1,600ppm_tree_1
42,1,test,600 ppm 1 6,176,600ppm_tree_1,600ppm_tree_1
42,1,test,600 ppm 1 5,178,600ppm_tree_1,600ppm_tree_1
42,1,test,600 ppm 1 9,179,600ppm_tree_1,600ppm_tree_1
42,1,test,800 ppm 2 2,196,800ppm_tree_2,800ppm_tree_2
