inference,draw,missing_class,macro_f1,recall_medium,precision_medium,ordinal_mae,extreme_error_rate,log_loss,rps
single,0,0,0.19047619047619047,0.0,0.0,0.8,0.2,1.0872498345299102,0.20736670901453716
single,1,0,0.19047619047619047,0.0,0.0,0.8,0.2,1.08724983452991,0.20736670901453716
single,2,0,0.1111111111111111,0.0,0.0,1.0,0.2,1.0994937552887933,0.17822570291371137
single,3,0,0.1111111111111111,0.0,0.0,1.0,0.2,1.0994937552887933,0.17822570291371137
single,4,0,0.19047619047619047,0.0,0.0,0.8,0.2,1.0872498345299102,0.20736670901453716
single,5,0,0.25,0.0,0.0,0.6,0.2,1.0750059137710266,0.23650771511536287
single,6,0,0.25,0.0,0.0,0.6,0.2,1.0750059137710266,0.23650771511536287
single,7,0,0.19047619047619047,0.0,0.0,0.8,0.2,1.0872498345299102,0.20736670901453716
single,8,0,0.25,0.0,0.0,0.6,0.2,1.0750059137710266,0.23650771511536287
single,9,0,0.1111111111111111,0.0,0.0,1.0,0.2,1.0994937552887933,0.17822570291371137
single,10,0,0.19047619047619047,0.0,0.0,0.8,0.2,1.08724983452991,0.20736670901453716
single,11,0,0.25,0.0,0.0,0.6,0.2,1.0750059137710266,0.23650771511536287
single,12,0,0.19047619047619047,0.0,0.0,0.8,0.2,1.08724983452991,0.20736670901453716
single,13,0,0.25,0.0,0.0,0.6,0.2,1.0750059137710266,0.23650771511536287
single,14,0,0.19047619047619047,0.0,0.0,0.8,0.2,1.08724983452991,0.20736670901453716
single,15,0,0.25,0.0,0.0,0.6,0.2,1.0750059137710266,0.23650771511536287
single,16,0,0.19047619047619047,0.0,0.0,0.8,0.2,1.0872498345299102,0.20736670901453716
single,17,0,0.1111111111111111,0.0,0.0,1.0,0.2,1.0994937552887933,0.17822570291371137
single,18,0,0.1111111111111111,0.0,0.0,1.0,0.2,1.0994937552887933,0.17822570291371137
single,19,0,0.1111111111111111,0.0,0.0,1.0,0.2,1.0994937552887933,0.17822570291371137
single,20,0,0.25,0.0,0.0,0.6,0.2,1.0750059137710266,0.23650771511536287
single,21,0,0.1111111111111111,0.0,0.0,1.0,0.2,1.0994937552887933,0.17822570291371137
single,22,0,0.19047619047619047,0.0,0.0,0.8,0.2,1.08724983452991,0.20736670901453716
single,23,0,0.19047619047619047,0.0,0.0,0.8,0.2,1.0872498345299102,0.20736670901453716
single,24,0,0.1111111111111111,0.0,0.0,1.0,0.2,1.0994937552887933,0.17822570291371137
single,25,0,0.19047619047619047,0.0,0.0,0.8,0.2,1.0872498345299102,0.20736670901453716
single,26,0,0.1111111111111111,0.0,0.0,1.0,0.2,1.0994937552887933,0.17822570291371137
single,27,0,0.19047619047619047,0.0,0.0,0.8,0.2,1.08724983452991,0.20736670901453716
single,28,0,0.1111111111111111,0.0,0.0,1.0,0.2,1.0994937552887933,0.17822570291371137
single,29,0,0.19047619047619047,0.0,0.0,0.8,0.2,1.0872498345299102,0.20736670901453716
single,30,0,0.19047619047619047,0.0,0.0,0.8,0.2,1.0872498345299102,0.20736670901453716
single,31,0,0.25,0.0,0.0,0.6,0.2,1.0750059137710266,0.23650771511536287
single,32,0,0.25,0.0,0.0,0.6,0.2,1.0750059137710266,0.23650771511536287
single,33,0,0.25,0.0,0.0,0.6,0.2,1.0750059137710266,0.23650771511536287
single,34,0,0.1111111111111111,0.0,0.0,1.0,0.2,1.0994937552887933,0.17822570291371137
single,35,0,0.19047619047619047,0.0,0.0,0.8,0.2,1.08724983452991,0.20736670901453716
single,36,0,0.25,0.0,0.0,0.6,0.2,1.0750059137710266,0.23650771511536287
single,37,0,0.19047619047619047,0.0,0.0,0.8,0.2,1.0872498345299102,0.20736670901453716
single,38,0,0.19047619047619047,0.0,0.0,0.8,0.2,1.08724983452991,0.20736670901453716
single,39,0,0.1111111111111111,0.0,0.0,1.0,0.2,1.0994937552887933,0.17822570291371137
single,40,0,0.19047619047619047,0.0,0.0,0.8,0.2,1.08724983452991,0.20736670901453716
single,41,0,0.1111111111111111,0.0,0.0,1.0,0.2,1.0994937552887933,0.17822570291371137
single,42,0,0.1111111111111111,0.0,0.0,1.0,0.2,1.0994937552887933,0.17822570291371137
single,43,0,0.19047619047619047,0.0,0.0,0.8,0.2,1.08724983452991,0.20736670901453716
single,44,0,0.1111111111111111,0.0,0.0,1.0,0.2,1.0994937552887933,0.17822570291371137
single,45,0,0.19047619047619047,0.0,0.0,0.8,0.2,1.0872498345299102,0.20736670901453716
single,46,0,0.19047619047619047,0.0,0.0,0.8,0.2,1.08724983452991,0.20736670901453716
single,47,0,0.19047619047619047,0.0,0.0,0.8,0.2,1.0872498345299102,0.20736670901453716
single,48,0,0.19047619047619047,0.0,0.0,0.8,0.2,1.08724983452991,0.20736670901453716
single,49,0,0.25,0.0,0.0,0.6,0.2,1.0750059137710266,0.23650771511536287
single,50,0,0.19047619047619047,0.0,0.0,0.8,0.2,1.08724983452991,0.20736670901453716
single,51,0,0.1111111111111111,0.0,0.0,1.0,0.2,1.0994937552887933,0.17822570291371137
single,52,0,0.1111111111111111,0.0,0.0,1.0,0.2,1.0994937552887933,0.17822570291371137
single,53,0,0.19047619047619047,0.0,0.0,0.8,0.2,1.0872498345299102,0.20736670901453716
single,54,0,0.19047619047619047,0.0,0.0,0.8,0.2,1.0872498345299102,0.20736670901453716
single,55,0,0.19047619047619047,0.0,0.0,0.8,0.2,1.08724983452991,0.20736670901453716
single,56,0,0.25,0.0,0.0,0.6,0.2,1.0750059137710266,0.23650771511536287
single,57,0,0.19047619047619047,0.0,0.0,0.8,0.2,1.0872498345299102,0.20736670901453716
single,58,0,0.19047619047619047,0.0,0.0,0.8,0.2,1.0872498345299102,0.20736670901453716
single,59,0,0.19047619047619047,0.0,0.0,0.8,0.2,1.08724983452991,0.20736670901453716
single,60,0,0.25,0.0,0.0,0.6,0.2,1.0750059137710266,0.23650771511536287
single,61,0,0.19047619047619047,0.0,0.0,0.8,0.2,1.0872498345299102,0.20736670901453716
single,62,0,0.19047619047619047,0.0,0.0,0.8,0.2,1.0872498345299102,0.20736670901453716
single,63,0,0.1111111111111111,0.0,0.0,1.0,0.2,1.0994937552887933,0.17822570291371137
single,64,0,0.19047619047619047,0.0,0.0,0.8,0.2,1.08724983452991,0.20736670901453716
single,65,0,0.19047619047619047,0.0,0.0,0.8,0.2,1.08724983452991,0.20736670901453716
single,66,0,0.1111111111111111,0.0,0.0,1.0,0.2,1.0994937552887933,0.17822570291371137
single,67,0,0.1111111111111111,0.0,0.0,1.0,0.2,1.0994937552887933,0.17822570291371137
single,68,0,0.25,0.0,0.0,0.6,0.2,1.0750059137710266,0.23650771511536287
single,69,0,0.19047619047619047,0.0,0.0,0.8,0.2,1.0872498345299102,0.20736670901453716
single,70,0,0.19047619047619047,0.0,0.0,0.8,0.2,1.08724983452991,0.20736670901453716
single,71,0,0.19047619047619047,0.0,0.0,0.8,0.2,1.0872498345299102,0.20736670901453716
single,72,0,0.19047619047619047,0.0,0.0,0.8,0.2,1.08724983452991,0.20736670901453716
single,73,0,0.25,0.0,0.0,0.6,0.2,1.0750059137710266,0.23650771511536287
single,74,0,0.25,0.0,0.0,0.6,0.2,1.0750059137710266,0.23650771511536287
single,75,0,0.25,0.0,0.0,0.6,0.2,1.0750059137710266,0.23650771511536287
single,76,0,0.1111111111111111,0.0,0.0,1.0,0.2,1.0994937552887933,0.17822570291371137
single,77,0,0.19047619047619047,0.0,0.0,0.8,0.2,1.08724983452991,0.20736670901453716
single,78,0,0.1111111111111111,0.0,0.0,1.0,0.2,1.0994937552887933,0.17822570291371137
single,79,0,0.1111111111111111,0.0,0.0,1.0,0.2,1.0994937552887933,0.17822570291371137
single,80,0,0.19047619047619047,0.0,0.0,0.8,0.2,1.0872498345299102,0.20736670901453716
single,81,0,0.19047619047619047,0.0,0.0,0.8,0.2,1.08724983452991,0.20736670901453716
single,82,0,0.1111111111111111,0.0,0.0,1.0,0.2,1.0994937552887933,0.17822570291371137
single,83,0,0.1111111111111111,0.0,0.0,1.0,0.2,1.0994937552887933,0.17822570291371137
single,84,0,0.1111111111111111,0.0,0.0,1.0,0.2,1.0994937552887933,0.17822570291371137
single,85,0,0.25,0.0,0.0,0.6,0.2,1.0750059137710266,0.23650771511536287
single,86,0,0.19047619047619047,0.0,0.0,0.8,0.2,1.0872498345299102,0.20736670901453716
single,87,0,0.25,0.0,0.0,0.6,0.2,1.0750059137710266,0.23650771511536287
single,88,0,0.19047619047619047,0.0,0.0,0.8,0.2,1.08724983452991,0.20736670901453716
single,89,0,0.25,0.0,0.0,0.6,0.2,1.0750059137710266,0.23650771511536287
single,90,0,0.19047619047619047,0.0,0.0,0.8,0.2,1.08724983452991,0.20736670901453716
single,91,0,0.1111111111111111,0.0,0.0,1.0,0.2,1.0994937552887933,0.17822570291371137
single,92,0,0.19047619047619047,0.0,0.0,0.8,0.2,1.08724983452991,0.20736670901453716
single,93,0,0.19047619047619047,0.0,0.0,0.8,0.2,1.08724983452991,0.20736670901453716
single,94,0,0.25,0.0,0.0,0.6,0.2,1.0750059137710266,0.23650771511536287
single,95,0,0.19047619047619047,0.0,0.0,0.8,0.2,1.08724983452991,0.20736670901453716
single,96,0,0.19047619047619047,0.0,0.0,0.8,0.2,1.08724983452991,0.20736670901453716
single,97,0,0.25,0.0,0.0,0.6,0.2,1.0750059137710266,0.23650771511536287
single,98,0,0.19047619047619047,0.0,0.0,0.8,0.2,1.0872498345299102,0.20736670901453716
single,99,0,0.25,0.0,0.0,0.6,0.2,1.0750059137710266,0.23650771511536287
single,100,0,0.25,0.0,0.0,0.6,0.2,1.0750059137710266,0.23650771511536287
single,101,0,0.1111111111111111,0.0,0.0,1.0,0.2,1.0994937552887933,0.17822570291371137
single,102,0,0.25,0.0,0.0,0.6,0.2,1.0750059137710266,0.23650771511536287
single,103,0,0.1111111111111111,0.0,0.0,1.0,0.2,1.0994937552887933,0.17822570291371137
single,104,0,0.19047619047619047,0.0,0.0,0.8,0.2,1.08724983452991,0.20736670901453716
single,105,0,0.1111111111111111,0.0,0.0,1.0,0.2,1.0994937552887933,0.17822570291371137
single,106,0,0.19047619047619047,0.0,0.0,0.8,0.2,1.08724983452991,0.20736670901453716
single,107,0,0.25,0.0,0.0,0.6,0.2,1.0750059137710266,0.23650771511536287
single,108,0,0.19047619047619047,0.0,0.0,0.8,0.2,1.08724983452991,0.20736670901453716
single,109,0,0.19047619047619047,0.0,0.0,0.8,0.2,1.0872498345299102,0.20736670901453716
single,110,0,0.19047619047619047,0.0,0.0,0.8,0.2,1.08724983452991,0.20736670901453716
single,111,0,0.19047619047619047,0.0,0.0,0.8,0.2,1.0872498345299102,0.20736670901453716
single,112,0,0.25,0.0,0.0,0.6,0.2,1.0750059137710266,0.23650771511536287
single,113,0,0.19047619047619047,0.0,0.0,0.8,0.2,1.0872498345299102,0.20736670901453716
single,114,0,0.1111111111111111,0.0,0.0,1.0,0.2,1.0994937552887933,0.17822570291371137
single,115,0,0.1111111111111111,0.0,0.0,1.0,0.2,1.0994937552887933,0.17822570291371137
single,116,0,0.1111111111111111,0.0,0.0,1.0,0.2,1.0994937552887933,0.17822570291371137
single,117,0,0.25,0.0,0.0,0.6,0.2,1.0750059137710266,0.23650771511536287
single,118,0,0.1111111111111111,0.0,0.0,1.0,0.2,1.0994937552887933,0.17822570291371137
single,119,0,0.25,0.0,0.0,0.6,0.2,1.0750059137710266,0.23650771511536287
single,120,0,0.25,0.0,0.0,0.6,0.2,1.0750059137710266,0.23650771511536287
single,121,0,0.25,0.0,0.0,0.6,0.2,1.0750059137710266,0.23650771511536287
single,122,0,0.19047619047619047,0.0,0.0,0.8,0.2,1.0872498345299102,0.20736670901453716
single,123,0,0.19047619047619047,0.0,0.0,0.8,0.2,1.0872498345299102,0.20736670901453716
single,124,0,0.19047619047619047,0.0,0.0,0.8,0.2,1.0872498345299102,0.20736670901453716
single,125,0,0.1111111111111111,0.0,0.0,1.0,0.2,1.0994937552887933,0.17822570291371137
single,126,0,0.19047619047619047,0.0,0.0,0.8,0.2,1.08724983452991,0.20736670901453716
single,127,0,0.19047619047619047,0.0,0.0,0.8,0.2,1.08724983452991,0.20736670901453716
single,128,0,0.1111111111111111,0.0,0.0,1.0,0.2,1.0994937552887933,0.17822570291371137
single,129,0,0.19047619047619047,0.0,0.0,0.8,0.2,1.08724983452991,0.20736670901453716
single,130,0,0.19047619047619047,0.0,0.0,0.8,0.2,1.08724983452991,0.20736670901453716
single,131,0,0.25,0.0,0.0,0.6,0.2,1.0750059137710266,0.23650771511536287
single,132,0,0.25,0.0,0.0,0.6,0.2,1.0750059137710266,0.23650771511536287
single,133,0,0.19047619047619047,0.0,0.0,0.8,0.2,1.08724983452991,0.20736670901453716
single,134,0,0.1111111111111111,0.0,0.0,1.0,0.2,1.0994937552887933,0.17822570291371137
single,135,0,0.19047619047619047,0.0,0.0,0.8,0.2,1.08724983452991,0.20736670901453716
single,136,0,0.25,0.0,0.0,0.6,0.2,1.0750059137710266,0.23650771511536287
single,137,0,0.25,0.0,0.0,0.6,0.2,1.0750059137710266,0.23650771511536287
single,138,0,0.19047619047619047,0.0,0.0,0.8,0.2,1.0872498345299102,0.20736670901453716
single,139,0,0.25,0.0,0.0,0.6,0.2,1.0750059137710266,0.23650771511536287
single,140,0,0.25,0.0,0.0,0.6,0.2,1.0750059137710266,0.23650771511536287
single,141,0,0.19047619047619047,0.0,0.0,0.8,0.2,1.0872498345299102,0.20736670901453716
single,142,0,0.1111111111111111,0.0,0.0,1.0,0.2,1.0994937552887933,0.17822570291371137
single,143,0,0.1111111111111111,0.0,0.0,1.0,0.2,1.0994937552887933,0.17822570291371137
single,144,0,0.19047619047619047,0.0,0.0,0.8,0.2,1.08724983452991,0.20736670901453716
single,145,0,0.1111111111111111,0.0,0.0,1.0,0.2,1.0994937552887933,0.17822570291371137
single,146,0,0.1111111111111111,0.0,0.0,1.0,0.2,1.0994937552887933,0.17822570291371137
single,147,0,0.19047619047619047,0.0,0.0,0.8,0.2,1.0872498345299102,0.20736670901453716
single,148,0,0.19047619047619047,0.0,0.0,0.8,0.2,1.0872498345299102,0.20736670901453716
single,149,0,0.19047619047619047,0.0,0.0,0.8,0.2,1.0872498345299102,0.20736670901453716
single,150,0,0.19047619047619047,0.0,0.0,0.8,0.2,1.08724983452991,0.20736670901453716
single,151,0,0.1111111111111111,0.0,0.0,1.0,0.2,1.0994937552887933,0.17822570291371137
single,152,0,0.19047619047619047,0.0,0.0,0.8,0.2,1.08724983452991,0.20736670901453716
single,153,0,0.1111111111111111,0.0,0.0,1.0,0.2,1.0994937552887933,0.17822570291371137
single,154,0,0.25,0.0,0.0,0.6,0.2,1.0750059137710266,0.23650771511536287
single,155,0,0.1111111111111111,0.0,0.0,1.0,0.2,1.0994937552887933,0.17822570291371137
single,156,0,0.19047619047619047,0.0,0.0,0.8,0.2,1.08724983452991,0.20736670901453716
single,157,0,0.1111111111111111,0.0,0.0,1.0,0.2,1.0994937552887933,0.17822570291371137
single,158,0,0.1111111111111111,0.0,0.0,1.0,0.2,1.0994937552887933,0.17822570291371137
single,159,0,0.25,0.0,0.0,0.6,0.2,1.0750059137710266,0.23650771511536287
single,160,0,0.25,0.0,0.0,0.6,0.2,1.0750059137710266,0.23650771511536287
single,161,0,0.1111111111111111,0.0,0.0,1.0,0.2,1.0994937552887933,0.17822570291371137
single,162,0,0.1111111111111111,0.0,0.0,1.0,0.2,1.0994937552887933,0.17822570291371137
single,163,0,0.19047619047619047,0.0,0.0,0.8,0.2,1.08724983452991,0.20736670901453716
single,164,0,0.1111111111111111,0.0,0.0,1.0,0.2,1.0994937552887933,0.17822570291371137
single,165,0,0.1111111111111111,0.0,0.0,1.0,0.2,1.0994937552887933,0.17822570291371137
single,166,0,0.25,0.0,0.0,0.6,0.2,1.0750059137710266,0.23650771511536287
single,167,0,0.19047619047619047,0.0,0.0,0.8,0.2,1.0872498345299102,0.20736670901453716
single,168,0,0.19047619047619047,0.0,0.0,0.8,0.2,1.0872498345299102,0.20736670901453716
single,169,0,0.19047619047619047,0.0,0.0,0.8,0.2,1.0872498345299102,0.20736670901453716
single,170,0,0.1111111111111111,0.0,0.0,1.0,0.2,1.0994937552887933,0.17822570291371137
single,171,0,0.1111111111111111,0.0,0.0,1.0,0.2,1.0994937552887933,0.17822570291371137
single,172,0,0.19047619047619047,0.0,0.0,0.8,0.2,1.08724983452991,0.20736670901453716
single,173,0,0.25,0.0,0.0,0.6,0.2,1.0750059137710266,0.23650771511536287
single,174,0,0.19047619047619047,0.0,0.0,0.8,0.2,1.08724983452991,0.20736670901453716
single,175,0,0.19047619047619047,0.0,0.0,0.8,0.2,1.0872498345299102,0.20736670901453716
single,176,0,0.25,0.0,0.0,0.6,0.2,1.0750059137710266,0.23650771511536287
single,177,0,0.1111111111111111,0.0,0.0,1.0,0.2,1.0994937552887933,0.17822570291371137
single,178,0,0.19047619047619047,0.0,0.0,0.8,0.2,1.08724983452991,0.20736670901453716
single,179,0,0.19047619047619047,0.0,0.0,0.8,0.2,1.0872498345299102,0.20736670901453716
single,180,0,0.19047619047619047,0.0,0.0,0.8,0.2,1.08724983452991,0.20736670901453716
single,181,0,0.19047619047619047,0.0,0.0,0.8,0.2,1.08724983452991,0.20736670901453716
single,182,0,0.19047619047619047,0.0,0.0,0.8,0.2,1.08724983452991,0.20736670901453716
single,183,0,0.19047619047619047,0.0,0.0,0.8,0.2,1.08724983452991,0.20736670901453716
single,184,0,0.19047619047619047,0.0,0.0,0.8,0.2,1.0872498345299102,0.20736670901453716
single,185,0,0.25,0.0,0.0,0.6,0.2,1.0750059137710266,0.23650771511536287
single,186,0,0.19047619047619047,0.0,0.0,0.8,0.2,1.08724983452991,0.20736670901453716
single,187,0,0.19047619047619047,0.0,0.0,0.8,0.2,1.0872498345299102,0.20736670901453716
single,188,0,0.19047619047619047,0.0,0.0,0.8,0.2,1.08724983452991,0.20736670901453716
single,189,0,0.1111111111111111,0.0,0.0,1.0,0.2,1.0994937552887933,0.17822570291371137
single,190,0,0.19047619047619047,0.0,0.0,0.8,0.2,1.0872498345299102,0.20736670901453716
single,191,0,0.25,0.0,0.0,0.6,0.2,1.0750059137710266,0.23650771511536287
single,192,0,0.1111111111111111,0.0,0.0,1.0,0.2,1.0994937552887933,0.17822570291371137
single,193,0,0.25,0.0,0.0,0.6,0.2,1.0750059137710266,0.23650771511536287
single,194,0,0.25,0.0,0.0,0.6,0.2,1.0750059137710266,0.23650771511536287
single,195,0,0.1111111111111111,0.0,0.0,1.0,0.2,1.0994937552887933,0.17822570291371137
single,196,0,0.19047619047619047,0.0,0.0,0.8,0.2,1.08724983452991,0.20736670901453716
single,197,0,0.19047619047619047,0.0,0.0,0.8,0.2,1.0872498345299102,0.20736670901453716
single,198,0,0.19047619047619047,0.0,0.0,0.8,0.2,1.0872498345299102,0.20736670901453716
single,199,0,0.19047619047619047,0.0,0.0,0.8,0.2,1.0872498345299102,0.20736670901453716
single,200,0,0.25,0.0,0.0,0.6,0.2,1.0750059137710266,0.23650771511536287
single,201,0,0.25,0.0,0.0,0.6,0.2,1.0750059137710266,0.23650771511536287
single,202,0,0.1111111111111111,0.0,0.0,1.0,0.2,1.0994937552887933,0.17822570291371137
single,203,0,0.25,0.0,0.0,0.6,0.2,1.0750059137710266,0.23650771511536287
single,204,0,0.19047619047619047,0.0,0.0,0.8,0.2,1.08724983452991,0.20736670901453716
single,205,0,0.25,0.0,0.0,0.6,0.2,1.0750059137710266,0.23650771511536287
single,206,0,0.19047619047619047,0.0,0.0,0.8,0.2,1.0872498345299102,0.20736670901453716
single,207,0,0.1111111111111111,0.0,0.0,1.0,0.2,1.0994937552887933,0.17822570291371137
single,208,0,0.25,0.0,0.0,0.6,0.2,1.0750059137710266,0.23650771511536287
single,209,0,0.19047619047619047,0.0,0.0,0.8,0.2,1.08724983452991,0.20736670901453716
single,210,0,0.1111111111111111,0.0,0.0,1.0,0.2,1.0994937552887933,0.17822570291371137
single,211,0,0.19047619047619047,0.0,0.0,0.8,0.2,1.08724983452991,0.20736670901453716
single,212,0,0.1111111111111111,0.0,0.0,1.0,0.2,1.0994937552887933,0.17822570291371137
single,213,0,0.19047619047619047,0.0,0.0,0.8,0.2,1.0872498345299102,0.20736670901453716
single,214,0,0.19047619047619047,0.0,0.0,0.8,0.2,1.0872498345299102,0.20736670901453716
single,215,0,0.1111111111111111,0.0,0.0,1.0,0.2,1.0994937552887933,0.17822570291371137
single,216,0,0.1111111111111111,0.0,0.0,1.0,0.2,1.0994937552887933,0.17822570291371137
single,217,0,0.19047619047619047,0.0,0.0,0.8,0.2,1.08724983452991,0.20736670901453716
single,218,0,0.19047619047619047,0.0,0.0,0.8,0.2,1.08724983452991,0.20736670901453716
single,219,0,0.19047619047619047,0.0,0.0,0.8,0.2,1.0872498345299102,0.20736670901453716
single,220,0,0.1111111111111111,0.0,0.0,1.0,0.2,1.0994937552887933,0.17822570291371137
single,221,0,0.19047619047619047,0.0,0.0,0.8,0.2,1.0872498345299102,0.20736670901453716
single,222,0,0.19047619047619047,0.0,0.0,0.8,0.2,1.08724983452991,0.20736670901453716
single,223,0,0.25,0.0,0.0,0.6,0.2,1.0750059137710266,0.23650771511536287
single,224,0,0.19047619047619047,0.0,0.0,0.8,0.2,1.0872498345299102,0.20736670901453716
single,225,0,0.1111111111111111,0.0,0.0,1.0,0.2,1.0994937552887933,0.17822570291371137
single,226,0,0.25,0.0,0.0,0.6,0.2,1.0750059137710266,0.23650771511536287
single,227,0,0.19047619047619047,0.0,0.0,0.8,0.2,1.08724983452991,0.20736670901453716
single,228,0,0.19047619047619047,0.0,0.0,0.8,0.2,1.08724983452991,0.20736670901453716
single,229,0,0.19047619047619047,0.0,0.0,0.8,0.2,1.08724983452991,0.20736670901453716
single,230,0,0.19047619047619047,0.0,0.0,0.8,0.2,1.0872498345299102,0.20736670901453716
single,231,0,0.1111111111111111,0.0,0.0,1.0,0.2,1.0994937552887933,0.17822570291371137
single,232,0,0.25,0.0,0.0,0.6,0.2,1.0750059137710266,0.23650771511536287
single,233,0,0.25,0.0,0.0,0.6,0.2,1.0750059137710266,0.23650771511536287
single,234,0,0.19047619047619047,0.0,0.0,0.8,0.2,1.0872498345299102,0.20736670901453716
single,235,0,0.19047619047619047,0.0,0.0,0.8,0.2,1.0872498345299102,0.20736670901453716
single,236,0,0.1111111111111111,0.0,0.0,1.0,0.2,1.0994937552887933,0.17822570291371137
single,237,0,0.25,0.0,0.0,0.6,0.2,1.0750059137710266,0.23650771511536287
single,238,0,0.19047619047619047,0.0,0.0,0.8,0.2,1.0872498345299102,0.20736670901453716
single,239,0,0.1111111111111111,0.0,0.0,1.0,0.2,1.0994937552887933,0.17822570291371137
single,240,0,0.25,0.0,0.0,0.6,0.2,1.0750059137710266,0.23650771511536287
single,241,0,0.19047619047619047,0.0,0.0,0.8,0.2,1.08724983452991,0.20736670901453716
single,242,0,0.25,0.0,0.0,0.6,0.2,1.0750059137710266,0.23650771511536287
single,243,0,0.1111111111111111,0.0,0.0,1.0,0.2,1.0994937552887933,0.17822570291371137
single,244,0,0.19047619047619047,0.0,0.0,0.8,0.2,1.0872498345299102,0.20736670901453716
single,245,0,0.1111111111111111,0.0,0.0,1.0,0.2,1.0994937552887933,0.17822570291371137
single,246,0,0.1111111111111111,0.0,0.0,1.0,0.2,1.0994937552887933,0.17822570291371137
single,247,0,0.1111111111111111,0.0,0.0,1.0,0.2,1.0994937552887933,0.17822570291371137
single,248,0,0.19047619047619047,0.0,0.0,0.8,0.2,1.0872498345299102,0.20736670901453716
single,249,0,0.1111111111111111,0.0,0.0,1.0,0.2,1.0994937552887933,0.17822570291371137
single,250,0,0.25,0.0,0.0,0.6,0.2,1.0750059137710266,0.23650771511536287
single,251,0,0.1111111111111111,0.0,0.0,1.0,0.2,1.0994937552887933,0.17822570291371137
single,252,0,0.1111111111111111,0.0,0.0,1.0,0.2,1.0994937552887933,0.17822570291371137
single,253,0,0.19047619047619047,0.0,0.0,0.8,0.2,1.08724983452991,0.20736670901453716
single,254,0,0.19047619047619047,0.0,0.0,0.8,0.2,1.08724983452991,0.20736670901453716
single,255,0,0.25,0.0,0.0,0.6,0.2,1.0750059137710266,0.23650771511536287
single,256,0,0.1111111111111111,0.0,0.0,1.0,0.2,1.0994937552887933,0.17822570291371137
single,257,0,0.19047619047619047,0.0,0.0,0.8,0.2,1.08724983452991,0.20736670901453716
single,258,0,0.19047619047619047,0.0,0.0,0.8,0.2,1.08724983452991,0.20736670901453716
single,259,0,0.19047619047619047,0.0,0.0,0.8,0.2,1.08724983452991,0.20736670901453716
single,260,0,0.19047619047619047,0.0,0.0,0.8,0.2,1.08724983452991,0.20736670901453716
single,261,0,0.25,0.0,0.0,0.6,0.2,1.0750059137710266,0.23650771511536287
single,262,0,0.1111111111111111,0.0,0.0,1.0,0.2,1.0994937552887933,0.17822570291371137
single,263,0,0.19047619047619047,0.0,0.0,0.8,0.2,1.08724983452991,0.20736670901453716
single,264,0,0.19047619047619047,0.0,0.0,0.8,0.2,1.08724983452991,0.20736670901453716
single,265,0,0.19047619047619047,0.0,0.0,0.8,0.2,1.0872498345299102,0.20736670901453716
single,266,0,0.25,0.0,0.0,0.6,0.2,1.0750059137710266,0.23650771511536287
single,267,0,0.1111111111111111,0.0,0.0,1.0,0.2,1.0994937552887933,0.17822570291371137
single,268,0,0.25,0.0,0.0,0.6,0.2,1.0750059137710266,0.23650771511536287
single,269,0,0.19047619047619047,0.0,0.0,0.8,0.2,1.08724983452991,0.20736670901453716
single,270,0,0.1111111111111111,0.0,0.0,1.0,0.2,1.0994937552887933,0.17822570291371137
single,271,0,0.19047619047619047,0.0,0.0,0.8,0.2,1.08724983452991,0.20736670901453716
single,272,0,0.25,0.0,0.0,0.6,0.2,1.0750059137710266,0.23650771511536287
single,273,0,0.25,0.0,0.0,0.6,0.2,1.0750059137710266,0.23650771511536287
single,274,0,0.1111111111111111,0.0,0.0,1.0,0.2,1.0994937552887933,0.17822570291371137
single,275,0,0.25,0.0,0.0,0.6,0.2,1.0750059137710266,0.23650771511536287
single,276,0,0.1111111111111111,0.0,0.0,1.0,0.2,1.0994937552887933,0.17822570291371137
single,277,0,0.19047619047619047,0.0,0.0,0.8,0.2,1.0872498345299102,0.20736670901453716
single,278,0,0.19047619047619047,0.0,0.0,0.8,0.2,1.0872498345299102,0.20736670901453716
single,279,0,0.19047619047619047,0.0,0.0,0.8,0.2,1.0872498345299102,0.20736670901453716
single,280,0,0.19047619047619047,0.0,0.0,0.8,0.2,1.08724983452991,0.20736670901453716
single,281,0,0.19047619047619047,0.0,0.0,0.8,0.2,1.0872498345299102,0.20736670901453716
single,282,0,0.1111111111111111,0.0,0.0,1.0,0.2,1.0994937552887933,0.17822570291371137
single,283,0,0.25,0.0,0.0,0.6,0.2,1.0750059137710266,0.23650771511536287
single,284,0,0.19047619047619047,0.0,0.0,0.8,0.2,1.08724983452991,0.20736670901453716
single,285,0,0.25,0.0,0.0,0.6,0.2,1.0750059137710266,0.23650771511536287
single,286,0,0.25,0.0,0.0,0.6,0.2,1.0750059137710266,0.23650771511536287
single,287,0,0.19047619047619047,0.0,0.0,0.8,0.2,1.08724983452991,0.20736670901453716
single,288,0,0.19047619047619047,0.0,0.0,0.8,0.2,1.08724983452991,0.20736670901453716
single,289,0,0.25,0.0,0.0,0.6,0.2,1.0750059137710266,0.23650771511536287
single,290,0,0.1111111111111111,0.0,0.0,1.0,0.2,1.0994937552887933,0.17822570291371137
single,291,0,0.1111111111111111,0.0,0.0,1.0,0.2,1.0994937552887933,0.17822570291371137
single,292,0,0.19047619047619047,0.0,0.0,0.8,0.2,1.08724983452991,0.20736670901453716
single,293,0,0.1111111111111111,0.0,0.0,1.0,0.2,1.0994937552887933,0.17822570291371137
single,294,0,0.19047619047619047,0.0,0.0,0.8,0.2,1.08724983452991,0.20736670901453716
single,295,0,0.19047619047619047,0.0,0.0,0.8,0.2,1.0872498345299102,0.20736670901453716
single,296,0,0.1111111111111111,0.0,0.0,1.0,0.2,1.0994937552887933,0.17822570291371137
single,297,0,0.1111111111111111,0.0,0.0,1.0,0.2,1.0994937552887933,0.17822570291371137
single,298,0,0.19047619047619047,0.0,0.0,0.8,0.2,1.08724983452991,0.20736670901453716
single,299,0,0.25,0.0,0.0,0.6,0.2,1.0750059137710266,0.23650771511536287
single,300,0,0.25,0.0,0.0,0.6,0.2,1.0750059137710266,0.23650771511536287
single,301,0,0.1111111111111111,0.0,0.0,1.0,0.2,1.0994937552887933,0.17822570291371137
single,302,0,0.19047619047619047,0.0,0.0,0.8,0.2,1.0872498345299102,0.20736670901453716
single,303,0,0.25,0.0,0.0,0.6,0.2,1.0750059137710266,0.23650771511536287
single,304,0,0.1111111111111111,0.0,0.0,1.0,0.2,1.0994937552887933,0.17822570291371137
single,305,0,0.1111111111111111,0.0,0.0,1.0,0.2,1.0994937552887933,0.17822570291371137
single,306,0,0.19047619047619047,0.0,0.0,0.8,0.2,1.08724983452991,0.20736670901453716
single,307,0,0.19047619047619047,0.0,0.0,0.8,0.2,1.0872498345299102,0.20736670901453716
single,308,0,0.19047619047619047,0.0,0.0,0.8,0.2,1.0872498345299102,0.20736670901453716
single,309,0,0.1111111111111111,0.0,0.0,1.0,0.2,1.0994937552887933,0.17822570291371137
single,310,0,0.1111111111111111,0.0,0.0,1.0,0.2,1.0994937552887933,0.17822570291371137
single,311,0,0.25,0.0,0.0,0.6,0.2,1.0750059137710266,0.23650771511536287
single,312,0,0.25,0.0,0.0,0.6,0.2,1.0750059137710266,0.23650771511536287
single,313,0,0.19047619047619047,0.0,0.0,0.8,0.2,1.08724983452991,0.20736670901453716
single,314,0,0.25,0.0,0.0,0.6,0.2,1.0750059137710266,0.23650771511536287
single,315,0,0.1111111111111111,0.0,0.0,1.0,0.2,1.0994937552887933,0.17822570291371137
single,316,0,0.1111111111111111,0.0,0.0,1.0,0.2,1.0994937552887933,0.17822570291371137
single,317,0,0.25,0.0,0.0,0.6,0.2,1.0750059137710266,0.23650771511536287
single,318,0,0.19047619047619047,0.0,0.0,0.8,0.2,1.0872498345299102,0.20736670901453716
single,319,0,0.1111111111111111,0.0,0.0,1.0,0.2,1.0994937552887933,0.17822570291371137
single,320,0,0.19047619047619047,0.0,0.0,0.8,0.2,1.08724983452991,0.20736670901453716
single,321,0,0.25,0.0,0.0,0.6,0.2,1.0750059137710266,0.23650771511536287
single,322,0,0.1111111111111111,0.0,0.0,1.0,0.2,1.0994937552887933,0.17822570291371137
single,323,0,0.25,0.0,0.0,0.6,0.2,1.0750059137710266,0.23650771511536287
single,324,0,0.25,0.0,0.0,0.6,0.2,1.0750059137710266,0.23650771511536287
single,325,0,0.19047619047619047,0.0,0.0,0.8,0.2,1.08724983452991,0.20736670901453716
single,326,0,0.1111111111111111,0.0,0.0,1.0,0.2,1.0994937552887933,0.17822570291371137
single,327,0,0.19047619047619047,0.0,0.0,0.8,0.2,1.0872498345299102,0.20736670901453716
single,328,0,0.19047619047619047,0.0,0.0,0.8,0.2,1.08724983452991,0.20736670901453716
single,329,0,0.19047619047619047,0.0,0.0,0.8,0.2,1.08724983452991,0.20736670901453716
single,330,0,0.1111111111111111,0.0,0.0,1.0,0.2,1.0994937552887933,0.17822570291371137
single,331,0,0.25,0.0,0.0,0.6,0.2,1.0750059137710266,0.23650771511536287
single,332,0,0.1111111111111111,0.0,0.0,1.0,0.2,1.0994937552887933,0.17822570291371137
single,333,0,0.25,0.0,0.0,0.6,0.2,1.0750059137710266,0.23650771511536287
single,334,0,0.25,0.0,0.0,0.6,0.2,1.0750059137710266,0.23650771511536287
single,335,0,0.19047619047619047,0.0,0.0,0.8,0.2,1.0872498345299102,0.20736670901453716
single,336,0,0.25,0.0,0.0,0.6,0.2,1.0750059137710266,0.23650771511536287
single,337,0,0.19047619047619047,0.0,0.0,0.8,0.2,1.0872498345299102,0.20736670901453716
single,338,0,0.25,0.0,0.0,0.6,0.2,1.0750059137710266,0.23650771511536287
single,339,0,0.25,0.0,0.0,0.6,0.2,1.0750059137710266,0.23650771511536287
single,340,0,0.19047619047619047,0.0,0.0,0.8,0.2,1.08724983452991,0.20736670901453716
single,341,0,0.19047619047619047,0.0,0.0,0.8,0.2,1.08724983452991,0.20736670901453716
single,342,0,0.19047619047619047,0.0,0.0,0.8,0.2,1.0872498345299102,0.20736670901453716
single,343,0,0.19047619047619047,0.0,0.0,0.8,0.2,1.08724983452991,0.20736670901453716
single,344,0,0.19047619047619047,0.0,0.0,0.8,0.2,1.08724983452991,0.20736670901453716
single,345,0,0.25,0.0,0.0,0.6,0.2,1.0750059137710266,0.23650771511536287
single,346,0,0.25,0.0,0.0,0.6,0.2,1.0750059137710266,0.23650771511536287
single,347,0,0.19047619047619047,0.0,0.0,0.8,0.2,1.0872498345299102,0.20736670901453716
single,348,0,0.19047619047619047,0.0,0.0,0.8,0.2,1.0872498345299102,0.20736670901453716
single,349,0,0.25,0.0,0.0,0.6,0.2,1.0750059137710266,0.23650771511536287
single,350,0,0.19047619047619047,0.0,0.0,0.8,0.2,1.0872498345299102,0.20736670901453716
single,351,0,0.25,0.0,0.0,0.6,0.2,1.0750059137710266,0.23650771511536287
single,352,0,0.1111111111111111,0.0,0.0,1.0,0.2,1.0994937552887933,0.17822570291371137
single,353,0,0.19047619047619047,0.0,0.0,0.8,0.2,1.0872498345299102,0.20736670901453716
single,354,0,0.1111111111111111,0.0,0.0,1.0,0.2,1.0994937552887933,0.17822570291371137
single,355,0,0.19047619047619047,0.0,0.0,0.8,0.2,1.08724983452991,0.20736670901453716
single,356,0,0.19047619047619047,0.0,0.0,0.8,0.2,1.0872498345299102,0.20736670901453716
single,357,0,0.1111111111111111,0.0,0.0,1.0,0.2,1.0994937552887933,0.17822570291371137
single,358,0,0.1111111111111111,0.0,0.0,1.0,0.2,1.0994937552887933,0.17822570291371137
single,359,0,0.19047619047619047,0.0,0.0,0.8,0.2,1.08724983452991,0.20736670901453716
single,360,0,0.25,0.0,0.0,0.6,0.2,1.0750059137710266,0.23650771511536287
single,361,0,0.1111111111111111,0.0,0.0,1.0,0.2,1.0994937552887933,0.17822570291371137
single,362,0,0.19047619047619047,0.0,0.0,0.8,0.2,1.08724983452991,0.20736670901453716
single,363,0,0.25,0.0,0.0,0.6,0.2,1.0750059137710266,0.23650771511536287
single,364,0,0.19047619047619047,0.0,0.0,0.8,0.2,1.08724983452991,0.20736670901453716
single,365,0,0.19047619047619047,0.0,0.0,0.8,0.2,1.0872498345299102,0.20736670901453716
single,366,0,0.25,0.0,0.0,0.6,0.2,1.0750059137710266,0.23650771511536287
single,367,0,0.1111111111111111,0.0,0.0,1.0,0.2,1.0994937552887933,0.17822570291371137
single,368,0,0.19047619047619047,0.0,0.0,0.8,0.2,1.08724983452991,0.20736670901453716
single,369,0,0.1111111111111111,0.0,0.0,1.0,0.2,1.0994937552887933,0.17822570291371137
single,370,0,0.19047619047619047,0.0,0.0,0.8,0.2,1.0872498345299102,0.20736670901453716
single,371,0,0.1111111111111111,0.0,0.0,1.0,0.2,1.0994937552887933,0.17822570291371137
single,372,0,0.25,0.0,0.0,0.6,0.2,1.0750059137710266,0.23650771511536287
single,373,0,0.1111111111111111,0.0,0.0,1.0,0.2,1.0994937552887933,0.17822570291371137
single,374,0,0.19047619047619047,0.0,0.0,0.8,0.2,1.08724983452991,0.20736670901453716
single,375,0,0.19047619047619047,0.0,0.0,0.8,0.2,1.0872498345299102,0.20736670901453716
single,376,0,0.19047619047619047,0.0,0.0,0.8,0.2,1.08724983452991,0.20736670901453716
single,377,0,0.1111111111111111,0.0,0.0,1.0,0.2,1.0994937552887933,0.17822570291371137
single,378,0,0.19047619047619047,0.0,0.0,0.8,0.2,1.0872498345299102,0.20736670901453716
single,379,0,0.25,0.0,0.0,0.6,0.2,1.0750059137710266,0.23650771511536287
single,380,0,0.1111111111111111,0.0,0.0,1.0,0.2,1.0994937552887933,0.17822570291371137
single,381,0,0.19047619047619047,0.0,0.0,0.8,0.2,1.08724983452991,0.20736670901453716
single,382,0,0.19047619047619047,0.0,0.0,0.8,0.2,1.0872498345299102,0.20736670901453716
single,383,0,0.1111111111111111,0.0,0.0,1.0,0.2,1.0994937552887933,0.17822570291371137
single,384,0,0.1111111111111111,0.0,0.0,1.0,0.2,1.0994937552887933,0.17822570291371137
single,385,0,0.1111111111111111,0.0,0.0,1.0,0.2,1.0994937552887933,0.17822570291371137
single,386,0,0.19047619047619047,0.0,0.0,0.8,0.2,1.0872498345299102,0.20736670901453716
single,387,0,0.19047619047619047,0.0,0.0,0.8,0.2,1.08724983452991,0.20736670901453716
single,388,0,0.25,0.0,0.0,0.6,0.2,1.0750059137710266,0.23650771511536287
single,389,0,0.19047619047619047,0.0,0.0,0.8,0.2,1.0872498345299102,0.20736670901453716
single,390,0,0.25,0.0,0.0,0.6,0.2,1.0750059137710266,0.23650771511536287
single,391,0,0.1111111111111111,0.0,0.0,1.0,0.2,1.0994937552887933,0.17822570291371137
single,392,0,0.19047619047619047,0.0,0.0,0.8,0.2,1.08724983452991,0.20736670901453716
single,393,0,0.19047619047619047,0.0,0.0,0.8,0.2,1.0872498345299102,0.20736670901453716
single,394,0,0.19047619047619047,0.0,0.0,0.8,0.2,1.08724983452991,0.20736670901453716
single,395,0,0.19047619047619047,0.0,0.0,0.8,0.2,1.08724983452991,0.20736670901453716
single,396,0,0.1111111111111111,0.0,0.0,1.0,0.2,1.0994937552887933,0.17822570291371137
single,397,0,0.19047619047619047,0.0,0.0,0.8,0.2,1.08724983452991,0.20736670901453716
single,398,0,0.25,0.0,0.0,0.6,0.2,1.0750059137710266,0.23650771511536287
single,399,0,0.25,0.0,0.0,0.6,0.2,1.0750059137710266,0.23650771511536287
single,400,0,0.19047619047619047,0.0,0.0,0.8,0.2,1.0872498345299102,0.20736670901453716
single,401,0,0.19047619047619047,0.0,0.0,0.8,0.2,1.0872498345299102,0.20736670901453716
single,402,0,0.19047619047619047,0.0,0.0,0.8,0.2,1.0872498345299102,0.20736670901453716
single,403,0,0.19047619047619047,0.0,0.0,0.8,0.2,1.0872498345299102,0.20736670901453716
single,404,0,0.19047619047619047,0.0,0.0,0.8,0.2,1.0872498345299102,0.20736670901453716
single,405,0,0.19047619047619047,0.0,0.0,0.8,0.2,1.08724983452991,0.20736670901453716
single,406,0,0.1111111111111111,0.0,0.0,1.0,0.2,1.0994937552887933,0.17822570291371137
single,407,0,0.25,0.0,0.0,0.6,0.2,1.0750059137710266,0.23650771511536287
single,408,0,0.19047619047619047,0.0,0.0,0.8,0.2,1.0872498345299102,0.20736670901453716
single,409,0,0.19047619047619047,0.0,0.0,0.8,0.2,1.08724983452991,0.20736670901453716
single,410,0,0.19047619047619047,0.0,0.0,0.8,0.2,1.0872498345299102,0.20736670901453716
single,411,0,0.19047619047619047,0.0,0.0,0.8,0.2,1.08724983452991,0.20736670901453716
single,412,0,0.19047619047619047,0.0,0.0,0.8,0.2,1.08724983452991,0.20736670901453716
single,413,0,0.19047619047619047,0.0,0.0,0.8,0.2,1.08724983452991,0.20736670901453716
single,414,0,0.1111111111111111,0.0,0.0,1.0,0.2,1.0994937552887933,0.17822570291371137
single,415,0,0.1111111111111111,0.0,0.0,1.0,0.2,1.0994937552887933,0.17822570291371137
single,416,0,0.25,0.0,0.0,0.6,0.2,1.0750059137710266,0.23650771511536287
single,417,0,0.25,0.0,0.0,0.6,0.2,1.0750059137710266,0.23650771511536287
single,418,0,0.19047619047619047,0.0,0.0,0.8,0.2,1.0872498345299102,0.20736670901453716
single,419,0,0.19047619047619047,0.0,0.0,0.8,0.2,1.08724983452991,0.20736670901453716
single,420,0,0.1111111111111111,0.0,0.0,1.0,0.2,1.0994937552887933,0.17822570291371137
single,421,0,0.1111111111111111,0.0,0.0,1.0,0.2,1.0994937552887933,0.17822570291371137
single,422,0,0.25,0.0,0.0,0.6,0.2,1.0750059137710266,0.23650771511536287
single,423,0,0.19047619047619047,0.0,0.0,0.8,0.2,1.08724983452991,0.20736670901453716
single,424,0,0.19047619047619047,0.0,0.0,0.8,0.2,1.0872498345299102,0.20736670901453716
single,425,0,0.19047619047619047,0.0,0.0,0.8,0.2,1.0872498345299102,0.20736670901453716
single,426,0,0.19047619047619047,0.0,0.0,0.8,0.2,1.0872498345299102,0.20736670901453716
single,427,0,0.19047619047619047,0.0,0.0,0.8,0.2,1.0872498345299102,0.20736670901453716
single,428,0,0.19047619047619047,0.0,0.0,0.8,0.2,1.08724983452991,0.20736670901453716
single,429,0,0.19047619047619047,0.0,0.0,0.8,0.2,1.08724983452991,0.20736670901453716
single,430,0,0.25,0.0,0.0,0.6,0.2,1.0750059137710266,0.23650771511536287
single,431,0,0.19047619047619047,0.0,0.0,0.8,0.2,1.0872498345299102,0.20736670901453716
single,432,0,0.1111111111111111,0.0,0.0,1.0,0.2,1.0994937552887933,0.17822570291371137
single,433,0,0.19047619047619047,0.0,0.0,0.8,0.2,1.08724983452991,0.20736670901453716
single,434,0,0.1111111111111111,0.0,0.0,1.0,0.2,1.0994937552887933,0.17822570291371137
single,435,0,0.1111111111111111,0.0,0.0,1.0,0.2,1.0994937552887933,0.17822570291371137
single,436,0,0.25,0.0,0.0,0.6,0.2,1.0750059137710266,0.23650771511536287
single,437,0,0.1111111111111111,0.0,0.0,1.0,0.2,1.0994937552887933,0.17822570291371137
single,438,0,0.19047619047619047,0.0,0.0,0.8,0.2,1.0872498345299102,0.20736670901453716
single,439,0,0.1111111111111111,0.0,0.0,1.0,0.2,1.0994937552887933,0.17822570291371137
single,440,0,0.19047619047619047,0.0,0.0,0.8,0.2,1.08724983452991,0.20736670901453716
single,441,0,0.19047619047619047,0.0,0.0,0.8,0.2,1.0872498345299102,0.20736670901453716
single,442,0,0.25,0.0,0.0,0.6,0.2,1.0750059137710266,0.23650771511536287
single,443,0,0.1111111111111111,0.0,0.0,1.0,0.2,1.0994937552887933,0.17822570291371137
single,444,0,0.19047619047619047,0.0,0.0,0.8,0.2,1.0872498345299102,0.20736670901453716
single,445,0,0.19047619047619047,0.0,0.0,0.8,0.2,1.0872498345299102,0.20736670901453716
single,446,0,0.19047619047619047,0.0,0.0,0.8,0.2,1.08724983452991,0.20736670901453716
single,447,0,0.19047619047619047,0.0,0.0,0.8,0.2,1.0872498345299102,0.20736670901453716
single,448,0,0.25,0.0,0.0,0.6,0.2,1.0750059137710266,0.23650771511536287
single,449,0,0.19047619047619047,0.0,0.0,0.8,0.2,1.08724983452991,0.20736670901453716
single,450,0,0.19047619047619047,0.0,0.0,0.8,0.2,1.08724983452991,0.20736670901453716
single,451,0,0.1111111111111111,0.0,0.0,1.0,0.2,1.0994937552887933,0.17822570291371137
single,452,0,0.19047619047619047,0.0,0.0,0.8,0.2,1.0872498345299102,0.20736670901453716
single,453,0,0.19047619047619047,0.0,0.0,0.8,0.2,1.08724983452991,0.20736670901453716
single,454,0,0.1111111111111111,0.0,0.0,1.0,0.2,1.0994937552887933,0.17822570291371137
single,455,0,0.1111111111111111,0.0,0.0,1.0,0.2,1.0994937552887933,0.17822570291371137
single,456,0,0.25,0.0,0.0,0.6,0.2,1.0750059137710266,0.23650771511536287
single,457,0,0.25,0.0,0.0,0.6,0.2,1.0750059137710266,0.23650771511536287
single,458,0,0.19047619047619047,0.0,0.0,0.8,0.2,1.0872498345299102,0.20736670901453716
single,459,0,0.19047619047619047,0.0,0.0,0.8,0.2,1.0872498345299102,0.20736670901453716
single,460,0,0.25,0.0,0.0,0.6,0.2,1.0750059137710266,0.23650771511536287
single,461,0,0.19047619047619047,0.0,0.0,0.8,0.2,1.08724983452991,0.20736670901453716
single,462,0,0.25,0.0,0.0,0.6,0.2,1.0750059137710266,0.23650771511536287
single,463,0,0.19047619047619047,0.0,0.0,0.8,0.2,1.08724983452991,0.20736670901453716
single,464,0,0.1111111111111111,0.0,0.0,1.0,0.2,1.0994937552887933,0.17822570291371137
single,465,0,0.19047619047619047,0.0,0.0,0.8,0.2,1.0872498345299102,0.20736670901453716
single,466,0,0.1111111111111111,0.0,0.0,1.0,0.2,1.0994937552887933,0.17822570291371137
single,467,0,0.19047619047619047,0.0,0.0,0.8,0.2,1.08724983452991,0.20736670901453716
single,468,0,0.19047619047619047,0.0,0.0,0.8,0.2,1.0872498345299102,0.20736670901453716
single,469,0,0.1111111111111111,0.0,0.0,1.0,0.2,1.0994937552887933,0.17822570291371137
single,470,0,0.19047619047619047,0.0,0.0,0.8,0.2,1.0872498345299102,0.20736670901453716
single,471,0,0.19047619047619047,0.0,0.0,0.8,0.2,1.08724983452991,0.20736670901453716
single,472,0,0.19047619047619047,0.0,0.0,0.8,0.2,1.0872498345299102,0.20736670901453716
single,473,0,0.25,0.0,0.0,0.6,0.2,1.0750059137710266,0.23650771511536287
single,474,0,0.19047619047619047,0.0,0.0,0.8,0.2,1.0872498345299102,0.20736670901453716
single,475,0,0.25,0.0,0.0,0.6,0.2,1.0750059137710266,0.23650771511536287
single,476,0,0.19047619047619047,0.0,0.0,0.8,0.2,1.08724983452991,0.20736670901453716
single,477,0,0.25,0.0,0.0,0.6,0.2,1.0750059137710266,0.23650771511536287
single,478,0,0.19047619047619047,0.0,0.0,0.8,0.2,1.0872498345299102,0.20736670901453716
single,479,0,0.19047619047619047,0.0,0.0,0.8,0.2,1.08724983452991,0.20736670901453716
single,480,0,0.1111111111111111,0.0,0.0,1.0,0.2,1.0994937552887933,0.17822570291371137
single,481,0,0.1111111111111111,0.0,0.0,1.0,0.2,1.0994937552887933,0.17822570291371137
single,482,0,0.1111111111111111,0.0,0.0,1.0,0.2,1.0994937552887933,0.17822570291371137
single,483,0,0.19047619047619047,0.0,0.0,0.8,0.2,1.0872498345299102,0.20736670901453716
single,484,0,0.19047619047619047,0.0,0.0,0.8,0.2,1.0872498345299102,0.20736670901453716
single,485,0,0.19047619047619047,0.0,0.0,0.8,0.2,1.08724983452991,0.20736670901453716
single,486,0,0.19047619047619047,0.0,0.0,0.8,0.2,1.0872498345299102,0.20736670901453716
single,487,0,0.1111111111111111,0.0,0.0,1.0,0.2,1.0994937552887933,0.17822570291371137
single,488,0,0.25,0.0,0.0,0.6,0.2,1.0750059137710266,0.23650771511536287
single,489,0,0.1111111111111111,0.0,0.0,1.0,0.2,1.0994937552887933,0.17822570291371137
single,490,0,0.19047619047619047,0.0,0.0,0.8,0.2,1.08724983452991,0.20736670901453716
single,491,0,0.25,0.0,0.0,0.6,0.2,1.0750059137710266,0.23650771511536287
single,492,0,0.19047619047619047,0.0,0.0,0.8,0.2,1.08724983452991,0.20736670901453716
single,493,0,0.25,0.0,0.0,0.6,0.2,1.0750059137710266,0.23650771511536287
single,494,0,0.25,0.0,0.0,0.6,0.2,1.0750059137710266,0.23650771511536287
single,495,0,0.19047619047619047,0.0,0.0,0.8,0.2,1.08724983452991,0.20736670901453716
single,496,0,0.25,0.0,0.0,0.6,0.2,1.0750059137710266,0.23650771511536287
single,497,0,0.1111111111111111,0.0,0.0,1.0,0.2,1.0994937552887933,0.17822570291371137
single,498,0,0.1111111111111111,0.0,0.0,1.0,0.2,1.0994937552887933,0.17822570291371137
single,499,0,0.1111111111111111,0.0,0.0,1.0,0.2,1.0994937552887933,0.17822570291371137
single,500,0,0.19047619047619047,0.0,0.0,0.8,0.2,1.08724983452991,0.20736670901453716
single,501,0,0.19047619047619047,0.0,0.0,0.8,0.2,1.0872498345299102,0.20736670901453716
single,502,0,0.25,0.0,0.0,0.6,0.2,1.0750059137710266,0.23650771511536287
single,503,0,0.19047619047619047,0.0,0.0,0.8,0.2,1.0872498345299102,0.20736670901453716
single,504,0,0.1111111111111111,0.0,0.0,1.0,0.2,1.0994937552887933,0.17822570291371137
single,505,0,0.19047619047619047,0.0,0.0,0.8,0.2,1.0872498345299102,0.20736670901453716
single,506,0,0.1111111111111111,0.0,0.0,1.0,0.2,1.0994937552887933,0.17822570291371137
single,507,0,0.1111111111111111,0.0,0.0,1.0,0.2,1.0994937552887933,0.17822570291371137
single,508,0,0.19047619047619047,0.0,0.0,0.8,0.2,1.0872498345299102,0.20736670901453716
single,509,0,0.19047619047619047,0.0,0.0,0.8,0.2,1.08724983452991,0.20736670901453716
single,510,0,0.1111111111111111,0.0,0.0,1.0,0.2,1.0994937552887933,0.17822570291371137
single,511,0,0.1111111111111111,0.0,0.0,1.0,0.2,1.0994937552887933,0.17822570291371137
single,512,0,0.19047619047619047,0.0,0.0,0.8,0.2,1.08724983452991,0.20736670901453716
single,513,0,0.1111111111111111,0.0,0.0,1.0,0.2,1.0994937552887933,0.17822570291371137
single,514,0,0.25,0.0,0.0,0.6,0.2,1.0750059137710266,0.23650771511536287
single,515,0,0.25,0.0,0.0,0.6,0.2,1.0750059137710266,0.23650771511536287
single,516,0,0.19047619047619047,0.0,0.0,0.8,0.2,1.0872498345299102,0.20736670901453716
single,517,0,0.19047619047619047,0.0,0.0,0.8,0.2,1.08724983452991,0.20736670901453716
single,518,0,0.25,0.0,0.0,0.6,0.2,1.0750059137710266,0.23650771511536287
single,519,0,0.19047619047619047,0.0,0.0,0.8,0.2,1.0872498345299102,0.20736670901453716
single,520,0,0.19047619047619047,0.0,0.0,0.8,0.2,1.08724983452991,0.20736670901453716
single,521,0,0.25,0.0,0.0,0.6,0.2,1.0750059137710266,0.23650771511536287
single,522,0,0.25,0.0,0.0,0.6,0.2,1.0750059137710266,0.23650771511536287
single,523,0,0.19047619047619047,0.0,0.0,0.8,0.2,1.08724983452991,0.20736670901453716
single,524,0,0.1111111111111111,0.0,0.0,1.0,0.2,1.0994937552887933,0.17822570291371137
single,525,0,0.25,0.0,0.0,0.6,0.2,1.0750059137710266,0.23650771511536287
single,526,0,0.19047619047619047,0.0,0.0,0.8,0.2,1.08724983452991,0.20736670901453716
single,527,0,0.19047619047619047,0.0,0.0,0.8,0.2,1.08724983452991,0.20736670901453716
single,528,0,0.1111111111111111,0.0,0.0,1.0,0.2,1.0994937552887933,0.17822570291371137
single,529,0,0.25,0.0,0.0,0.6,0.2,1.0750059137710266,0.23650771511536287
single,530,0,0.19047619047619047,0.0,0.0,0.8,0.2,1.08724983452991,0.20736670901453716
single,531,0,0.19047619047619047,0.0,0.0,0.8,0.2,1.08724983452991,0.20736670901453716
single,532,0,0.19047619047619047,0.0,0.0,0.8,0.2,1.0872498345299102,0.20736670901453716
single,533,0,0.25,0.0,0.0,0.6,0.2,1.0750059137710266,0.23650771511536287
single,534,0,0.19047619047619047,0.0,0.0,0.8,0.2,1.08724983452991,0.20736670901453716
single,535,0,0.1111111111111111,0.0,0.0,1.0,0.2,1.0994937552887933,0.17822570291371137
single,536,0,0.19047619047619047,0.0,0.0,0.8,0.2,1.08724983452991,0.20736670901453716
single,537,0,0.19047619047619047,0.0,0.0,0.8,0.2,1.0872498345299102,0.20736670901453716
single,538,0,0.19047619047619047,0.0,0.0,0.8,0.2,1.08724983452991,0.20736670901453716
single,539,0,0.19047619047619047,0.0,0.0,0.8,0.2,1.08724983452991,0.20736670901453716
single,540,0,0.19047619047619047,0.0,0.0,0.8,0.2,1.08724983452991,0.20736670901453716
single,541,0,0.19047619047619047,0.0,0.0,0.8,0.2,1.08724983452991,0.20736670901453716
single,542,0,0.19047619047619047,0.0,0.0,0.8,0.2,1.08724983452991,0.20736670901453716
single,543,0,0.1111111111111111,0.0,0.0,1.0,0.2,1.0994937552887933,0.17822570291371137
single,544,0,0.25,0.0,0.0,0.6,0.2,1.0750059137710266,0.23650771511536287
single,545,0,0.19047619047619047,0.0,0.0,0.8,0.2,1.08724983452991,0.20736670901453716
single,546,0,0.1111111111111111,0.0,0.0,1.0,0.2,1.0994937552887933,0.17822570291371137
single,547,0,0.1111111111111111,0.0,0.0,1.0,0.2,1.0994937552887933,0.17822570291371137
single,548,0,0.25,0.0,0.0,0.6,0.2,1.0750059137710266,0.23650771511536287
single,549,0,0.19047619047619047,0.0,0.0,0.8,0.2,1.08724983452991,0.20736670901453716
single,550,0,0.19047619047619047,0.0,0.0,0.8,0.2,1.08724983452991,0.20736670901453716
single,551,0,0.1111111111111111,0.0,0.0,1.0,0.2,1.0994937552887933,0.17822570291371137
single,552,0,0.1111111111111111,0.0,0.0,1.0,0.2,1.0994937552887933,0.17822570291371137
single,553,0,0.25,0.0,0.0,0.6,0.2,1.0750059137710266,0.23650771511536287
single,554,0,0.19047619047619047,0.0,0.0,0.8,0.2,1.08724983452991,0.20736670901453716
single,555,0,0.25,0.0,0.0,0.6,0.2,1.0750059137710266,0.23650771511536287
single,556,0,0.19047619047619047,0.0,0.0,0.8,0.2,1.08724983452991,0.20736670901453716
single,557,0,0.1111111111111111,0.0,0.0,1.0,0.2,1.0994937552887933,0.17822570291371137
single,558,0,0.25,0.0,0.0,0.6,0.2,1.0750059137710266,0.23650771511536287
single,559,0,0.19047619047619047,0.0,0.0,0.8,0.2,1.08724983452991,0.20736670901453716
single,560,0,0.19047619047619047,0.0,0.0,0.8,0.2,1.08724983452991,0.20736670901453716
single,561,0,0.19047619047619047,0.0,0.0,0.8,0.2,1.0872498345299102,0.20736670901453716
single,562,0,0.19047619047619047,0.0,0.0,0.8,0.2,1.0872498345299102,0.20736670901453716
single,563,0,0.19047619047619047,0.0,0.0,0.8,0.2,1.08724983452991,0.20736670901453716
single,564,0,0.19047619047619047,0.0,0.0,0.8,0.2,1.0872498345299102,0.20736670901453716
single,565,0,0.19047619047619047,0.0,0.0,0.8,0.2,1.0872498345299102,0.20736670901453716
single,566,0,0.19047619047619047,0.0,0.0,0.8,0.2,1.08724983452991,0.20736670901453716
single,567,0,0.25,0.0,0.0,0.6,0.2,1.0750059137710266,0.23650771511536287
single,568,0,0.19047619047619047,0.0,0.0,0.8,0.2,1.08724983452991,0.20736670901453716
single,569,0,0.19047619047619047,0.0,0.0,0.8,0.2,1.08724983452991,0.20736670901453716
single,570,0,0.19047619047619047,0.0,0.0,0.8,0.2,1.08724983452991,0.20736670901453716
single,571,0,0.19047619047619047,0.0,0.0,0.8,0.2,1.08724983452991,0.20736670901453716
single,572,0,0.25,0.0,0.0,0.6,0.2,1.0750059137710266,0.23650771511536287
single,573,0,0.25,0.0,0.0,0.6,0.2,1.0750059137710266,0.23650771511536287
single,574,0,0.19047619047619047,0.0,0.0,0.8,0.2,1.0872498345299102,0.20736670901453716
single,575,0,0.19047619047619047,0.0,0.0,0.8,0.2,1.0872498345299102,0.20736670901453716
single,576,0,0.19047619047619047,0.0,0.0,0.8,0.2,1.08724983452991,0.20736670901453716
single,577,0,0.19047619047619047,0.0,0.0,0.8,0.2,1.0872498345299102,0.20736670901453716
single,578,0,0.19047619047619047,0.0,0.0,0.8,0.2,1.0872498345299102,0.20736670901453716
single,579,0,0.25,0.0,0.0,0.6,0.2,1.0750059137710266,0.23650771511536287
single,580,0,0.19047619047619047,0.0,0.0,0.8,0.2,1.08724983452991,0.20736670901453716
single,581,0,0.19047619047619047,0.0,0.0,0.8,0.2,1.0872498345299102,0.20736670901453716
single,582,0,0.19047619047619047,0.0,0.0,0.8,0.2,1.0872498345299102,0.20736670901453716
single,583,0,0.19047619047619047,0.0,0.0,0.8,0.2,1.08724983452991,0.20736670901453716
single,584,0,0.1111111111111111,0.0,0.0,1.0,0.2,1.0994937552887933,0.17822570291371137
single,585,0,0.19047619047619047,0.0,0.0,0.8,0.2,1.08724983452991,0.20736670901453716
single,586,0,0.19047619047619047,0.0,0.0,0.8,0.2,1.0872498345299102,0.20736670901453716
single,587,0,0.25,0.0,0.0,0.6,0.2,1.0750059137710266,0.23650771511536287
single,588,0,0.1111111111111111,0.0,0.0,1.0,0.2,1.0994937552887933,0.17822570291371137
single,589,0,0.1111111111111111,0.0,0.0,1.0,0.2,1.0994937552887933,0.17822570291371137
single,590,0,0.1111111111111111,0.0,0.0,1.0,0.2,1.0994937552887933,0.17822570291371137
single,591,0,0.25,0.0,0.0,0.6,0.2,1.0750059137710266,0.23650771511536287
single,592,0,0.19047619047619047,0.0,0.0,0.8,0.2,1.08724983452991,0.20736670901453716
single,593,0,0.1111111111111111,0.0,0.0,1.0,0.2,1.0994937552887933,0.17822570291371137
single,594,0,0.19047619047619047,0.0,0.0,0.8,0.2,1.0872498345299102,0.20736670901453716
single,595,0,0.19047619047619047,0.0,0.0,0.8,0.2,1.0872498345299102,0.20736670901453716
single,596,0,0.19047619047619047,0.0,0.0,0.8,0.2,1.08724983452991,0.20736670901453716
single,597,0,0.19047619047619047,0.0,0.0,0.8,0.2,1.0872498345299102,0.20736670901453716
single,598,0,0.19047619047619047,0.0,0.0,0.8,0.2,1.08724983452991,0.20736670901453716
single,599,0,0.1111111111111111,0.0,0.0,1.0,0.2,1.0994937552887933,0.17822570291371137
single,600,0,0.25,0.0,0.0,0.6,0.2,1.0750059137710266,0.23650771511536287
single,601,0,0.19047619047619047,0.0,0.0,0.8,0.2,1.08724983452991,0.20736670901453716
single,602,0,0.25,0.0,0.0,0.6,0.2,1.0750059137710266,0.23650771511536287
single,603,0,0.19047619047619047,0.0,0.0,0.8,0.2,1.0872498345299102,0.20736670901453716
single,604,0,0.19047619047619047,0.0,0.0,0.8,0.2,1.08724983452991,0.20736670901453716
single,605,0,0.19047619047619047,0.0,0.0,0.8,0.2,1.08724983452991,0.20736670901453716
single,606,0,0.19047619047619047,0.0,0.0,0.8,0.2,1.08724983452991,0.20736670901453716
single,607,0,0.1111111111111111,0.0,0.0,1.0,0.2,1.0994937552887933,0.17822570291371137
single,608,0,0.19047619047619047,0.0,0.0,0.8,0.2,1.08724983452991,0.20736670901453716
single,609,0,0.19047619047619047,0.0,0.0,0.8,0.2,1.08724983452991,0.20736670901453716
single,610,0,0.19047619047619047,0.0,0.0,0.8,0.2,1.08724983452991,0.20736670901453716
single,611,0,0.19047619047619047,0.0,0.0,0.8,0.2,1.0872498345299102,0.20736670901453716
single,612,0,0.25,0.0,0.0,0.6,0.2,1.0750059137710266,0.23650771511536287
single,613,0,0.19047619047619047,0.0,0.0,0.8,0.2,1.08724983452991,0.20736670901453716
single,614,0,0.25,0.0,0.0,0.6,0.2,1.0750059137710266,0.23650771511536287
single,615,0,0.25,0.0,0.0,0.6,0.2,1.0750059137710266,0.23650771511536287
single,616,0,0.1111111111111111,0.0,0.0,1.0,0.2,1.0994937552887933,0.17822570291371137
single,617,0,0.25,0.0,0.0,0.6,0.2,1.0750059137710266,0.23650771511536287
single,618,0,0.1111111111111111,0.0,0.0,1.0,0.2,1.0994937552887933,0.17822570291371137
single,619,0,0.19047619047619047,0.0,0.0,0.8,0.2,1.0872498345299102,0.20736670901453716
single,620,0,0.19047619047619047,0.0,0.0,0.8,0.2,1.08724983452991,0.20736670901453716
single,621,0,0.25,0.0,0.0,0.6,0.2,1.0750059137710266,0.23650771511536287
single,622,0,0.25,0.0,0.0,0.6,0.2,1.0750059137710266,0.23650771511536287
single,623,0,0.1111111111111111,0.0,0.0,1.0,0.2,1.0994937552887933,0.17822570291371137
single,624,0,0.25,0.0,0.0,0.6,0.2,1.0750059137710266,0.23650771511536287
single,625,0,0.19047619047619047,0.0,0.0,0.8,0.2,1.08724983452991,0.20736670901453716
single,626,0,0.1111111111111111,0.0,0.0,1.0,0.2,1.0994937552887933,0.17822570291371137
single,627,0,0.25,0.0,0.0,0.6,0.2,1.0750059137710266,0.23650771511536287
single,628,0,0.19047619047619047,0.0,0.0,0.8,0.2,1.08724983452991,0.20736670901453716
single,629,0,0.19047619047619047,0.0,0.0,0.8,0.2,1.0872498345299102,0.20736670901453716
single,630,0,0.19047619047619047,0.0,0.0,0.8,0.2,1.0872498345299102,0.20736670901453716
single,631,0,0.19047619047619047,0.0,0.0,0.8,0.2,1.08724983452991,0.20736670901453716
single,632,0,0.25,0.0,0.0,0.6,0.2,1.0750059137710266,0.23650771511536287
single,633,0,0.19047619047619047,0.0,0.0,0.8,0.2,1.08724983452991,0.20736670901453716
single,634,0,0.19047619047619047,0.0,0.0,0.8,0.2,1.08724983452991,0.20736670901453716
single,635,0,0.19047619047619047,0.0,0.0,0.8,0.2,1.08724983452991,0.20736670901453716
single,636,0,0.25,0.0,0.0,0.6,0.2,1.0750059137710266,0.23650771511536287
single,637,0,0.19047619047619047,0.0,0.0,0.8,0.2,1.08724983452991,0.20736670901453716
single,638,0,0.19047619047619047,0.0,0.0,0.8,0.2,1.0872498345299102,0.20736670901453716
single,639,0,0.1111111111111111,0.0,0.0,1.0,0.2,1.0994937552887933,0.17822570291371137
single,640,0,0.19047619047619047,0.0,0.0,0.8,0.2,1.08724983452991,0.20736670901453716
single,641,0,0.19047619047619047,0.0,0.0,0.8,0.2,1.0872498345299102,0.20736670901453716
single,642,0,0.1111111111111111,0.0,0.0,1.0,0.2,1.0994937552887933,0.17822570291371137
single,643,0,0.19047619047619047,0.0,0.0,0.8,0.2,1.0872498345299102,0.20736670901453716
single,644,0,0.19047619047619047,0.0,0.0,0.8,0.2,1.0872498345299102,0.20736670901453716
single,645,0,0.19047619047619047,0.0,0.0,0.8,0.2,1.08724983452991,0.20736670901453716
single,646,0,0.19047619047619047,0.0,0.0,0.8,0.2,1.08724983452991,0.20736670901453716
single,647,0,0.19047619047619047,0.0,0.0,0.8,0.2,1.0872498345299102,0.20736670901453716
single,648,0,0.25,0.0,0.0,0.6,0.2,1.0750059137710266,0.23650771511536287
single,649,0,0.1111111111111111,0.0,0.0,1.0,0.2,1.0994937552887933,0.17822570291371137
single,650,0,0.19047619047619047,0.0,0.0,0.8,0.2,1.08724983452991,0.20736670901453716
single,651,0,0.19047619047619047,0.0,0.0,0.8,0.2,1.08724983452991,0.20736670901453716
single,652,0,0.19047619047619047,0.0,0.0,0.8,0.2,1.08724983452991,0.20736670901453716
single,653,0,0.19047619047619047,0.0,0.0,0.8,0.2,1.0872498345299102,0.20736670901453716
single,654,0,0.25,0.0,0.0,0.6,0.2,1.0750059137710266,0.23650771511536287
single,655,0,0.1111111111111111,0.0,0.0,1.0,0.2,1.0994937552887933,0.17822570291371137
single,656,0,0.25,0.0,0.0,0.6,0.2,1.0750059137710266,0.23650771511536287
single,657,0,0.25,0.0,0.0,0.6,0.2,1.0750059137710266,0.23650771511536287
single,658,0,0.19047619047619047,0.0,0.0,0.8,0.2,1.08724983452991,0.20736670901453716
single,659,0,0.19047619047619047,0.0,0.0,0.8,0.2,1.08724983452991,0.20736670901453716
single,660,0,0.25,0.0,0.0,0.6,0.2,1.0750059137710266,0.23650771511536287
single,661,0,0.19047619047619047,0.0,0.0,0.8,0.2,1.08724983452991,0.20736670901453716
single,662,0,0.25,0.0,0.0,0.6,0.2,1.0750059137710266,0.23650771511536287
single,663,0,0.1111111111111111,0.0,0.0,1.0,0.2,1.0994937552887933,0.17822570291371137
single,664,0,0.19047619047619047,0.0,0.0,0.8,0.2,1.08724983452991,0.20736670901453716
single,665,0,0.19047619047619047,0.0,0.0,0.8,0.2,1.0872498345299102,0.20736670901453716
single,666,0,0.19047619047619047,0.0,0.0,0.8,0.2,1.0872498345299102,0.20736670901453716
single,667,0,0.25,0.0,0.0,0.6,0.2,1.0750059137710266,0.23650771511536287
single,668,0,0.25,0.0,0.0,0.6,0.2,1.0750059137710266,0.23650771511536287
single,669,0,0.1111111111111111,0.0,0.0,1.0,0.2,1.0994937552887933,0.17822570291371137
single,670,0,0.25,0.0,0.0,0.6,0.2,1.0750059137710266,0.23650771511536287
single,671,0,0.25,0.0,0.0,0.6,0.2,1.0750059137710266,0.23650771511536287
single,672,0,0.19047619047619047,0.0,0.0,0.8,0.2,1.08724983452991,0.20736670901453716
single,673,0,0.19047619047619047,0.0,0.0,0.8,0.2,1.08724983452991,0.20736670901453716
single,674,0,0.19047619047619047,0.0,0.0,0.8,0.2,1.0872498345299102,0.20736670901453716
single,675,0,0.1111111111111111,0.0,0.0,1.0,0.2,1.0994937552887933,0.17822570291371137
single,676,0,0.1111111111111111,0.0,0.0,1.0,0.2,1.0994937552887933,0.17822570291371137
single,677,0,0.19047619047619047,0.0,0.0,0.8,0.2,1.0872498345299102,0.20736670901453716
single,678,0,0.19047619047619047,0.0,0.0,0.8,0.2,1.0872498345299102,0.20736670901453716
single,679,0,0.19047619047619047,0.0,0.0,0.8,0.2,1.0872498345299102,0.20736670901453716
single,680,0,0.1111111111111111,0.0,0.0,1.0,0.2,1.0994937552887933,0.17822570291371137
single,681,0,0.19047619047619047,0.0,0.0,0.8,0.2,1.0872498345299102,0.20736670901453716
single,682,0,0.25,0.0,0.0,0.6,0.2,1.0750059137710266,0.23650771511536287
single,683,0,0.25,0.0,0.0,0.6,0.2,1.0750059137710266,0.23650771511536287
single,684,0,0.25,0.0,0.0,0.6,0.2,1.0750059137710266,0.23650771511536287
single,685,0,0.25,0.0,0.0,0.6,0.2,1.0750059137710266,0.23650771511536287
single,686,0,0.19047619047619047,0.0,0.0,0.8,0.2,1.08724983452991,0.20736670901453716
single,687,0,0.1111111111111111,0.0,0.0,1.0,0.2,1.0994937552887933,0.17822570291371137
single,688,0,0.25,0.0,0.0,0.6,0.2,1.0750059137710266,0.23650771511536287
single,689,0,0.19047619047619047,0.0,0.0,0.8,0.2,1.08724983452991,0.20736670901453716
single,690,0,0.1111111111111111,0.0,0.0,1.0,0.2,1.0994937552887933,0.17822570291371137
single,691,0,0.19047619047619047,0.0,0.0,0.8,0.2,1.08724983452991,0.20736670901453716
single,692,0,0.19047619047619047,0.0,0.0,0.8,0.2,1.08724983452991,0.20736670901453716
single,693,0,0.19047619047619047,0.0,0.0,0.8,0.2,1.0872498345299102,0.20736670901453716
single,694,0,0.19047619047619047,0.0,0.0,0.8,0.2,1.08724983452991,0.20736670901453716
single,695,0,0.19047619047619047,0.0,0.0,0.8,0.2,1.08724983452991,0.20736670901453716
single,696,0,0.19047619047619047,0.0,0.0,0.8,0.2,1.08724983452991,0.20736670901453716
single,697,0,0.25,0.0,0.0,0.6,0.2,1.0750059137710266,0.23650771511536287
single,698,0,0.25,0.0,0.0,0.6,0.2,1.0750059137710266,0.23650771511536287
single,699,0,0.25,0.0,0.0,0.6,0.2,1.0750059137710266,0.23650771511536287
single,700,0,0.1111111111111111,0.0,0.0,1.0,0.2,1.0994937552887933,0.17822570291371137
single,701,0,0.19047619047619047,0.0,0.0,0.8,0.2,1.0872498345299102,0.20736670901453716
single,702,0,0.25,0.0,0.0,0.6,0.2,1.0750059137710266,0.23650771511536287
single,703,0,0.19047619047619047,0.0,0.0,0.8,0.2,1.0872498345299102,0.20736670901453716
single,704,0,0.19047619047619047,0.0,0.0,0.8,0.2,1.0872498345299102,0.20736670901453716
single,705,0,0.1111111111111111,0.0,0.0,1.0,0.2,1.0994937552887933,0.17822570291371137
single,706,0,0.19047619047619047,0.0,0.0,0.8,0.2,1.0872498345299102,0.20736670901453716
single,707,0,0.25,0.0,0.0,0.6,0.2,1.0750059137710266,0.23650771511536287
single,708,0,0.25,0.0,0.0,0.6,0.2,1.0750059137710266,0.23650771511536287
single,709,0,0.1111111111111111,0.0,0.0,1.0,0.2,1.0994937552887933,0.17822570291371137
single,710,0,0.19047619047619047,0.0,0.0,0.8,0.2,1.0872498345299102,0.20736670901453716
single,711,0,0.25,0.0,0.0,0.6,0.2,1.0750059137710266,0.23650771511536287
single,712,0,0.1111111111111111,0.0,0.0,1.0,0.2,1.0994937552887933,0.17822570291371137
single,713,0,0.25,0.0,0.0,0.6,0.2,1.0750059137710266,0.23650771511536287
single,714,0,0.1111111111111111,0.0,0.0,1.0,0.2,1.0994937552887933,0.17822570291371137
single,715,0,0.19047619047619047,0.0,0.0,0.8,0.2,1.08724983452991,0.20736670901453716
single,716,0,0.25,0.0,0.0,0.6,0.2,1.0750059137710266,0.23650771511536287
single,717,0,0.19047619047619047,0.0,0.0,0.8,0.2,1.08724983452991,0.20736670901453716
single,718,0,0.25,0.0,0.0,0.6,0.2,1.0750059137710266,0.23650771511536287
single,719,0,0.1111111111111111,0.0,0.0,1.0,0.2,1.0994937552887933,0.17822570291371137
single,720,0,0.25,0.0,0.0,0.6,0.2,1.0750059137710266,0.23650771511536287
single,721,0,0.25,0.0,0.0,0.6,0.2,1.0750059137710266,0.23650771511536287
single,722,0,0.19047619047619047,0.0,0.0,0.8,0.2,1.08724983452991,0.20736670901453716
single,723,0,0.19047619047619047,0.0,0.0,0.8,0.2,1.08724983452991,0.20736670901453716
single,724,0,0.19047619047619047,0.0,0.0,0.8,0.2,1.08724983452991,0.20736670901453716
single,725,0,0.25,0.0,0.0,0.6,0.2,1.0750059137710266,0.23650771511536287
single,726,0,0.19047619047619047,0.0,0.0,0.8,0.2,1.08724983452991,0.20736670901453716
single,727,0,0.19047619047619047,0.0,0.0,0.8,0.2,1.08724983452991,0.20736670901453716
single,728,0,0.19047619047619047,0.0,0.0,0.8,0.2,1.08724983452991,0.20736670901453716
single,729,0,0.19047619047619047,0.0,0.0,0.8,0.2,1.08724983452991,0.20736670901453716
single,730,0,0.25,0.0,0.0,0.6,0.2,1.0750059137710266,0.23650771511536287
single,731,0,0.19047619047619047,0.0,0.0,0.8,0.2,1.08724983452991,0.20736670901453716
single,732,0,0.19047619047619047,0.0,0.0,0.8,0.2,1.08724983452991,0.20736670901453716
single,733,0,0.19047619047619047,0.0,0.0,0.8,0.2,1.0872498345299102,0.20736670901453716
single,734,0,0.1111111111111111,0.0,0.0,1.0,0.2,1.0994937552887933,0.17822570291371137
single,735,0,0.19047619047619047,0.0,0.0,0.8,0.2,1.0872498345299102,0.20736670901453716
single,736,0,0.1111111111111111,0.0,0.0,1.0,0.2,1.0994937552887933,0.17822570291371137
single,737,0,0.25,0.0,0.0,0.6,0.2,1.0750059137710266,0.23650771511536287
single,738,0,0.19047619047619047,0.0,0.0,0.8,0.2,1.08724983452991,0.20736670901453716
single,739,0,0.19047619047619047,0.0,0.0,0.8,0.2,1.0872498345299102,0.20736670901453716
single,740,0,0.19047619047619047,0.0,0.0,0.8,0.2,1.08724983452991,0.20736670901453716
single,741,0,0.1111111111111111,0.0,0.0,1.0,0.2,1.0994937552887933,0.17822570291371137
single,742,0,0.19047619047619047,0.0,0.0,0.8,0.2,1.08724983452991,0.20736670901453716
single,743,0,0.1111111111111111,0.0,0.0,1.0,0.2,1.0994937552887933,0.17822570291371137
single,744,0,0.25,0.0,0.0,0.6,0.2,1.0750059137710266,0.23650771511536287
single,745,0,0.25,0.0,0.0,0.6,0.2,1.0750059137710266,0.23650771511536287
single,746,0,0.19047619047619047,0.0,0.0,0.8,0.2,1.08724983452991,0.20736670901453716
single,747,0,0.19047619047619047,0.0,0.0,0.8,0.2,1.0872498345299102,0.20736670901453716
single,748,0,0.19047619047619047,0.0,0.0,0.8,0.2,1.08724983452991,0.20736670901453716
single,749,0,0.19047619047619047,0.0,0.0,0.8,0.2,1.08724983452991,0.20736670901453716
single,750,0,0.25,0.0,0.0,0.6,0.2,1.0750059137710266,0.23650771511536287
single,751,0,0.1111111111111111,0.0,0.0,1.0,0.2,1.0994937552887933,0.17822570291371137
single,752,0,0.25,0.0,0.0,0.6,0.2,1.0750059137710266,0.23650771511536287
single,753,0,0.19047619047619047,0.0,0.0,0.8,0.2,1.0872498345299102,0.20736670901453716
single,754,0,0.19047619047619047,0.0,0.0,0.8,0.2,1.0872498345299102,0.20736670901453716
single,755,0,0.19047619047619047,0.0,0.0,0.8,0.2,1.0872498345299102,0.20736670901453716
single,756,0,0.25,0.0,0.0,0.6,0.2,1.0750059137710266,0.23650771511536287
single,757,0,0.19047619047619047,0.0,0.0,0.8,0.2,1.08724983452991,0.20736670901453716
single,758,0,0.19047619047619047,0.0,0.0,0.8,0.2,1.08724983452991,0.20736670901453716
single,759,0,0.19047619047619047,0.0,0.0,0.8,0.2,1.08724983452991,0.20736670901453716
single,760,0,0.19047619047619047,0.0,0.0,0.8,0.2,1.08724983452991,0.20736670901453716
single,761,0,0.19047619047619047,0.0,0.0,0.8,0.2,1.08724983452991,0.20736670901453716
single,762,0,0.19047619047619047,0.0,0.0,0.8,0.2,1.08724983452991,0.20736670901453716
single,763,0,0.25,0.0,0.0,0.6,0.2,1.0750059137710266,0.23650771511536287
single,764,0,0.25,0.0,0.0,0.6,0.2,1.0750059137710266,0.23650771511536287
single,765,0,0.25,0.0,0.0,0.6,0.2,1.0750059137710266,0.23650771511536287
single,766,0,0.1111111111111111,0.0,0.0,1.0,0.2,1.0994937552887933,0.17822570291371137
single,767,0,0.19047619047619047,0.0,0.0,0.8,0.2,1.08724983452991,0.20736670901453716
single,768,0,0.19047619047619047,0.0,0.0,0.8,0.2,1.0872498345299102,0.20736670901453716
single,769,0,0.19047619047619047,0.0,0.0,0.8,0.2,1.08724983452991,0.20736670901453716
single,770,0,0.19047619047619047,0.0,0.0,0.8,0.2,1.08724983452991,0.20736670901453716
single,771,0,0.19047619047619047,0.0,0.0,0.8,0.2,1.08724983452991,0.20736670901453716
single,772,0,0.25,0.0,0.0,0.6,0.2,1.0750059137710266,0.23650771511536287
single,773,0,0.19047619047619047,0.0,0.0,0.8,0.2,1.0872498345299102,0.20736670901453716
single,774,0,0.1111111111111111,0.0,0.0,1.0,0.2,1.0994937552887933,0.17822570291371137
single,775,0,0.19047619047619047,0.0,0.0,0.8,0.2,1.08724983452991,0.20736670901453716
single,776,0,0.25,0.0,0.0,0.6,0.2,1.0750059137710266,0.23650771511536287
single,777,0,0.25,0.0,0.0,0.6,0.2,1.0750059137710266,0.23650771511536287
single,778,0,0.19047619047619047,0.0,0.0,0.8,0.2,1.08724983452991,0.20736670901453716
single,779,0,0.19047619047619047,0.0,0.0,0.8,0.2,1.08724983452991,0.20736670901453716
single,780,0,0.25,0.0,0.0,0.6,0.2,1.0750059137710266,0.23650771511536287
single,781,0,0.25,0.0,0.0,0.6,0.2,1.0750059137710266,0.23650771511536287
single,782,0,0.19047619047619047,0.0,0.0,0.8,0.2,1.08724983452991,0.20736670901453716
single,783,0,0.25,0.0,0.0,0.6,0.2,1.0750059137710266,0.23650771511536287
single,784,0,0.19047619047619047,0.0,0.0,0.8,0.2,1.0872498345299102,0.20736670901453716
single,785,0,0.19047619047619047,0.0,0.0,0.8,0.2,1.08724983452991,0.20736670901453716
single,786,0,0.19047619047619047,0.0,0.0,0.8,0.2,1.08724983452991,0.20736670901453716
single,787,0,0.25,0.0,0.0,0.6,0.2,1.0750059137710266,0.23650771511536287
single,788,0,0.1111111111111111,0.0,0.0,1.0,0.2,1.0994937552887933,0.17822570291371137
single,789,0,0.19047619047619047,0.0,0.0,0.8,0.2,1.08724983452991,0.20736670901453716
single,790,0,0.19047619047619047,0.0,0.0,0.8,0.2,1.0872498345299102,0.20736670901453716
single,791,0,0.19047619047619047,0.0,0.0,0.8,0.2,1.0872498345299102,0.20736670901453716
single,792,0,0.1111111111111111,0.0,0.0,1.0,0.2,1.0994937552887933,0.17822570291371137
single,793,0,0.19047619047619047,0.0,0.0,0.8,0.2,1.0872498345299102,0.20736670901453716
single,794,0,0.25,0.0,0.0,0.6,0.2,1.0750059137710266,0.23650771511536287
single,795,0,0.19047619047619047,0.0,0.0,0.8,0.2,1.08724983452991,0.20736670901453716
single,796,0,0.1111111111111111,0.0,0.0,1.0,0.2,1.0994937552887933,0.17822570291371137
single,797,0,0.25,0.0,0.0,0.6,0.2,1.0750059137710266,0.23650771511536287
single,798,0,0.1111111111111111,0.0,0.0,1.0,0.2,1.0994937552887933,0.17822570291371137
single,799,0,0.19047619047619047,0.0,0.0,0.8,0.2,1.0872498345299102,0.20736670901453716
single,800,0,0.19047619047619047,0.0,0.0,0.8,0.2,1.08724983452991,0.20736670901453716
single,801,0,0.19047619047619047,0.0,0.0,0.8,0.2,1.08724983452991,0.20736670901453716
single,802,0,0.19047619047619047,0.0,0.0,0.8,0.2,1.08724983452991,0.20736670901453716
single,803,0,0.19047619047619047,0.0,0.0,0.8,0.2,1.0872498345299102,0.20736670901453716
single,804,0,0.1111111111111111,0.0,0.0,1.0,0.2,1.0994937552887933,0.17822570291371137
single,805,0,0.19047619047619047,0.0,0.0,0.8,0.2,1.0872498345299102,0.20736670901453716
single,806,0,0.25,0.0,0.0,0.6,0.2,1.0750059137710266,0.23650771511536287
single,807,0,0.25,0.0,0.0,0.6,0.2,1.0750059137710266,0.23650771511536287
single,808,0,0.25,0.0,0.0,0.6,0.2,1.0750059137710266,0.23650771511536287
single,809,0,0.25,0.0,0.0,0.6,0.2,1.0750059137710266,0.23650771511536287
single,810,0,0.1111111111111111,0.0,0.0,1.0,0.2,1.0994937552887933,0.17822570291371137
single,811,0,0.25,0.0,0.0,0.6,0.2,1.0750059137710266,0.23650771511536287
single,812,0,0.19047619047619047,0.0,0.0,0.8,0.2,1.08724983452991,0.20736670901453716
single,813,0,0.1111111111111111,0.0,0.0,1.0,0.2,1.0994937552887933,0.17822570291371137
single,814,0,0.1111111111111111,0.0,0.0,1.0,0.2,1.0994937552887933,0.17822570291371137
single,815,0,0.1111111111111111,0.0,0.0,1.0,0.2,1.0994937552887933,0.17822570291371137
single,816,0,0.25,0.0,0.0,0.6,0.2,1.0750059137710266,0.23650771511536287
single,817,0,0.25,0.0,0.0,0.6,0.2,1.0750059137710266,0.23650771511536287
single,818,0,0.1111111111111111,0.0,0.0,1.0,0.2,1.0994937552887933,0.17822570291371137
single,819,0,0.25,0.0,0.0,0.6,0.2,1.0750059137710266,0.23650771511536287
single,820,0,0.1111111111111111,0.0,0.0,1.0,0.2,1.0994937552887933,0.17822570291371137
single,821,0,0.19047619047619047,0.0,0.0,0.8,0.2,1.08724983452991,0.20736670901453716
single,822,0,0.19047619047619047,0.0,0.0,0.8,0.2,1.0872498345299102,0.20736670901453716
single,823,0,0.25,0.0,0.0,0.6,0.2,1.0750059137710266,0.23650771511536287
single,824,0,0.1111111111111111,0.0,0.0,1.0,0.2,1.0994937552887933,0.17822570291371137
single,825,0,0.19047619047619047,0.0,0.0,0.8,0.2,1.08724983452991,0.20736670901453716
single,826,0,0.19047619047619047,0.0,0.0,0.8,0.2,1.0872498345299102,0.20736670901453716
single,827,0,0.25,0.0,0.0,0.6,0.2,1.0750059137710266,0.23650771511536287
single,828,0,0.25,0.0,0.0,0.6,0.2,1.0750059137710266,0.23650771511536287
single,829,0,0.19047619047619047,0.0,0.0,0.8,0.2,1.0872498345299102,0.20736670901453716
single,830,0,0.19047619047619047,0.0,0.0,0.8,0.2,1.08724983452991,0.20736670901453716
single,831,0,0.1111111111111111,0.0,0.0,1.0,0.2,1.0994937552887933,0.17822570291371137
single,832,0,0.19047619047619047,0.0,0.0,0.8,0.2,1.0872498345299102,0.20736670901453716
single,833,0,0.19047619047619047,0.0,0.0,0.8,0.2,1.0872498345299102,0.20736670901453716
single,834,0,0.1111111111111111,0.0,0.0,1.0,0.2,1.0994937552887933,0.17822570291371137
single,835,0,0.19047619047619047,0.0,0.0,0.8,0.2,1.0872498345299102,0.20736670901453716
single,836,0,0.25,0.0,0.0,0.6,0.2,1.0750059137710266,0.23650771511536287
single,837,0,0.1111111111111111,0.0,0.0,1.0,0.2,1.0994937552887933,0.17822570291371137
single,838,0,0.25,0.0,0.0,0.6,0.2,1.0750059137710266,0.23650771511536287
single,839,0,0.25,0.0,0.0,0.6,0.2,1.0750059137710266,0.23650771511536287
single,840,0,0.25,0.0,0.0,0.6,0.2,1.0750059137710266,0.23650771511536287
single,841,0,0.19047619047619047,0.0,0.0,0.8,0.2,1.0872498345299102,0.20736670901453716
single,842,0,0.1111111111111111,0.0,0.0,1.0,0.2,1.0994937552887933,0.17822570291371137
single,843,0,0.19047619047619047,0.0,0.0,0.8,0.2,1.0872498345299102,0.20736670901453716
single,844,0,0.19047619047619047,0.0,0.0,0.8,0.2,1.08724983452991,0.20736670901453716
single,845,0,0.19047619047619047,0.0,0.0,0.8,0.2,1.08724983452991,0.20736670901453716
single,846,0,0.1111111111111111,0.0,0.0,1.0,0.2,1.0994937552887933,0.17822570291371137
single,847,0,0.1111111111111111,0.0,0.0,1.0,0.2,1.0994937552887933,0.17822570291371137
single,848,0,0.25,0.0,0.0,0.6,0.2,1.0750059137710266,0.23650771511536287
single,849,0,0.1111111111111111,0.0,0.0,1.0,0.2,1.0994937552887933,0.17822570291371137
single,850,0,0.25,0.0,0.0,0.6,0.2,1.0750059137710266,0.23650771511536287
single,851,0,0.19047619047619047,0.0,0.0,0.8,0.2,1.08724983452991,0.20736670901453716
single,852,0,0.1111111111111111,0.0,0.0,1.0,0.2,1.0994937552887933,0.17822570291371137
single,853,0,0.19047619047619047,0.0,0.0,0.8,0.2,1.0872498345299102,0.20736670901453716
single,854,0,0.19047619047619047,0.0,0.0,0.8,0.2,1.0872498345299102,0.20736670901453716
single,855,0,0.25,0.0,0.0,0.6,0.2,1.0750059137710266,0.23650771511536287
single,856,0,0.25,0.0,0.0,0.6,0.2,1.0750059137710266,0.23650771511536287
single,857,0,0.19047619047619047,0.0,0.0,0.8,0.2,1.08724983452991,0.20736670901453716
single,858,0,0.1111111111111111,0.0,0.0,1.0,0.2,1.0994937552887933,0.17822570291371137
single,859,0,0.19047619047619047,0.0,0.0,0.8,0.2,1.0872498345299102,0.20736670901453716
single,860,0,0.19047619047619047,0.0,0.0,0.8,0.2,1.08724983452991,0.20736670901453716
single,861,0,0.25,0.0,0.0,0.6,0.2,1.0750059137710266,0.23650771511536287
single,862,0,0.1111111111111111,0.0,0.0,1.0,0.2,1.0994937552887933,0.17822570291371137
single,863,0,0.19047619047619047,0.0,0.0,0.8,0.2,1.08724983452991,0.20736670901453716
single,864,0,0.19047619047619047,0.0,0.0,0.8,0.2,1.08724983452991,0.20736670901453716
single,865,0,0.1111111111111111,0.0,0.0,1.0,0.2,1.0994937552887933,0.17822570291371137
single,866,0,0.25,0.0,0.0,0.6,0.2,1.0750059137710266,0.23650771511536287
single,867,0,0.19047619047619047,0.0,0.0,0.8,0.2,1.0872498345299102,0.20736670901453716
single,868,0,0.19047619047619047,0.0,0.0,0.8,0.2,1.0872498345299102,0.20736670901453716
single,869,0,0.25,0.0,0.0,0.6,0.2,1.0750059137710266,0.23650771511536287
single,870,0,0.19047619047619047,0.0,0.0,0.8,0.2,1.08724983452991,0.20736670901453716
single,871,0,0.25,0.0,0.0,0.6,0.2,1.0750059137710266,0.23650771511536287
single,872,0,0.19047619047619047,0.0,0.0,0.8,0.2,1.08724983452991,0.20736670901453716
single,873,0,0.19047619047619047,0.0,0.0,0.8,0.2,1.0872498345299102,0.20736670901453716
single,874,0,0.19047619047619047,0.0,0.0,0.8,0.2,1.08724983452991,0.20736670901453716
single,875,0,0.25,0.0,0.0,0.6,0.2,1.0750059137710266,0.23650771511536287
single,876,0,0.1111111111111111,0.0,0.0,1.0,0.2,1.0994937552887933,0.17822570291371137
single,877,0,0.25,0.0,0.0,0.6,0.2,1.0750059137710266,0.23650771511536287
single,878,0,0.19047619047619047,0.0,0.0,0.8,0.2,1.0872498345299102,0.20736670901453716
single,879,0,0.1111111111111111,0.0,0.0,1.0,0.2,1.0994937552887933,0.17822570291371137
single,880,0,0.1111111111111111,0.0,0.0,1.0,0.2,1.0994937552887933,0.17822570291371137
single,881,0,0.19047619047619047,0.0,0.0,0.8,0.2,1.08724983452991,0.20736670901453716
single,882,0,0.25,0.0,0.0,0.6,0.2,1.0750059137710266,0.23650771511536287
single,883,0,0.19047619047619047,0.0,0.0,0.8,0.2,1.08724983452991,0.20736670901453716
single,884,0,0.19047619047619047,0.0,0.0,0.8,0.2,1.0872498345299102,0.20736670901453716
single,885,0,0.19047619047619047,0.0,0.0,0.8,0.2,1.0872498345299102,0.20736670901453716
single,886,0,0.1111111111111111,0.0,0.0,1.0,0.2,1.0994937552887933,0.17822570291371137
single,887,0,0.19047619047619047,0.0,0.0,0.8,0.2,1.0872498345299102,0.20736670901453716
single,888,0,0.25,0.0,0.0,0.6,0.2,1.0750059137710266,0.23650771511536287
single,889,0,0.25,0.0,0.0,0.6,0.2,1.0750059137710266,0.23650771511536287
single,890,0,0.1111111111111111,0.0,0.0,1.0,0.2,1.0994937552887933,0.17822570291371137
single,891,0,0.19047619047619047,0.0,0.0,0.8,0.2,1.08724983452991,0.20736670901453716
single,892,0,0.1111111111111111,0.0,0.0,1.0,0.2,1.0994937552887933,0.17822570291371137
single,893,0,0.19047619047619047,0.0,0.0,0.8,0.2,1.08724983452991,0.20736670901453716
single,894,0,0.25,0.0,0.0,0.6,0.2,1.0750059137710266,0.23650771511536287
single,895,0,0.19047619047619047,0.0,0.0,0.8,0.2,1.08724983452991,0.20736670901453716
single,896,0,0.25,0.0,0.0,0.6,0.2,1.0750059137710266,0.23650771511536287
single,897,0,0.25,0.0,0.0,0.6,0.2,1.0750059137710266,0.23650771511536287
single,898,0,0.19047619047619047,0.0,0.0,0.8,0.2,1.08724983452991,0.20736670901453716
single,899,0,0.25,0.0,0.0,0.6,0.2,1.0750059137710266,0.23650771511536287
single,900,0,0.19047619047619047,0.0,0.0,0.8,0.2,1.08724983452991,0.20736670901453716
single,901,0,0.25,0.0,0.0,0.6,0.2,1.0750059137710266,0.23650771511536287
single,902,0,0.19047619047619047,0.0,0.0,0.8,0.2,1.0872498345299102,0.20736670901453716
single,903,0,0.19047619047619047,0.0,0.0,0.8,0.2,1.0872498345299102,0.20736670901453716
single,904,0,0.1111111111111111,0.0,0.0,1.0,0.2,1.0994937552887933,0.17822570291371137
single,905,0,0.19047619047619047,0.0,0.0,0.8,0.2,1.08724983452991,0.20736670901453716
single,906,0,0.1111111111111111,0.0,0.0,1.0,0.2,1.0994937552887933,0.17822570291371137
single,907,0,0.19047619047619047,0.0,0.0,0.8,0.2,1.08724983452991,0.20736670901453716
single,908,0,0.19047619047619047,0.0,0.0,0.8,0.2,1.0872498345299102,0.20736670901453716
single,909,0,0.19047619047619047,0.0,0.0,0.8,0.2,1.08724983452991,0.20736670901453716
single,910,0,0.1111111111111111,0.0,0.0,1.0,0.2,1.0994937552887933,0.17822570291371137
single,911,0,0.19047619047619047,0.0,0.0,0.8,0.2,1.0872498345299102,0.20736670901453716
single,912,0,0.25,0.0,0.0,0.6,0.2,1.0750059137710266,0.23650771511536287
single,913,0,0.19047619047619047,0.0,0.0,0.8,0.2,1.0872498345299102,0.20736670901453716
single,914,0,0.19047619047619047,0.0,0.0,0.8,0.2,1.0872498345299102,0.20736670901453716
single,915,0,0.19047619047619047,0.0,0.0,0.8,0.2,1.0872498345299102,0.20736670901453716
single,916,0,0.19047619047619047,0.0,0.0,0.8,0.2,1.0872498345299102,0.20736670901453716
single,917,0,0.19047619047619047,0.0,0.0,0.8,0.2,1.08724983452991,0.20736670901453716
single,918,0,0.25,0.0,0.0,0.6,0.2,1.0750059137710266,0.23650771511536287
single,919,0,0.25,0.0,0.0,0.6,0.2,1.0750059137710266,0.23650771511536287
single,920,0,0.1111111111111111,0.0,0.0,1.0,0.2,1.0994937552887933,0.17822570291371137
single,921,0,0.19047619047619047,0.0,0.0,0.8,0.2,1.0872498345299102,0.20736670901453716
single,922,0,0.19047619047619047,0.0,0.0,0.8,0.2,1.08724983452991,0.20736670901453716
single,923,0,0.25,0.0,0.0,0.6,0.2,1.0750059137710266,0.23650771511536287
single,924,0,0.19047619047619047,0.0,0.0,0.8,0.2,1.08724983452991,0.20736670901453716
single,925,0,0.19047619047619047,0.0,0.0,0.8,0.2,1.08724983452991,0.20736670901453716
single,926,0,0.1111111111111111,0.0,0.0,1.0,0.2,1.0994937552887933,0.17822570291371137
single,927,0,0.19047619047619047,0.0,0.0,0.8,0.2,1.0872498345299102,0.20736670901453716
single,928,0,0.25,0.0,0.0,0.6,0.2,1.0750059137710266,0.23650771511536287
single,929,0,0.1111111111111111,0.0,0.0,1.0,0.2,1.0994937552887933,0.17822570291371137
single,930,0,0.19047619047619047,0.0,0.0,0.8,0.2,1.0872498345299102,0.20736670901453716
single,931,0,0.25,0.0,0.0,0.6,0.2,1.0750059137710266,0.23650771511536287
single,932,0,0.1111111111111111,0.0,0.0,1.0,0.2,1.0994937552887933,0.17822570291371137
single,933,0,0.25,0.0,0.0,0.6,0.2,1.0750059137710266,0.23650771511536287
single,934,0,0.1111111111111111,0.0,0.0,1.0,0.2,1.0994937552887933,0.17822570291371137
single,935,0,0.25,0.0,0.0,0.6,0.2,1.0750059137710266,0.23650771511536287
single,936,0,0.19047619047619047,0.0,0.0,0.8,0.2,1.0872498345299102,0.20736670901453716
single,937,0,0.19047619047619047,0.0,0.0,0.8,0.2,1.08724983452991,0.20736670901453716
single,938,0,0.19047619047619047,0.0,0.0,0.8,0.2,1.0872498345299102,0.20736670901453716
single,939,0,0.19047619047619047,0.0,0.0,0.8,0.2,1.0872498345299102,0.20736670901453716
single,940,0,0.19047619047619047,0.0,0.0,0.8,0.2,1.08724983452991,0.20736670901453716
single,941,0,0.19047619047619047,0.0,0.0,0.8,0.2,1.08724983452991,0.20736670901453716
single,942,0,0.19047619047619047,0.0,0.0,0.8,0.2,1.08724983452991,0.20736670901453716
single,943,0,0.1111111111111111,0.0,0.0,1.0,0.2,1.0994937552887933,0.17822570291371137
single,944,0,0.19047619047619047,0.0,0.0,0.8,0.2,1.0872498345299102,0.20736670901453716
single,945,0,0.1111111111111111,0.0,0.0,1.0,0.2,1.0994937552887933,0.17822570291371137
single,946,0,0.1111111111111111,0.0,0.0,1.0,0.2,1.0994937552887933,0.17822570291371137
single,947,0,0.19047619047619047,0.0,0.0,0.8,0.2,1.0872498345299102,0.20736670901453716
single,948,0,0.25,0.0,0.0,0.6,0.2,1.0750059137710266,0.23650771511536287
single,949,0,0.1111111111111111,0.0,0.0,1.0,0.2,1.0994937552887933,0.17822570291371137
single,950,0,0.1111111111111111,0.0,0.0,1.0,0.2,1.0994937552887933,0.17822570291371137
single,951,0,0.19047619047619047,0.0,0.0,0.8,0.2,1.0872498345299102,0.20736670901453716
single,952,0,0.19047619047619047,0.0,0.0,0.8,0.2,1.0872498345299102,0.20736670901453716
single,953,0,0.25,0.0,0.0,0.6,0.2,1.0750059137710266,0.23650771511536287
single,954,0,0.19047619047619047,0.0,0.0,0.8,0.2,1.0872498345299102,0.20736670901453716
single,955,0,0.19047619047619047,0.0,0.0,0.8,0.2,1.0872498345299102,0.20736670901453716
single,956,0,0.25,0.0,0.0,0.6,0.2,1.0750059137710266,0.23650771511536287
single,957,0,0.25,0.0,0.0,0.6,0.2,1.0750059137710266,0.23650771511536287
single,958,0,0.19047619047619047,0.0,0.0,0.8,0.2,1.0872498345299102,0.20736670901453716
single,959,0,0.1111111111111111,0.0,0.0,1.0,0.2,1.0994937552887933,0.17822570291371137
single,960,0,0.19047619047619047,0.0,0.0,0.8,0.2,1.08724983452991,0.20736670901453716
single,961,0,0.19047619047619047,0.0,0.0,0.8,0.2,1.0872498345299102,0.20736670901453716
single,962,0,0.19047619047619047,0.0,0.0,0.8,0.2,1.0872498345299102,0.20736670901453716
single,963,0,0.19047619047619047,0.0,0.0,0.8,0.2,1.0872498345299102,0.20736670901453716
single,964,0,0.25,0.0,0.0,0.6,0.2,1.0750059137710266,0.23650771511536287
single,965,0,0.19047619047619047,0.0,0.0,0.8,0.2,1.08724983452991,0.20736670901453716
single,966,0,0.25,0.0,0.0,0.6,0.2,1.0750059137710266,0.23650771511536287
single,967,0,0.1111111111111111,0.0,0.0,1.0,0.2,1.0994937552887933,0.17822570291371137
single,968,0,0.25,0.0,0.0,0.6,0.2,1.0750059137710266,0.23650771511536287
single,969,0,0.1111111111111111,0.0,0.0,1.0,0.2,1.0994937552887933,0.17822570291371137
single,970,0,0.1111111111111111,0.0,0.0,1.0,0.2,1.0994937552887933,0.17822570291371137
single,971,0,0.25,0.0,0.0,0.6,0.2,1.0750059137710266,0.23650771511536287
single,972,0,0.25,0.0,0.0,0.6,0.2,1.0750059137710266,0.23650771511536287
single,973,0,0.19047619047619047,0.0,0.0,0.8,0.2,1.0872498345299102,0.20736670901453716
single,974,0,0.19047619047619047,0.0,0.0,0.8,0.2,1.08724983452991,0.20736670901453716
single,975,0,0.19047619047619047,0.0,0.0,0.8,0.2,1.0872498345299102,0.20736670901453716
single,976,0,0.25,0.0,0.0,0.6,0.2,1.0750059137710266,0.23650771511536287
single,977,0,0.19047619047619047,0.0,0.0,0.8,0.2,1.0872498345299102,0.20736670901453716
single,978,0,0.19047619047619047,0.0,0.0,0.8,0.2,1.0872498345299102,0.20736670901453716
single,979,0,0.19047619047619047,0.0,0.0,0.8,0.2,1.08724983452991,0.20736670901453716
single,980,0,0.25,0.0,0.0,0.6,0.2,1.0750059137710266,0.23650771511536287
single,981,0,0.19047619047619047,0.0,0.0,0.8,0.2,1.08724983452991,0.20736670901453716
single,982,0,0.25,0.0,0.0,0.6,0.2,1.0750059137710266,0.23650771511536287
single,983,0,0.19047619047619047,0.0,0.0,0.8,0.2,1.0872498345299102,0.20736670901453716
single,984,0,0.1111111111111111,0.0,0.0,1.0,0.2,1.0994937552887933,0.17822570291371137
single,985,0,0.25,0.0,0.0,0.6,0.2,1.0750059137710266,0.23650771511536287
single,986,0,0.19047619047619047,0.0,0.0,0.8,0.2,1.0872498345299102,0.20736670901453716
single,987,0,0.25,0.0,0.0,0.6,0.2,1.0750059137710266,0.23650771511536287
single,988,0,0.19047619047619047,0.0,0.0,0.8,0.2,1.08724983452991,0.20736670901453716
single,989,0,0.19047619047619047,0.0,0.0,0.8,0.2,1.08724983452991,0.20736670901453716
single,990,0,0.19047619047619047,0.0,0.0,0.8,0.2,1.0872498345299102,0.20736670901453716
single,991,0,0.19047619047619047,0.0,0.0,0.8,0.2,1.08724983452991,0.20736670901453716
single,992,0,0.25,0.0,0.0,0.6,0.2,1.0750059137710266,0.23650771511536287
single,993,0,0.19047619047619047,0.0,0.0,0.8,0.2,1.08724983452991,0.20736670901453716
single,994,0,0.19047619047619047,0.0,0.0,0.8,0.2,1.0872498345299102,0.20736670901453716
single,995,0,0.25,0.0,0.0,0.6,0.2,1.0750059137710266,0.23650771511536287
single,996,0,0.19047619047619047,0.0,0.0,0.8,0.2,1.08724983452991,0.20736670901453716
single,997,0,0.19047619047619047,0.0,0.0,0.8,0.2,1.0872498345299102,0.20736670901453716
single,998,0,0.19047619047619047,0.0,0.0,0.8,0.2,1.0872498345299102,0.20736670901453716
single,999,0,0.1111111111111111,0.0,0.0,1.0,0.2,1.0994937552887933,0.17822570291371137
