task,backbone,seed,fold,best_epoch,selection,inference,dataset_index,sample_id,group,residue_mg_cm2,target,prediction,view_count,view_instability,target_label,prediction_label,baseline_prediction,probability_low,probability_medium,probability_high
bin_classification,dinov3,42,1,21,inner_refit,single,3,600 ppm 5 5,,3.07249289,1,0,1,0.0,medium,low,1,0.8058657646179199,0.07766559720039368,0.11646869033575058
bin_classification,dinov3,42,1,21,inner_refit,single,5,1000 ppm 4 3,,7.189555601,2,2,1,0.0,high,high,1,0.08987678587436676,0.09850829094648361,0.811614990234375
bin_classification,dinov3,42,1,21,inner_refit,single,6,1000 ppm 3 9,,6.405368276,2,2,1,0.0,high,high,1,0.030115274712443352,0.10250379145145416,0.8673809170722961
bin_classification,dinov3,42,1,21,inner_refit,single,7,1000 ppm 3 10,,4.236281385,2,2,1,0.0,high,high,1,0.12649165093898773,0.25750604271888733,0.6160023212432861
bin_classification,dinov3,42,1,21,inner_refit,single,8,600 ppm 3 7,,2.508319707,1,1,1,0.0,medium,medium,1,0.258435994386673,0.5706011056900024,0.17096289992332458
bin_classification,dinov3,42,1,21,inner_refit,single,9,800 ppm 5 7,,3.900390988,2,2,1,0.0,high,high,1,0.19182999432086945,0.25973206758499146,0.5484379529953003
bin_classification,dinov3,42,1,21,inner_refit,single,11,400 ppm 4 4,,2.489788579,1,0,1,0.0,medium,low,1,0.5132883787155151,0.197592094540596,0.28911954164505005
bin_classification,dinov3,42,1,21,inner_refit,single,12,800 ppm 2 8,,2.765988542,1,1,1,0.0,medium,medium,1,0.17834118008613586,0.6242060661315918,0.19745275378227234
bin_classification,dinov3,42,1,21,inner_refit,single,13,400 ppm 3 2,,1.924704767,0,0,1,0.0,low,low,1,0.6775986552238464,0.1495988667011261,0.17280250787734985
bin_classification,dinov3,42,1,21,inner_refit,single,21,800 ppm 3 9,,3.382216957,1,0,1,0.0,medium,low,1,0.5175357460975647,0.029073279350996017,0.453390896320343
bin_classification,dinov3,42,1,21,inner_refit,single,27,1000 ppm 5 1,,3.059802771,1,1,1,0.0,medium,medium,1,0.16498899459838867,0.7340214252471924,0.10098965466022491
bin_classification,dinov3,42,1,21,inner_refit,single,28,800 ppm 4 5,,2.521832891,1,2,1,0.0,medium,high,1,0.21562279760837555,0.3594624996185303,0.424914687871933
bin_classification,dinov3,42,1,21,inner_refit,single,29,800 ppm 2 1,,4.06487884,2,2,1,0.0,high,high,1,0.41581180691719055,0.13624617457389832,0.44794198870658875
bin_classification,dinov3,42,1,21,inner_refit,single,34,400 ppm 1 5,,2.341339231,0,0,1,0.0,low,low,1,0.5932022929191589,0.08504778891801834,0.3217499256134033
bin_classification,dinov3,42,1,21,inner_refit,single,45,400 ppm 4 8,,2.558849953,1,0,1,0.0,medium,low,1,0.44576436281204224,0.2597411572933197,0.29449450969696045
bin_classification,dinov3,42,1,21,inner_refit,single,49,800 ppm 3 4,,3.337767404,1,2,1,0.0,medium,high,1,0.15974673628807068,0.1650979369878769,0.6751553416252136
bin_classification,dinov3,42,1,21,inner_refit,single,53,1000 ppm 2 1,,3.63646254,1,1,1,0.0,medium,medium,1,0.048661716282367706,0.9388901591300964,0.012448146939277649
bin_classification,dinov3,42,1,21,inner_refit,single,54,400 ppm 3 10,,3.10781821,1,0,1,0.0,medium,low,1,0.7415356040000916,0.17587806284427643,0.08258632570505142
bin_classification,dinov3,42,1,21,inner_refit,single,66,1000 ppm 3 3,,3.51299382,1,0,1,0.0,medium,low,1,0.4915167987346649,0.2997770607471466,0.20870618522167206
bin_classification,dinov3,42,1,21,inner_refit,single,67,c 9,,0.057884192,0,0,1,0.0,low,low,1,0.9494483470916748,0.02919941581785679,0.021352171897888184
bin_classification,dinov3,42,1,21,inner_refit,single,70,800 ppm 3 3,,3.888822319,2,2,1,0.0,high,high,1,0.013101466931402683,0.08453372865915298,0.9023647308349609
bin_classification,dinov3,42,1,21,inner_refit,single,79,800 ppm 2 9,,4.519795322,2,2,1,0.0,high,high,1,0.02878444828093052,0.04144613444805145,0.9297694563865662
bin_classification,dinov3,42,1,21,inner_refit,single,81,600 ppm 2 9,,3.516388075,1,2,1,0.0,medium,high,1,0.03849862143397331,0.15142861008644104,0.8100727796554565
bin_classification,dinov3,42,1,21,inner_refit,single,83,400 ppm 2 10,,2.028021582,0,1,1,0.0,low,medium,1,0.208572119474411,0.4734841585159302,0.3179437518119812
bin_classification,dinov3,42,1,21,inner_refit,single,94,800 ppm 4 7,,2.433103134,1,0,1,0.0,medium,low,1,0.707336962223053,0.11777084320783615,0.17489226162433624
bin_classification,dinov3,42,1,21,inner_refit,single,99,1000 ppm 2 7,,2.945844467,1,1,1,0.0,medium,medium,1,0.10675366222858429,0.7805665135383606,0.11267979443073273
bin_classification,dinov3,42,1,21,inner_refit,single,108,800 ppm 5 9,,4.625114916,2,1,1,0.0,high,medium,1,0.3034238815307617,0.3710029721260071,0.3255731761455536
bin_classification,dinov3,42,1,21,inner_refit,single,109,600 ppm 3 6,,2.589302372,1,1,1,0.0,medium,medium,1,0.31043824553489685,0.5451437830924988,0.14441797137260437
bin_classification,dinov3,42,1,21,inner_refit,single,111,1000 ppm 1 5,,5.633915275,2,2,1,0.0,high,high,1,0.4218798279762268,0.07582816481590271,0.5022920370101929
bin_classification,dinov3,42,1,21,inner_refit,single,113,600 ppm 5 10,,2.366026608,0,1,1,0.0,low,medium,1,0.38988643884658813,0.49045392870903015,0.1196596547961235
bin_classification,dinov3,42,1,21,inner_refit,single,114,600 ppm 2 5,,7.364696779,2,2,1,0.0,high,high,1,0.003636810462921858,0.04411787912249565,0.95224529504776
bin_classification,dinov3,42,1,21,inner_refit,single,115,800 ppm 1 10,,3.305771452,1,2,1,0.0,medium,high,1,0.08129307627677917,0.04662804678082466,0.8720787763595581
bin_classification,dinov3,42,1,21,inner_refit,single,117,1000 ppm 3 8,,3.306848768,1,2,1,0.0,medium,high,1,0.20569969713687897,0.2402748167514801,0.5540254712104797
bin_classification,dinov3,42,1,21,inner_refit,single,121,800 ppm 2 3,,4.083341711,2,2,1,0.0,high,high,1,0.28435418009757996,0.2512832283973694,0.46436259150505066
bin_classification,dinov3,42,1,21,inner_refit,single,126,1000 ppm 5 7,,3.420269793,1,0,1,0.0,medium,low,1,0.5636596083641052,0.10154790431261063,0.33479246497154236
bin_classification,dinov3,42,1,21,inner_refit,single,130,400 ppm 1 3,,2.14727081,0,2,1,0.0,low,high,1,0.13244543969631195,0.0530385784804821,0.8145159482955933
bin_classification,dinov3,42,1,21,inner_refit,single,131,800 ppm 4 6,,2.875276352,1,1,1,0.0,medium,medium,1,0.18289443850517273,0.7439738512039185,0.07313172519207001
bin_classification,dinov3,42,1,21,inner_refit,single,132,600 ppm 5 4,,1.814695158,0,0,1,0.0,low,low,1,0.38191545009613037,0.2608759105205536,0.3572085499763489
bin_classification,dinov3,42,1,21,inner_refit,single,138,400 ppm 2 7,,2.096952551,0,1,1,0.0,low,medium,1,0.08510538935661316,0.5998149514198303,0.3150796890258789
bin_classification,dinov3,42,1,21,inner_refit,single,143,1000 ppm 5 9,,3.907491301,2,2,1,0.0,high,high,1,0.0331367626786232,0.46896353363990784,0.4978996813297272
bin_classification,dinov3,42,1,21,inner_refit,single,146,400 ppm 5 8,,1.963308029,0,2,1,0.0,low,high,1,0.20905494689941406,0.11407166719436646,0.6768733859062195
bin_classification,dinov3,42,1,21,inner_refit,single,148,c 4,,0.028773772,0,0,1,0.0,low,low,1,0.9556469917297363,0.02378726378083229,0.020565802231431007
bin_classification,dinov3,42,1,21,inner_refit,single,156,1000 ppm 1 8,,2.743553968,1,1,1,0.0,medium,medium,1,0.31583383679389954,0.5470783710479736,0.13708776235580444
bin_classification,dinov3,42,1,21,inner_refit,single,157,c 3,,0.03666858,0,0,1,0.0,low,low,1,0.7500274181365967,0.0942833349108696,0.15568925440311432
bin_classification,dinov3,42,1,21,inner_refit,single,166,800 ppm 1 9,,4.20466345,2,1,1,0.0,high,medium,1,0.0804416835308075,0.5657588839530945,0.353799432516098
bin_classification,dinov3,42,1,21,inner_refit,single,175,1000 ppm 3 2,,5.16842706,2,2,1,0.0,high,high,1,0.4184392988681793,0.08347366005182266,0.4980870187282562
bin_classification,dinov3,42,1,21,inner_refit,single,186,1000 ppm 5 4,,4.896407171,2,2,1,0.0,high,high,1,0.17487552762031555,0.09521093219518661,0.729913592338562
bin_classification,dinov3,42,1,21,inner_refit,single,189,1000 ppm 3 5,,3.571688657,1,0,1,0.0,medium,low,1,0.4164499044418335,0.37150296568870544,0.21204707026481628
bin_classification,dinov3,42,1,21,inner_refit,single,192,800 ppm 1 4,,3.526156319,1,2,1,0.0,medium,high,1,0.06352539360523224,0.2479880452156067,0.6884865760803223
bin_classification,dinov3,42,1,21,inner_refit,single,193,1000 ppm 1 7,,13.21918184,2,2,1,0.0,high,high,1,0.012600738555192947,0.0056899311020970345,0.9817093014717102
bin_classification,dinov3,42,1,21,inner_refit,single,202,1000 ppm 3 4,,3.664180216,1,0,1,0.0,medium,low,1,0.7768632173538208,0.08408947288990021,0.13904733955860138
bin_classification,dinov3,42,1,21,inner_refit,single,204,400 ppm 5 1,,2.488451456,1,0,1,0.0,medium,low,1,0.6611589789390564,0.32007354497909546,0.01876741833984852
bin_classification,dinov3,42,1,21,inner_refit,single,205,1000 ppm 2 4,,2.575755666,1,0,1,0.0,medium,low,1,0.5046695470809937,0.2811363637447357,0.21419405937194824
bin_classification,dinov3,42,2,14,inner_refit,single,0,800 ppm 4 4,,2.946573479,1,1,1,0.0,medium,medium,1,0.3102335035800934,0.41487962007522583,0.2748868465423584
bin_classification,dinov3,42,2,14,inner_refit,single,1,400 ppm 1 10,,2.439106538,0,0,1,0.0,low,low,1,0.42064833641052246,0.2693294882774353,0.31002214550971985
bin_classification,dinov3,42,2,14,inner_refit,single,2,c 8,,0.026443476,0,0,1,0.0,low,low,1,0.9369543194770813,0.04972175136208534,0.013323989696800709
bin_classification,dinov3,42,2,14,inner_refit,single,14,800 ppm 5 8,,1.813308383,0,1,1,0.0,low,medium,1,0.29089492559432983,0.6619197726249695,0.04718528687953949
bin_classification,dinov3,42,2,14,inner_refit,single,20,600 ppm 3 4,,2.760653598,1,1,1,0.0,medium,medium,1,0.22859136760234833,0.6596387624740601,0.11176983267068863
bin_classification,dinov3,42,2,14,inner_refit,single,22,1000 ppm 2 10,,3.02169275,1,0,1,0.0,medium,low,1,0.40089675784111023,0.3353146016597748,0.2637886703014374
bin_classification,dinov3,42,2,14,inner_refit,single,30,800 ppm 3 1,,3.635232962,1,0,1,0.0,medium,low,1,0.5832427740097046,0.24646079540252686,0.17029641568660736
bin_classification,dinov3,42,2,14,inner_refit,single,35,400 ppm 4 3,,1.918214246,0,0,1,0.0,low,low,1,0.6498401761054993,0.24029630422592163,0.10986348241567612
bin_classification,dinov3,42,2,14,inner_refit,single,38,600 ppm 1 2,,3.709535965,1,1,1,0.0,medium,medium,1,0.09955482184886932,0.8278881311416626,0.07255704700946808
bin_classification,dinov3,42,2,14,inner_refit,single,43,400 ppm 3 7,,0.89575865,0,0,1,0.0,low,low,1,0.8419671654701233,0.05905747413635254,0.09897533804178238
bin_classification,dinov3,42,2,14,inner_refit,single,44,600 ppm 2 10,,5.751181016,2,2,1,0.0,high,high,1,0.06448062509298325,0.03344438970088959,0.9020749926567078
bin_classification,dinov3,42,2,14,inner_refit,single,48,800 ppm 5 5,,2.12508079,0,2,1,0.0,low,high,1,0.16135650873184204,0.3771161735057831,0.4615272581577301
bin_classification,dinov3,42,2,14,inner_refit,single,51,400 ppm 5 2,,2.358077692,0,0,1,0.0,low,low,1,0.6028639674186707,0.32916438579559326,0.06797163933515549
bin_classification,dinov3,42,2,14,inner_refit,single,57,800 ppm 1 2,,2.433875926,0,2,1,0.0,low,high,1,0.06529997289180756,0.3740319013595581,0.5606680512428284
bin_classification,dinov3,42,2,14,inner_refit,single,58,600 ppm 3 5,,3.400726676,1,1,1,0.0,medium,medium,1,0.23088330030441284,0.6951541304588318,0.07396252453327179
bin_classification,dinov3,42,2,14,inner_refit,single,61,800 ppm 2 5,,2.123468918,0,0,1,0.0,low,low,1,0.5807909965515137,0.40325528383255005,0.0159537885338068
bin_classification,dinov3,42,2,14,inner_refit,single,71,1000 ppm 5 3,,3.480640553,1,0,1,0.0,medium,low,1,0.45689278841018677,0.390803724527359,0.1523035764694214
bin_classification,dinov3,42,2,14,inner_refit,single,73,400 ppm 5 10,,6.150568182,2,2,1,0.0,high,high,1,0.10075592994689941,0.08200833201408386,0.8172357082366943
bin_classification,dinov3,42,2,14,inner_refit,single,76,1000 ppm 2 5,,3.820821694,1,1,1,0.0,medium,medium,1,0.27723246812820435,0.5363257527351379,0.1864417940378189
bin_classification,dinov3,42,2,14,inner_refit,single,77,400 ppm 2 4,,2.142971305,0,0,1,0.0,low,low,1,0.5751834511756897,0.20125992596149445,0.22355668246746063
bin_classification,dinov3,42,2,14,inner_refit,single,78,600 ppm 4 6,,2.917928606,1,0,1,0.0,medium,low,1,0.7096607089042664,0.21245409548282623,0.07788517326116562
bin_classification,dinov3,42,2,14,inner_refit,single,80,c 6,,0.063760031,0,0,1,0.0,low,low,1,0.8979642987251282,0.07891730219125748,0.023118486627936363
bin_classification,dinov3,42,2,14,inner_refit,single,89,800 ppm 1 7,,3.238793179,1,1,1,0.0,medium,medium,1,0.04735513776540756,0.9164853692054749,0.03615950047969818
bin_classification,dinov3,42,2,14,inner_refit,single,92,1000 ppm 5 2,,4.757997682,2,1,1,0.0,high,medium,1,0.24334494769573212,0.5794017314910889,0.1772533804178238
bin_classification,dinov3,42,2,14,inner_refit,single,93,600 ppm 2 1,,4.813990004,2,2,1,0.0,high,high,1,0.06770606338977814,0.2519474923610687,0.6803464889526367
bin_classification,dinov3,42,2,14,inner_refit,single,95,400 ppm 4 1,,3.41261835,1,0,1,0.0,medium,low,1,0.6540244221687317,0.257671594619751,0.08830395340919495
bin_classification,dinov3,42,2,14,inner_refit,single,105,600 ppm 4 4,,4.722478116,2,2,1,0.0,high,high,1,0.2247174233198166,0.277622252702713,0.4976603090763092
bin_classification,dinov3,42,2,14,inner_refit,single,107,600 ppm 2 8,,2.425778023,0,1,1,0.0,low,medium,1,0.2931451201438904,0.6565192937850952,0.0503355897963047
bin_classification,dinov3,42,2,14,inner_refit,single,118,400 ppm 1 6,,2.131122072,0,1,1,0.0,low,medium,1,0.3418653905391693,0.6310877799987793,0.02704686112701893
bin_classification,dinov3,42,2,14,inner_refit,single,120,1000 ppm 4 9,,6.363669718,2,2,1,0.0,high,high,1,0.06232176721096039,0.0482269749045372,0.889451265335083
bin_classification,dinov3,42,2,14,inner_refit,single,122,400 ppm 3 9,,1.584373627,0,1,1,0.0,low,medium,1,0.43500199913978577,0.4810319244861603,0.08396612107753754
bin_classification,dinov3,42,2,14,inner_refit,single,124,600 ppm 2 6,,5.169349346,2,2,1,0.0,high,high,1,0.019714023917913437,0.03200732171535492,0.9482787251472473
bin_classification,dinov3,42,2,14,inner_refit,single,133,600 ppm 4 5,,3.062108267,1,1,1,0.0,medium,medium,1,0.10384420305490494,0.5913365483283997,0.3048192858695984
bin_classification,dinov3,42,2,14,inner_refit,single,137,600 ppm 4 9,,6.74653579,2,2,1,0.0,high,high,1,0.28109312057495117,0.24006663262844086,0.47884026169776917
bin_classification,dinov3,42,2,14,inner_refit,single,139,400 ppm 2 9,,3.092722153,1,0,1,0.0,medium,low,1,0.6245374083518982,0.28175878524780273,0.09370381385087967
bin_classification,dinov3,42,2,14,inner_refit,single,147,800 ppm 1 1,,3.206888056,1,2,1,0.0,medium,high,1,0.31895214319229126,0.21408934891223907,0.4669584631919861
bin_classification,dinov3,42,2,14,inner_refit,single,149,1000 ppm 4 5,,5.501306043,2,2,1,0.0,high,high,1,0.32969996333122253,0.26976150274276733,0.40053853392601013
bin_classification,dinov3,42,2,14,inner_refit,single,151,1000 ppm 1 1,,5.764585045,2,2,1,0.0,high,high,1,0.3378366231918335,0.1497175544500351,0.5124458074569702
bin_classification,dinov3,42,2,14,inner_refit,single,160,600 ppm 1 8,,3.375017339,1,0,1,0.0,medium,low,1,0.7321164608001709,0.17194999754428864,0.09593357890844345
bin_classification,dinov3,42,2,14,inner_refit,single,164,600 ppm 5 7,,2.199153042,0,1,1,0.0,low,medium,1,0.4664934277534485,0.470112681388855,0.0633939579129219
bin_classification,dinov3,42,2,14,inner_refit,single,177,1000 ppm 2 8,,8.920432073,2,2,1,0.0,high,high,1,0.01701541617512703,0.1339256465435028,0.8490590453147888
bin_classification,dinov3,42,2,14,inner_refit,single,178,600 ppm 1 5,,2.578333626,1,1,1,0.0,medium,medium,1,0.2589307725429535,0.6276130080223083,0.11345619708299637
bin_classification,dinov3,42,2,14,inner_refit,single,179,600 ppm 1 9,,2.309240059,0,1,1,0.0,low,medium,1,0.3136672377586365,0.5071313381195068,0.1792014092206955
bin_classification,dinov3,42,2,14,inner_refit,single,180,600 ppm 2 2,,3.987730061,2,2,1,0.0,high,high,1,0.15592750906944275,0.12586383521556854,0.7182086706161499
bin_classification,dinov3,42,2,14,inner_refit,single,183,600 ppm 5 2,,2.267431961,0,0,1,0.0,low,low,1,0.5599289536476135,0.2279326170682907,0.21213839948177338
bin_classification,dinov3,42,2,14,inner_refit,single,185,800 ppm 4 9,,1.601926465,0,1,1,0.0,low,medium,1,0.34268027544021606,0.4645712077617645,0.19274859130382538
bin_classification,dinov3,42,2,14,inner_refit,single,187,600 ppm 2 4,,5.228335334,2,2,1,0.0,high,high,1,0.13863399624824524,0.2211507111787796,0.640215277671814
bin_classification,dinov3,42,2,14,inner_refit,single,191,600 ppm 4 7,,3.434518809,1,0,1,0.0,medium,low,1,0.4794934391975403,0.24105799198150635,0.27944856882095337
bin_classification,dinov3,42,2,14,inner_refit,single,194,1000 ppm 5 8,,3.570707045,1,1,1,0.0,medium,medium,1,0.3516671657562256,0.3942565321922302,0.2540763318538666
bin_classification,dinov3,42,2,14,inner_refit,single,197,600 ppm 5 3,,3.545661039,1,2,1,0.0,medium,high,1,0.12696728110313416,0.37959107756614685,0.49344173073768616
bin_classification,dinov3,42,2,14,inner_refit,single,198,1000 ppm 4 4,,4.912650043,2,2,1,0.0,high,high,1,0.21755219995975494,0.24995771050453186,0.532490074634552
bin_classification,dinov3,42,2,14,inner_refit,single,208,1000 ppm 4 7,,4.80521563,2,2,1,0.0,high,high,1,0.064061738550663,0.2950519919395447,0.6408863067626953
bin_classification,dinov3,42,3,18,inner_refit,single,4,400 ppm 5 6,,3.179550105,1,0,1,0.0,medium,low,1,0.7467925548553467,0.23072341084480286,0.02248404175043106
bin_classification,dinov3,42,3,18,inner_refit,single,15,800 ppm 5 6,,4.035336418,2,2,1,0.0,high,high,1,0.06466273218393326,0.3784397840499878,0.5568974614143372
bin_classification,dinov3,42,3,18,inner_refit,single,17,800 ppm 1 8,,3.829685929,1,2,1,0.0,medium,high,1,0.27683499455451965,0.31222671270370483,0.4109382927417755
bin_classification,dinov3,42,3,18,inner_refit,single,24,400 ppm 1 7,,1.282576096,0,0,1,0.0,low,low,1,0.5621243715286255,0.12567943334579468,0.31219613552093506
bin_classification,dinov3,42,3,18,inner_refit,single,26,400 ppm 3 8,,2.699524299,1,0,1,0.0,medium,low,1,0.7555635571479797,0.20762193202972412,0.03681458905339241
bin_classification,dinov3,42,3,18,inner_refit,single,31,1000 ppm 4 10,,4.658685892,2,1,1,0.0,high,medium,1,0.153997004032135,0.6418589949607849,0.20414403080940247
bin_classification,dinov3,42,3,18,inner_refit,single,32,600 ppm 4 1,,2.305830077,0,0,1,0.0,low,low,1,0.7967734932899475,0.12852782011032104,0.07469868659973145
bin_classification,dinov3,42,3,18,inner_refit,single,33,400 ppm 4 2,,3.766442861,1,2,1,0.0,medium,high,1,0.17535562813282013,0.2340584099292755,0.5905859470367432
bin_classification,dinov3,42,3,18,inner_refit,single,40,1000 ppm 3 7,,4.455573905,2,1,1,0.0,high,medium,1,0.39735639095306396,0.562494695186615,0.04014889523386955
bin_classification,dinov3,42,3,18,inner_refit,single,42,800 ppm 4 1,,3.914368577,2,2,1,0.0,high,high,1,0.26917046308517456,0.03785840794444084,0.6929711103439331
bin_classification,dinov3,42,3,18,inner_refit,single,47,600 ppm 1 10,,2.380352998,0,2,1,0.0,low,high,1,0.10486505180597305,0.23497280478477478,0.660162091255188
bin_classification,dinov3,42,3,18,inner_refit,single,50,400 ppm 5 4,,2.308031034,0,0,1,0.0,low,low,1,0.5245904326438904,0.24497781693935394,0.23043176531791687
bin_classification,dinov3,42,3,18,inner_refit,single,60,1000 ppm 1 10,,6.849854778,2,2,1,0.0,high,high,1,0.05862319469451904,0.08611404150724411,0.8552627563476562
bin_classification,dinov3,42,3,18,inner_refit,single,63,800 ppm 5 1,,3.318129085,1,0,1,0.0,medium,low,1,0.7387900352478027,0.21645408868789673,0.044755835086107254
bin_classification,dinov3,42,3,18,inner_refit,single,65,1000 ppm 1 2,,2.839588237,1,0,1,0.0,medium,low,1,0.4717749059200287,0.2956652045249939,0.23255982995033264
bin_classification,dinov3,42,3,18,inner_refit,single,72,800 ppm 4 10,,1.790224933,0,1,1,0.0,low,medium,1,0.4199686050415039,0.5287328362464905,0.051298558712005615
bin_classification,dinov3,42,3,18,inner_refit,single,74,800 ppm 3 10,,2.565247064,1,0,1,0.0,medium,low,1,0.5505359172821045,0.41497498750686646,0.03448905795812607
bin_classification,dinov3,42,3,18,inner_refit,single,75,600 ppm 4 2,,2.807822686,1,1,1,0.0,medium,medium,1,0.11001111567020416,0.740016758441925,0.14997217059135437
bin_classification,dinov3,42,3,18,inner_refit,single,85,600 ppm 5 9,,3.487434095,1,2,1,0.0,medium,high,1,0.2310716211795807,0.32591161131858826,0.44301673769950867
bin_classification,dinov3,42,3,18,inner_refit,single,86,600 ppm 4 3,,2.880647975,1,0,1,0.0,medium,low,1,0.38748154044151306,0.30242854356765747,0.31008994579315186
bin_classification,dinov3,42,3,18,inner_refit,single,87,600 ppm 2 3,,4.461830388,2,2,1,0.0,high,high,1,0.05197122320532799,0.05896567180752754,0.8890630602836609
bin_classification,dinov3,42,3,18,inner_refit,single,88,400 ppm 1 8,,2.661895437,1,2,1,0.0,medium,high,1,0.20970240235328674,0.1255272477865219,0.6647703647613525
bin_classification,dinov3,42,3,18,inner_refit,single,91,800 ppm 2 6,,2.574977352,1,2,1,0.0,medium,high,1,0.33226147294044495,0.33111467957496643,0.33662381768226624
bin_classification,dinov3,42,3,18,inner_refit,single,96,400 ppm 3 3,,0.612212928,0,0,1,0.0,low,low,1,0.8698172569274902,0.11617585271596909,0.01400686614215374
bin_classification,dinov3,42,3,18,inner_refit,single,98,400 ppm 4 7,,2.772824063,1,1,1,0.0,medium,medium,1,0.37148424983024597,0.4892714023590088,0.13924436271190643
bin_classification,dinov3,42,3,18,inner_refit,single,101,400 ppm 1 1,,1.156692243,0,0,1,0.0,low,low,1,0.8561331033706665,0.06337905675172806,0.08048779517412186
bin_classification,dinov3,42,3,18,inner_refit,single,103,600 ppm 3 2,,1.913489171,0,0,1,0.0,low,low,1,0.523388147354126,0.371920108795166,0.10469173640012741
bin_classification,dinov3,42,3,18,inner_refit,single,104,400 ppm 2 5,,2.693185629,1,0,1,0.0,medium,low,1,0.574905276298523,0.3692944347858429,0.05580027401447296
bin_classification,dinov3,42,3,18,inner_refit,single,110,800 ppm 2 10,,3.839907089,1,2,1,0.0,medium,high,1,0.10663579404354095,0.23907241225242615,0.6542917490005493
bin_classification,dinov3,42,3,18,inner_refit,single,119,400 ppm 2 6,,1.94595721,0,1,1,0.0,low,medium,1,0.28106755018234253,0.4935397803783417,0.22539269924163818
bin_classification,dinov3,42,3,18,inner_refit,single,125,400 ppm 2 2,,2.217441217,0,0,1,0.0,low,low,1,0.8626769781112671,0.10572090744972229,0.031602103263139725
bin_classification,dinov3,42,3,18,inner_refit,single,127,800 ppm 1 3,,3.460604121,1,2,1,0.0,medium,high,1,0.2710287272930145,0.3238692283630371,0.40510210394859314
bin_classification,dinov3,42,3,18,inner_refit,single,134,400 ppm 5 7,,2.419099743,0,2,1,0.0,low,high,1,0.16496162116527557,0.28030911087989807,0.5547292828559875
bin_classification,dinov3,42,3,18,inner_refit,single,135,1000 ppm 3 1,,3.435150907,1,0,1,0.0,medium,low,1,0.4708893299102783,0.20818673074245453,0.32092398405075073
bin_classification,dinov3,42,3,18,inner_refit,single,136,1000 ppm 2 9,,4.12892976,2,1,1,0.0,high,medium,1,0.12610186636447906,0.6324554085731506,0.2414426952600479
bin_classification,dinov3,42,3,18,inner_refit,single,140,1000 ppm 2 6,,3.276631573,1,2,1,0.0,medium,high,1,0.1745225042104721,0.20936748385429382,0.6161100268363953
bin_classification,dinov3,42,3,18,inner_refit,single,141,400 ppm 2 1,,2.012764258,0,0,1,0.0,low,low,1,0.5744231343269348,0.38640546798706055,0.03917143493890762
bin_classification,dinov3,42,3,18,inner_refit,single,142,800 ppm 4 2,,7.228369165,2,2,1,0.0,high,high,1,0.050255753099918365,0.060747385025024414,0.8889968395233154
bin_classification,dinov3,42,3,18,inner_refit,single,153,800 ppm 1 6,,3.837716068,1,2,1,0.0,medium,high,1,0.1066836267709732,0.35438305139541626,0.5389333963394165
bin_classification,dinov3,42,3,18,inner_refit,single,168,800 ppm 4 3,,2.561965594,1,1,1,0.0,medium,medium,1,0.16998186707496643,0.7636464834213257,0.0663716271519661
bin_classification,dinov3,42,3,18,inner_refit,single,169,1000 ppm 5 5,,4.025481166,2,1,1,0.0,high,medium,1,0.11437296122312546,0.6104689240455627,0.2751581072807312
bin_classification,dinov3,42,3,18,inner_refit,single,170,600 ppm 5 6,,1.95587148,0,0,1,0.0,low,low,1,0.5383773446083069,0.18135277926921844,0.2802698612213135
bin_classification,dinov3,42,3,18,inner_refit,single,174,400 ppm 5 3,,4.283341707,2,2,1,0.0,high,high,1,0.17337118089199066,0.37699708342552185,0.4496317207813263
bin_classification,dinov3,42,3,18,inner_refit,single,176,600 ppm 1 6,,3.100781702,1,1,1,0.0,medium,medium,1,0.17415174841880798,0.47983884811401367,0.3460094630718231
bin_classification,dinov3,42,3,18,inner_refit,single,181,1000 ppm 1 6,,4.975119308,2,2,1,0.0,high,high,1,0.15353170037269592,0.05125194787979126,0.7952163815498352
bin_classification,dinov3,42,3,18,inner_refit,single,182,800 ppm 5 2,,3.095231637,1,1,1,0.0,medium,medium,1,0.17509149014949799,0.43553924560546875,0.3893692195415497
bin_classification,dinov3,42,3,18,inner_refit,single,195,c 2,,0.515980941,0,0,1,0.0,low,low,1,0.868022084236145,0.09275835007429123,0.039219580590724945
bin_classification,dinov3,42,3,18,inner_refit,single,196,800 ppm 2 2,,4.193172849,2,2,1,0.0,high,high,1,0.3233128786087036,0.2086266428232193,0.4680604338645935
bin_classification,dinov3,42,3,18,inner_refit,single,199,400 ppm 5 9,,4.94470606,2,2,1,0.0,high,high,1,0.026271987706422806,0.09438227862119675,0.8793457746505737
bin_classification,dinov3,42,3,18,inner_refit,single,200,400 ppm 2 8,,1.868843053,0,1,1,0.0,low,medium,1,0.2968108355998993,0.53505939245224,0.16812975704669952
bin_classification,dinov3,42,3,18,inner_refit,single,206,400 ppm 1 4,,2.032189725,0,2,1,0.0,low,high,1,0.22251884639263153,0.23816044628620148,0.539320707321167
bin_classification,dinov3,42,3,18,inner_refit,single,207,1000 ppm 2 2,,2.770922415,1,0,1,0.0,medium,low,1,0.6382421851158142,0.25398263335227966,0.10777512937784195
bin_classification,dinov3,42,4,14,inner_refit,single,10,1000 ppm 1 3,,5.010887657,2,2,1,0.0,high,high,1,0.2169933319091797,0.1902380734682083,0.5927686095237732
bin_classification,dinov3,42,4,14,inner_refit,single,16,400 ppm 4 6,,2.232310918,0,1,1,0.0,low,medium,1,0.41111254692077637,0.4780208468437195,0.11086661368608475
bin_classification,dinov3,42,4,14,inner_refit,single,18,600 ppm 3 1,,3.464453659,1,0,1,0.0,medium,low,1,0.42380067706108093,0.2934231460094452,0.2827761769294739
bin_classification,dinov3,42,4,14,inner_refit,single,19,400 ppm 3 5,,1.728051929,0,1,1,0.0,low,medium,1,0.3529823422431946,0.5293694138526917,0.11764824390411377
bin_classification,dinov3,42,4,14,inner_refit,single,23,c 10,,0.034792218,0,0,1,0.0,low,low,1,0.8817515969276428,0.08589442819356918,0.03235401585698128
bin_classification,dinov3,42,4,14,inner_refit,single,25,400 ppm 1 2,,2.105801382,0,1,1,0.0,low,medium,1,0.36407017707824707,0.4530038833618164,0.18292592465877533
bin_classification,dinov3,42,4,14,inner_refit,single,36,800 ppm 2 4,,0.010515853,0,1,1,0.0,low,medium,1,0.13738442957401276,0.8479822874069214,0.014633254148066044
bin_classification,dinov3,42,4,14,inner_refit,single,37,800 ppm 5 4,,4.51159952,2,2,1,0.0,high,high,1,0.21758119761943817,0.14667324721813202,0.6357455849647522
bin_classification,dinov3,42,4,14,inner_refit,single,39,1000 ppm 1 4,,5.546186906,2,2,1,0.0,high,high,1,0.14927968382835388,0.3944641351699829,0.4562562108039856
bin_classification,dinov3,42,4,14,inner_refit,single,41,1000 ppm 4 2,,4.700168169,2,2,1,0.0,high,high,1,0.31355446577072144,0.16085928678512573,0.5255862474441528
bin_classification,dinov3,42,4,14,inner_refit,single,46,400 ppm 2 3,,1.537357234,0,0,1,0.0,low,low,1,0.6213752627372742,0.34779539704322815,0.030829420313239098
bin_classification,dinov3,42,4,14,inner_refit,single,52,600 ppm 1 3,,2.7476069,1,1,1,0.0,medium,medium,1,0.4016691744327545,0.5307981371879578,0.06753266602754593
bin_classification,dinov3,42,4,14,inner_refit,single,55,400 ppm 5 5,,3.964413323,2,2,1,0.0,high,high,1,0.14369554817676544,0.04402753338217735,0.8122768998146057
bin_classification,dinov3,42,4,14,inner_refit,single,56,800 ppm 3 7,,3.154045927,1,1,1,0.0,medium,medium,1,0.21572592854499817,0.4990997910499573,0.28517428040504456
bin_classification,dinov3,42,4,14,inner_refit,single,59,400 ppm 1 9,,1.257349885,0,2,1,0.0,low,high,1,0.20737965404987335,0.09679968655109406,0.695820689201355
bin_classification,dinov3,42,4,14,inner_refit,single,62,800 ppm 5 3,,3.435802073,1,1,1,0.0,medium,medium,1,0.16347011923789978,0.6580227017402649,0.17850719392299652
bin_classification,dinov3,42,4,14,inner_refit,single,64,800 ppm 3 6,,2.688094559,1,1,1,0.0,medium,medium,1,0.4012810289859772,0.4616847038269043,0.13703420758247375
bin_classification,dinov3,42,4,14,inner_refit,single,68,1000 ppm 4 8,,5.826586722,2,2,1,0.0,high,high,1,0.044505733996629715,0.08713486045598984,0.8683595061302185
bin_classification,dinov3,42,4,14,inner_refit,single,69,800 ppm 4 8,,4.813344078,2,1,1,0.0,high,medium,1,0.45070990920066833,0.457076758146286,0.09221334010362625
bin_classification,dinov3,42,4,14,inner_refit,single,82,400 ppm 4 9,,2.624535347,1,1,1,0.0,medium,medium,1,0.25751781463623047,0.4759700894355774,0.2665121555328369
bin_classification,dinov3,42,4,14,inner_refit,single,84,c 7,,0.024246817,0,0,1,0.0,low,low,1,0.8490509986877441,0.1282797008752823,0.02266928367316723
bin_classification,dinov3,42,4,14,inner_refit,single,90,800 ppm 1 5,,3.533211084,1,1,1,0.0,medium,medium,1,0.163318932056427,0.4829500615596771,0.35373103618621826
bin_classification,dinov3,42,4,14,inner_refit,single,97,600 ppm 2 7,,5.389042573,2,2,1,0.0,high,high,1,0.2743145227432251,0.158766970038414,0.5669184923171997
bin_classification,dinov3,42,4,14,inner_refit,single,100,600 ppm 1 7,,4.294644495,2,0,1,0.0,high,low,1,0.4606892764568329,0.4137331545352936,0.12557755410671234
bin_classification,dinov3,42,4,14,inner_refit,single,102,1000 ppm 3 6,,3.90202355,2,2,1,0.0,high,high,1,0.36578166484832764,0.24369582533836365,0.39052248001098633
bin_classification,dinov3,42,4,14,inner_refit,single,106,1000 ppm 1 9,,5.438409112,2,2,1,0.0,high,high,1,0.15940292179584503,0.24456092715263367,0.5960361957550049
bin_classification,dinov3,42,4,14,inner_refit,single,112,800 ppm 2 7,,3.993865756,2,2,1,0.0,high,high,1,0.00894803088158369,0.024526894092559814,0.966525137424469
bin_classification,dinov3,42,4,14,inner_refit,single,116,800 ppm 3 2,,4.960180046,2,0,1,0.0,high,low,1,0.40029773116111755,0.36310359835624695,0.2365986555814743
bin_classification,dinov3,42,4,14,inner_refit,single,123,1000 ppm 4 6,,3.570549353,1,2,1,0.0,medium,high,1,0.24262326955795288,0.31534817814826965,0.4420284926891327
bin_classification,dinov3,42,4,14,inner_refit,single,128,600 ppm 1 4,,3.074620336,1,1,1,0.0,medium,medium,1,0.21278686821460724,0.7815346121788025,0.005678491201251745
bin_classification,dinov3,42,4,14,inner_refit,single,129,600 ppm 3 10,,3.257108041,1,1,1,0.0,medium,medium,1,0.3942250609397888,0.5310578346252441,0.07471711933612823
bin_classification,dinov3,42,4,14,inner_refit,single,144,600 ppm 5 8,,1.745539039,0,1,1,0.0,low,medium,1,0.48189401626586914,0.5091000199317932,0.009005949832499027
bin_classification,dinov3,42,4,14,inner_refit,single,145,c 5,,0.262646502,0,0,1,0.0,low,low,1,0.7254518270492554,0.1465877890586853,0.12796032428741455
bin_classification,dinov3,42,4,14,inner_refit,single,150,600 ppm 3 9,,2.924303323,1,0,1,0.0,medium,low,1,0.582953691482544,0.3890742063522339,0.027972130104899406
bin_classification,dinov3,42,4,14,inner_refit,single,152,1000 ppm 5 10,,4.866749998,2,2,1,0.0,high,high,1,0.022648045793175697,0.0667157843708992,0.9106361269950867
bin_classification,dinov3,42,4,14,inner_refit,single,154,600 ppm 5 1,,1.92902126,0,0,1,0.0,low,low,1,0.7960688471794128,0.17046798765659332,0.0334632433950901
bin_classification,dinov3,42,4,14,inner_refit,single,155,600 ppm 1 1,,3.201626017,1,1,1,0.0,medium,medium,1,0.4068901538848877,0.5232748985290527,0.06983495503664017
bin_classification,dinov3,42,4,14,inner_refit,single,158,800 ppm 5 10,,0.75996872,0,0,1,0.0,low,low,1,0.5141408443450928,0.3933817148208618,0.09247741848230362
bin_classification,dinov3,42,4,14,inner_refit,single,159,400 ppm 4 5,,2.49284019,1,0,1,0.0,medium,low,1,0.4827920198440552,0.42211708426475525,0.09509095549583435
bin_classification,dinov3,42,4,14,inner_refit,single,161,600 ppm 3 8,,3.047380635,1,1,1,0.0,medium,medium,1,0.33828556537628174,0.4311342239379883,0.23058027029037476
bin_classification,dinov3,42,4,14,inner_refit,single,162,800 ppm 3 8,,4.614610915,2,0,1,0.0,high,low,1,0.6404826641082764,0.34793761372566223,0.011579661630094051
bin_classification,dinov3,42,4,14,inner_refit,single,163,1000 ppm 5 6,,3.12203341,1,1,1,0.0,medium,medium,1,0.31460461020469666,0.5173190236091614,0.16807633638381958
bin_classification,dinov3,42,4,14,inner_refit,single,165,600 ppm 4 8,,5.563645491,2,2,1,0.0,high,high,1,0.24625137448310852,0.28834742307662964,0.46540120244026184
bin_classification,dinov3,42,4,14,inner_refit,single,167,800 ppm 3 5,,4.458889794,2,0,1,0.0,high,low,1,0.6890145540237427,0.15470744669437408,0.15627801418304443
bin_classification,dinov3,42,4,14,inner_refit,single,171,400 ppm 3 1,,1.246955081,0,0,1,0.0,low,low,1,0.7254221439361572,0.2650293707847595,0.009548497386276722
bin_classification,dinov3,42,4,14,inner_refit,single,172,400 ppm 3 6,,1.25800729,0,0,1,0.0,low,low,1,0.6554650068283081,0.2981119155883789,0.046423058956861496
bin_classification,dinov3,42,4,14,inner_refit,single,173,600 ppm 4 10,,1.599538611,0,0,1,0.0,low,low,1,0.7886919379234314,0.1418994665145874,0.0694086104631424
bin_classification,dinov3,42,4,14,inner_refit,single,184,1000 ppm 4 1,,4.003606934,2,2,1,0.0,high,high,1,0.11347941309213638,0.24198879301548004,0.644531786441803
bin_classification,dinov3,42,4,14,inner_refit,single,188,400 ppm 4 10,,2.606928263,1,1,1,0.0,medium,medium,1,0.2661116421222687,0.6724828481674194,0.06140550971031189
bin_classification,dinov3,42,4,14,inner_refit,single,190,600 ppm 3 3,,3.293084865,1,0,1,0.0,medium,low,1,0.4349597692489624,0.18264912068843842,0.38239115476608276
bin_classification,dinov3,42,4,14,inner_refit,single,201,400 ppm 3 4,,2.103673748,0,1,1,0.0,low,medium,1,0.30732837319374084,0.5880448222160339,0.10462678968906403
bin_classification,dinov3,42,4,14,inner_refit,single,203,1000 ppm 2 3,,3.096861561,1,0,1,0.0,medium,low,1,0.4836607873439789,0.4664837121963501,0.049855489283800125
