image_path,nominal_treatment
/mnt/c/Users/david/OneDrive - University of Central Florida/agai-reu-pesticide/datasets/!Kocide Application 2025/600 ppm/20251112_112552.jpg,600
/mnt/c/Users/david/OneDrive - University of Central Florida/agai-reu-pesticide/datasets/!Kocide Application 2025/600 ppm/20251112_112555.jpg,600
/mnt/c/Users/david/OneDrive - University of Central Florida/agai-reu-pesticide/datasets/!Kocide Application 2025/600 ppm/20251112_112602.jpg,600
/mnt/c/Users/david/OneDrive - University of Central Florida/agai-reu-pesticide/datasets/!Kocide Application 2025/600 ppm/20251112_112605.jpg,600
/mnt/c/Users/david/OneDrive - University of Central Florida/agai-reu-pesticide/datasets/!Kocide Application 2025/600 ppm/20251112_112627.jpg,600
/mnt/c/Users/david/OneDrive - University of Central Florida/agai-reu-pesticide/datasets/!Kocide Application 2025/600 ppm/20251112_112631.jpg,600
/mnt/c/Users/david/OneDrive - University of Central Florida/agai-reu-pesticide/datasets/!Kocide Application 2025/600 ppm/20251112_112634.jpg,600
/mnt/c/Users/david/OneDrive - University of Central Florida/agai-reu-pesticide/datasets/!Kocide Application 2025/600 ppm/20251112_112652.jpg,600
/mnt/c/Users/david/OneDrive - University of Central Florida/agai-reu-pesticide/datasets/!Kocide Application 2025/600 ppm/20251112_112656.jpg,600
/mnt/c/Users/david/OneDrive - University of Central Florida/agai-reu-pesticide/datasets/!Kocide Application 2025/600 ppm/20251112_112700.jpg,600
/mnt/c/Users/david/OneDrive - University of Central Florida/agai-reu-pesticide/datasets/!Kocide Application 2025/600 ppm/20251112_112703.jpg,600
/mnt/c/Users/david/OneDrive - University of Central Florida/agai-reu-pesticide/datasets/!Kocide Application 2025/600 ppm/20251112_112708.jpg,600
/mnt/c/Users/david/OneDrive - University of Central Florida/agai-reu-pesticide/datasets/!Kocide Application 2025/600 ppm/20251112_112713.jpg,600
/mnt/c/Users/david/OneDrive - University of Central Florida/agai-reu-pesticide/datasets/!Kocide Application 2025/600 ppm/20251112_112727.jpg,600
/mnt/c/Users/david/OneDrive - University of Central Florida/agai-reu-pesticide/datasets/!Kocide Application 2025/600 ppm/20251112_112734.jpg,600
/mnt/c/Users/david/OneDrive - University of Central Florida/agai-reu-pesticide/datasets/!Kocide Application 2025/600 ppm/20251112_112738.jpg,600
/mnt/c/Users/david/OneDrive - University of Central Florida/agai-reu-pesticide/datasets/!Kocide Application 2025/600 ppm/20251112_112741.jpg,600
/mnt/c/Users/david/OneDrive - University of Central Florida/agai-reu-pesticide/datasets/!Kocide Application 2025/600 ppm/20251112_112748.jpg,600
/mnt/c/Users/david/OneDrive - University of Central Florida/agai-reu-pesticide/datasets/!Kocide Application 2025/600 ppm/20251112_112752.jpg,600
/mnt/c/Users/david/OneDrive - University of Central Florida/agai-reu-pesticide/datasets/!Kocide Application 2025/600 ppm/20251112_112800.jpg,600
/mnt/c/Users/david/OneDrive - University of Central Florida/agai-reu-pesticide/datasets/!Kocide Application 2025/600 ppm/20251112_112805.jpg,600
/mnt/c/Users/david/OneDrive - University of Central Florida/agai-reu-pesticide/datasets/!Kocide Application 2025/600 ppm/20251112_112811.jpg,600
/mnt/c/Users/david/OneDrive - University of Central Florida/agai-reu-pesticide/datasets/!Kocide Application 2025/600 ppm/20251112_112817.jpg,600
/mnt/c/Users/david/OneDrive - University of Central Florida/agai-reu-pesticide/datasets/!Kocide Application 2025/600 ppm/20251112_112824.jpg,600
/mnt/c/Users/david/OneDrive - University of Central Florida/agai-reu-pesticide/datasets/!Kocide Application 2025/600 ppm/20251112_112831.jpg,600
/mnt/c/Users/david/OneDrive - University of Central Florida/agai-reu-pesticide/datasets/!Kocide Application 2025/600 ppm/20251112_112835.jpg,600
/mnt/c/Users/david/OneDrive - University of Central Florida/agai-reu-pesticide/datasets/!Kocide Application 2025/600 ppm/20251112_112839.jpg,600
/mnt/c/Users/david/OneDrive - University of Central Florida/agai-reu-pesticide/datasets/!Kocide Application 2025/600 ppm/20251112_112842.jpg,600
/mnt/c/Users/david/OneDrive - University of Central Florida/agai-reu-pesticide/datasets/!Kocide Application 2025/600 ppm/20251112_112853.jpg,600
/mnt/c/Users/david/OneDrive - University of Central Florida/agai-reu-pesticide/datasets/!Kocide Application 2025/600 ppm/20251112_112856.jpg,600
/mnt/c/Users/david/OneDrive - University of Central Florida/agai-reu-pesticide/datasets/!Kocide Application 2025/600 ppm/20251112_112900.jpg,600
/mnt/c/Users/david/OneDrive - University of Central Florida/agai-reu-pesticide/datasets/!Kocide Application 2025/600 ppm/20251112_112906.jpg,600
/mnt/c/Users/david/OneDrive - University of Central Florida/agai-reu-pesticide/datasets/!Kocide Application 2025/600 ppm/20251112_112909.jpg,600
/mnt/c/Users/david/OneDrive - University of Central Florida/agai-reu-pesticide/datasets/!Kocide Application 2025/600 ppm/20251112_112918.jpg,600
/mnt/c/Users/david/OneDrive - University of Central Florida/agai-reu-pesticide/datasets/!Kocide Application 2025/600 ppm/20251112_112922.jpg,600
/mnt/c/Users/david/OneDrive - University of Central Florida/agai-reu-pesticide/datasets/!Kocide Application 2025/600 ppm/20251112_112926.jpg,600
/mnt/c/Users/david/OneDrive - University of Central Florida/agai-reu-pesticide/datasets/!Kocide Application 2025/600 ppm/20251112_112932.jpg,600
/mnt/c/Users/david/OneDrive - University of Central Florida/agai-reu-pesticide/datasets/!Kocide Application 2025/600 ppm/20251112_112936.jpg,600
/mnt/c/Users/david/OneDrive - University of Central Florida/agai-reu-pesticide/datasets/!Kocide Application 2025/600 ppm/20251112_112941.jpg,600
/mnt/c/Users/david/OneDrive - University of Central Florida/agai-reu-pesticide/datasets/!Kocide Application 2025/600 ppm/20251112_112946.jpg,600
/mnt/c/Users/david/OneDrive - University of Central Florida/agai-reu-pesticide/datasets/!Kocide Application 2025/600 ppm/20251112_112951.jpg,600
/mnt/c/Users/david/OneDrive - University of Central Florida/agai-reu-pesticide/datasets/!Kocide Application 2025/600 ppm/20251112_112955.jpg,600
/mnt/c/Users/david/OneDrive - University of Central Florida/agai-reu-pesticide/datasets/!Kocide Application 2025/600 ppm/20251112_113001.jpg,600
/mnt/c/Users/david/OneDrive - University of Central Florida/agai-reu-pesticide/datasets/!Kocide Application 2025/600 ppm/20251112_113005.jpg,600
/mnt/c/Users/david/OneDrive - University of Central Florida/agai-reu-pesticide/datasets/!Kocide Application 2025/600 ppm/20251112_113012.jpg,600
/mnt/c/Users/david/OneDrive - University of Central Florida/agai-reu-pesticide/datasets/!Kocide Application 2025/600 ppm/20251112_113015.jpg,600
/mnt/c/Users/david/OneDrive - University of Central Florida/agai-reu-pesticide/datasets/!Kocide Application 2025/600 ppm/20251112_113020.jpg,600
/mnt/c/Users/david/OneDrive - University of Central Florida/agai-reu-pesticide/datasets/!Kocide Application 2025/600 ppm/20251112_113025.jpg,600
/mnt/c/Users/david/OneDrive - University of Central Florida/agai-reu-pesticide/datasets/!Kocide Application 2025/600 ppm/20251112_113031.jpg,600
/mnt/c/Users/david/OneDrive - University of Central Florida/agai-reu-pesticide/datasets/!Kocide Application 2025/600 ppm/20251112_113037.jpg,600
/mnt/c/Users/david/OneDrive - University of Central Florida/agai-reu-pesticide/datasets/!Kocide Application 2025/600 ppm/20251112_113046.jpg,600
/mnt/c/Users/david/OneDrive - University of Central Florida/agai-reu-pesticide/datasets/!Kocide Application 2025/600 ppm/20251112_113053.jpg,600
/mnt/c/Users/david/OneDrive - University of Central Florida/agai-reu-pesticide/datasets/!Kocide Application 2025/600 ppm/20251112_113057.jpg,600
/mnt/c/Users/david/OneDrive - University of Central Florida/agai-reu-pesticide/datasets/!Kocide Application 2025/600 ppm/20251112_113101.jpg,600
/mnt/c/Users/david/OneDrive - University of Central Florida/agai-reu-pesticide/datasets/!Kocide Application 2025/600 ppm/20251112_113105.jpg,600
/mnt/c/Users/david/OneDrive - University of Central Florida/agai-reu-pesticide/datasets/!Kocide Application 2025/600 ppm/20251112_113120.jpg,600
/mnt/c/Users/david/OneDrive - University of Central Florida/agai-reu-pesticide/datasets/!Kocide Application 2025/600 ppm/20251112_113124.jpg,600
/mnt/c/Users/david/OneDrive - University of Central Florida/agai-reu-pesticide/datasets/!Kocide Application 2025/600 ppm/20251112_113128.jpg,600
/mnt/c/Users/david/OneDrive - University of Central Florida/agai-reu-pesticide/datasets/!Kocide Application 2025/600 ppm/20251112_113131.jpg,600
/mnt/c/Users/david/OneDrive - University of Central Florida/agai-reu-pesticide/datasets/!Kocide Application 2025/600 ppm/20251112_113135.jpg,600
/mnt/c/Users/david/OneDrive - University of Central Florida/agai-reu-pesticide/datasets/!Kocide Application 2025/600 ppm/20251112_113141.jpg,600
/mnt/c/Users/david/OneDrive - University of Central Florida/agai-reu-pesticide/datasets/!Kocide Application 2025/600 ppm/20251112_113144.jpg,600
/mnt/c/Users/david/OneDrive - University of Central Florida/agai-reu-pesticide/datasets/!Kocide Application 2025/600 ppm/20251112_113148.jpg,600
/mnt/c/Users/david/OneDrive - University of Central Florida/agai-reu-pesticide/datasets/!Kocide Application 2025/600 ppm/20251112_113153.jpg,600
/mnt/c/Users/david/OneDrive - University of Central Florida/agai-reu-pesticide/datasets/!Kocide Application 2025/600 ppm/20251112_113156.jpg,600
/mnt/c/Users/david/OneDrive - University of Central Florida/agai-reu-pesticide/datasets/!Kocide Application 2025/600 ppm/20251112_113204.jpg,600
/mnt/c/Users/david/OneDrive - University of Central Florida/agai-reu-pesticide/datasets/!Kocide Application 2025/600 ppm/20251112_113210.jpg,600
/mnt/c/Users/david/OneDrive - University of Central Florida/agai-reu-pesticide/datasets/!Kocide Application 2025/600 ppm/20251112_113212.jpg,600
/mnt/c/Users/david/OneDrive - University of Central Florida/agai-reu-pesticide/datasets/!Kocide Application 2025/600 ppm/20251112_113214.jpg,600
/mnt/c/Users/david/OneDrive - University of Central Florida/agai-reu-pesticide/datasets/!Kocide Application 2025/600 ppm/20251112_113216.jpg,600
/mnt/c/Users/david/OneDrive - University of Central Florida/agai-reu-pesticide/datasets/!Kocide Application 2025/600 ppm/20251112_113218.jpg,600
/mnt/c/Users/david/OneDrive - University of Central Florida/agai-reu-pesticide/datasets/!Kocide Application 2025/600 ppm/20251112_113221.jpg,600
/mnt/c/Users/david/OneDrive - University of Central Florida/agai-reu-pesticide/datasets/!Kocide Application 2025/600 ppm/20251112_113226.jpg,600
/mnt/c/Users/david/OneDrive - University of Central Florida/agai-reu-pesticide/datasets/!Kocide Application 2025/600 ppm/20251112_113230.jpg,600
/mnt/c/Users/david/OneDrive - University of Central Florida/agai-reu-pesticide/datasets/!Kocide Application 2025/600 ppm/20251112_113234.jpg,600
/mnt/c/Users/david/OneDrive - University of Central Florida/agai-reu-pesticide/datasets/!Kocide Application 2025/600 ppm/20251112_113240.jpg,600
/mnt/c/Users/david/OneDrive - University of Central Florida/agai-reu-pesticide/datasets/!Kocide Application 2025/600 ppm/20251112_113246.jpg,600
/mnt/c/Users/david/OneDrive - University of Central Florida/agai-reu-pesticide/datasets/!Kocide Application 2025/600 ppm/20251112_113300.jpg,600
/mnt/c/Users/david/OneDrive - University of Central Florida/agai-reu-pesticide/datasets/!Kocide Application 2025/600 ppm/20251112_113305.jpg,600
/mnt/c/Users/david/OneDrive - University of Central Florida/agai-reu-pesticide/datasets/!Kocide Application 2025/600 ppm/20251112_113310.jpg,600
/mnt/c/Users/david/OneDrive - University of Central Florida/agai-reu-pesticide/datasets/!Kocide Application 2025/600 ppm/20251112_113317.jpg,600
/mnt/c/Users/david/OneDrive - University of Central Florida/agai-reu-pesticide/datasets/!Kocide Application 2025/600 ppm/20251112_113320.jpg,600
/mnt/c/Users/david/OneDrive - University of Central Florida/agai-reu-pesticide/datasets/!Kocide Application 2025/600 ppm/20251112_113323.jpg,600
/mnt/c/Users/david/OneDrive - University of Central Florida/agai-reu-pesticide/datasets/!Kocide Application 2025/600 ppm/20251112_113326.jpg,600
/mnt/c/Users/david/OneDrive - University of Central Florida/agai-reu-pesticide/datasets/!Kocide Application 2025/600 ppm/20251112_113332.jpg,600
/mnt/c/Users/david/OneDrive - University of Central Florida/agai-reu-pesticide/datasets/!Kocide Application 2025/600 ppm/20251112_113336.jpg,600
/mnt/c/Users/david/OneDrive - University of Central Florida/agai-reu-pesticide/datasets/!Kocide Application 2025/600 ppm/20251112_113340.jpg,600
/mnt/c/Users/david/OneDrive - University of Central Florida/agai-reu-pesticide/datasets/!Kocide Application 2025/600 ppm/20251112_113343.jpg,600
/mnt/c/Users/david/OneDrive - University of Central Florida/agai-reu-pesticide/datasets/!Kocide Application 2025/600 ppm/20251112_113346.jpg,600
/mnt/c/Users/david/OneDrive - University of Central Florida/agai-reu-pesticide/datasets/!Kocide Application 2025/600 ppm/20251112_113350.jpg,600
/mnt/c/Users/david/OneDrive - University of Central Florida/agai-reu-pesticide/datasets/!Kocide Application 2025/600 ppm/20251112_113355.jpg,600
/mnt/c/Users/david/OneDrive - University of Central Florida/agai-reu-pesticide/datasets/!Kocide Application 2025/600 ppm/20251112_113358.jpg,600
/mnt/c/Users/david/OneDrive - University of Central Florida/agai-reu-pesticide/datasets/!Kocide Application 2025/600 ppm/20251112_113402.jpg,600
/mnt/c/Users/david/OneDrive - University of Central Florida/agai-reu-pesticide/datasets/!Kocide Application 2025/600 ppm/20251112_113405.jpg,600
/mnt/c/Users/david/OneDrive - University of Central Florida/agai-reu-pesticide/datasets/!Kocide Application 2025/600 ppm/20251112_113414.jpg,600
/mnt/c/Users/david/OneDrive - University of Central Florida/agai-reu-pesticide/datasets/!Kocide Application 2025/600 ppm/20251112_113432.jpg,600
/mnt/c/Users/david/OneDrive - University of Central Florida/agai-reu-pesticide/datasets/!Kocide Application 2025/600 ppm/20251112_113437.jpg,600
/mnt/c/Users/david/OneDrive - University of Central Florida/agai-reu-pesticide/datasets/!Kocide Application 2025/600 ppm/20251112_113443.jpg,600
/mnt/c/Users/david/OneDrive - University of Central Florida/agai-reu-pesticide/datasets/!Kocide Application 2025/600 ppm/20251112_113446.jpg,600
/mnt/c/Users/david/OneDrive - University of Central Florida/agai-reu-pesticide/datasets/!Kocide Application 2025/600 ppm/20251112_113453.jpg,600
/mnt/c/Users/david/OneDrive - University of Central Florida/agai-reu-pesticide/datasets/!Kocide Application 2025/600 ppm/20251112_113456.jpg,600
/mnt/c/Users/david/OneDrive - University of Central Florida/agai-reu-pesticide/datasets/!Kocide Application 2025/600 ppm/20251112_113500.jpg,600
/mnt/c/Users/david/OneDrive - University of Central Florida/agai-reu-pesticide/datasets/!Kocide Application 2025/600 ppm/20251112_113505.jpg,600
/mnt/c/Users/david/OneDrive - University of Central Florida/agai-reu-pesticide/datasets/!Kocide Application 2025/600 ppm/20251112_113511.jpg,600
/mnt/c/Users/david/OneDrive - University of Central Florida/agai-reu-pesticide/datasets/!Kocide Application 2025/600 ppm/20251112_113515.jpg,600
/mnt/c/Users/david/OneDrive - University of Central Florida/agai-reu-pesticide/datasets/!Kocide Application 2025/600 ppm/20251112_113524.jpg,600
/mnt/c/Users/david/OneDrive - University of Central Florida/agai-reu-pesticide/datasets/!Kocide Application 2025/600 ppm/20251112_113527.jpg,600
/mnt/c/Users/david/OneDrive - University of Central Florida/agai-reu-pesticide/datasets/!Kocide Application 2025/600 ppm/20251112_113534.jpg,600
/mnt/c/Users/david/OneDrive - University of Central Florida/agai-reu-pesticide/datasets/!Kocide Application 2025/600 ppm/20251112_113538.jpg,600
/mnt/c/Users/david/OneDrive - University of Central Florida/agai-reu-pesticide/datasets/!Kocide Application 2025/600 ppm/20251112_113542.jpg,600
/mnt/c/Users/david/OneDrive - University of Central Florida/agai-reu-pesticide/datasets/!Kocide Application 2025/600 ppm/20251112_113552.jpg,600
/mnt/c/Users/david/OneDrive - University of Central Florida/agai-reu-pesticide/datasets/!Kocide Application 2025/600 ppm/20251112_113557.jpg,600
/mnt/c/Users/david/OneDrive - University of Central Florida/agai-reu-pesticide/datasets/!Kocide Application 2025/600 ppm/20251112_113601.jpg,600
/mnt/c/Users/david/OneDrive - University of Central Florida/agai-reu-pesticide/datasets/!Kocide Application 2025/600 ppm/20251112_113612.jpg,600
/mnt/c/Users/david/OneDrive - University of Central Florida/agai-reu-pesticide/datasets/!Kocide Application 2025/600 ppm/20251112_113618.jpg,600
/mnt/c/Users/david/OneDrive - University of Central Florida/agai-reu-pesticide/datasets/!Kocide Application 2025/600 ppm/20251112_113623.jpg,600
/mnt/c/Users/david/OneDrive - University of Central Florida/agai-reu-pesticide/datasets/!Kocide Application 2025/600 ppm/20251112_113631.jpg,600
/mnt/c/Users/david/OneDrive - University of Central Florida/agai-reu-pesticide/datasets/!Kocide Application 2025/600 ppm/20251112_113633.jpg,600
/mnt/c/Users/david/OneDrive - University of Central Florida/agai-reu-pesticide/datasets/!Kocide Application 2025/600 ppm/20251112_113637.jpg,600
/mnt/c/Users/david/OneDrive - University of Central Florida/agai-reu-pesticide/datasets/!Kocide Application 2025/600 ppm/20251112_113644.jpg,600
/mnt/c/Users/david/OneDrive - University of Central Florida/agai-reu-pesticide/datasets/!Kocide Application 2025/600 ppm/20251112_113654.jpg,600
/mnt/c/Users/david/OneDrive - University of Central Florida/agai-reu-pesticide/datasets/!Kocide Application 2025/600 ppm/20251112_113706.jpg,600
/mnt/c/Users/david/OneDrive - University of Central Florida/agai-reu-pesticide/datasets/!Kocide Application 2025/600 ppm/20251112_113709.jpg,600
/mnt/c/Users/david/OneDrive - University of Central Florida/agai-reu-pesticide/datasets/!Kocide Application 2025/600 ppm/20251112_113711.jpg,600
/mnt/c/Users/david/OneDrive - University of Central Florida/agai-reu-pesticide/datasets/!Kocide Application 2025/600 ppm/20251112_113733.jpg,600
/mnt/c/Users/david/OneDrive - University of Central Florida/agai-reu-pesticide/datasets/!Kocide Application 2025/600 ppm/20251112_113738.jpg,600
/mnt/c/Users/david/OneDrive - University of Central Florida/agai-reu-pesticide/datasets/!Kocide Application 2025/600 ppm/20251112_113740.jpg,600
/mnt/c/Users/david/OneDrive - University of Central Florida/agai-reu-pesticide/datasets/!Kocide Application 2025/600 ppm/20251112_113747.jpg,600
/mnt/c/Users/david/OneDrive - University of Central Florida/agai-reu-pesticide/datasets/!Kocide Application 2025/600 ppm/20251112_113756.jpg,600
/mnt/c/Users/david/OneDrive - University of Central Florida/agai-reu-pesticide/datasets/!Kocide Application 2025/600 ppm/20251112_113803.jpg,600
/mnt/c/Users/david/OneDrive - University of Central Florida/agai-reu-pesticide/datasets/!Kocide Application 2025/600 ppm/20251112_113807.jpg,600
/mnt/c/Users/david/OneDrive - University of Central Florida/agai-reu-pesticide/datasets/!Kocide Application 2025/600 ppm/20251112_113816.jpg,600
/mnt/c/Users/david/OneDrive - University of Central Florida/agai-reu-pesticide/datasets/!Kocide Application 2025/600 ppm/20251112_113823.jpg,600
/mnt/c/Users/david/OneDrive - University of Central Florida/agai-reu-pesticide/datasets/!Kocide Application 2025/600 ppm/20251112_113830.jpg,600
/mnt/c/Users/david/OneDrive - University of Central Florida/agai-reu-pesticide/datasets/!Kocide Application 2025/600 ppm/20251112_113838.jpg,600
/mnt/c/Users/david/OneDrive - University of Central Florida/agai-reu-pesticide/datasets/!Kocide Application 2025/600 ppm/20251112_113903.jpg,600
/mnt/c/Users/david/OneDrive - University of Central Florida/agai-reu-pesticide/datasets/!Kocide Application 2025/600 ppm/20251112_113911.jpg,600
/mnt/c/Users/david/OneDrive - University of Central Florida/agai-reu-pesticide/datasets/!Kocide Application 2025/600 ppm/20251112_113917.jpg,600
/mnt/c/Users/david/OneDrive - University of Central Florida/agai-reu-pesticide/datasets/!Kocide Application 2025/600 ppm/20251112_113924.jpg,600
/mnt/c/Users/david/OneDrive - University of Central Florida/agai-reu-pesticide/datasets/!Kocide Application 2025/600 ppm/20251112_113933.jpg,600
/mnt/c/Users/david/OneDrive - University of Central Florida/agai-reu-pesticide/datasets/!Kocide Application 2025/600 ppm/20251112_113938.jpg,600
/mnt/c/Users/david/OneDrive - University of Central Florida/agai-reu-pesticide/datasets/!Kocide Application 2025/600 ppm/20251112_113942.jpg,600
/mnt/c/Users/david/OneDrive - University of Central Florida/agai-reu-pesticide/datasets/!Kocide Application 2025/600 ppm/20251112_113949.jpg,600
/mnt/c/Users/david/OneDrive - University of Central Florida/agai-reu-pesticide/datasets/!Kocide Application 2025/600 ppm/20251112_113952.jpg,600
/mnt/c/Users/david/OneDrive - University of Central Florida/agai-reu-pesticide/datasets/!Kocide Application 2025/600 ppm/20251112_113958.jpg,600
/mnt/c/Users/david/OneDrive - University of Central Florida/agai-reu-pesticide/datasets/!Kocide Application 2025/600 ppm/20251112_114001.jpg,600
/mnt/c/Users/david/OneDrive - University of Central Florida/agai-reu-pesticide/datasets/!Kocide Application 2025/600 ppm/20251112_114008.jpg,600
/mnt/c/Users/david/OneDrive - University of Central Florida/agai-reu-pesticide/datasets/!Kocide Application 2025/600 ppm/20251112_114013.jpg,600
/mnt/c/Users/david/OneDrive - University of Central Florida/agai-reu-pesticide/datasets/!Kocide Application 2025/600 ppm/20251112_114021.jpg,600
/mnt/c/Users/david/OneDrive - University of Central Florida/agai-reu-pesticide/datasets/!Kocide Application 2025/600 ppm/20251112_114024.jpg,600
/mnt/c/Users/david/OneDrive - University of Central Florida/agai-reu-pesticide/datasets/!Kocide Application 2025/600 ppm/20251112_114029.jpg,600
/mnt/c/Users/david/OneDrive - University of Central Florida/agai-reu-pesticide/datasets/!Kocide Application 2025/600 ppm/20251112_114033.jpg,600
/mnt/c/Users/david/OneDrive - University of Central Florida/agai-reu-pesticide/datasets/!Kocide Application 2025/600 ppm/20251112_114038.jpg,600
/mnt/c/Users/david/OneDrive - University of Central Florida/agai-reu-pesticide/datasets/!Kocide Application 2025/600 ppm/20251112_114048.jpg,600
/mnt/c/Users/david/OneDrive - University of Central Florida/agai-reu-pesticide/datasets/!Kocide Application 2025/600 ppm/20251112_114052.jpg,600
/mnt/c/Users/david/OneDrive - University of Central Florida/agai-reu-pesticide/datasets/!Kocide Application 2025/600 ppm/20251112_114055.jpg,600
/mnt/c/Users/david/OneDrive - University of Central Florida/agai-reu-pesticide/datasets/!Kocide Application 2025/600 ppm/20251112_114101.jpg,600
/mnt/c/Users/david/OneDrive - University of Central Florida/agai-reu-pesticide/datasets/!Kocide Application 2025/600 ppm/20251112_114107.jpg,600
/mnt/c/Users/david/OneDrive - University of Central Florida/agai-reu-pesticide/datasets/!Kocide Application 2025/600 ppm/20251112_114124.jpg,600
/mnt/c/Users/david/OneDrive - University of Central Florida/agai-reu-pesticide/datasets/!Kocide Application 2025/600 ppm/20251112_114129.jpg,600
/mnt/c/Users/david/OneDrive - University of Central Florida/agai-reu-pesticide/datasets/!Kocide Application 2025/600 ppm/20251112_114135.jpg,600
/mnt/c/Users/david/OneDrive - University of Central Florida/agai-reu-pesticide/datasets/!Kocide Application 2025/600 ppm/20251112_114140.jpg,600
/mnt/c/Users/david/OneDrive - University of Central Florida/agai-reu-pesticide/datasets/!Kocide Application 2025/600 ppm/20251112_114144.jpg,600
/mnt/c/Users/david/OneDrive - University of Central Florida/agai-reu-pesticide/datasets/!Kocide Application 2025/600 ppm/20251112_114148.jpg,600
/mnt/c/Users/david/OneDrive - University of Central Florida/agai-reu-pesticide/datasets/!Kocide Application 2025/600 ppm/20251112_114156.jpg,600
/mnt/c/Users/david/OneDrive - University of Central Florida/agai-reu-pesticide/datasets/!Kocide Application 2025/600 ppm/20251112_114200.jpg,600
/mnt/c/Users/david/OneDrive - University of Central Florida/agai-reu-pesticide/datasets/!Kocide Application 2025/600 ppm/20251112_114206.jpg,600
/mnt/c/Users/david/OneDrive - University of Central Florida/agai-reu-pesticide/datasets/!Kocide Application 2025/600 ppm/20251112_114217.jpg,600
/mnt/c/Users/david/OneDrive - University of Central Florida/agai-reu-pesticide/datasets/!Kocide Application 2025/600 ppm/20251112_114228.jpg,600
/mnt/c/Users/david/OneDrive - University of Central Florida/agai-reu-pesticide/datasets/!Kocide Application 2025/600 ppm/20251112_114231.jpg,600
/mnt/c/Users/david/OneDrive - University of Central Florida/agai-reu-pesticide/datasets/!Kocide Application 2025/1000 ppm/20251112_114247.jpg,1000
/mnt/c/Users/david/OneDrive - University of Central Florida/agai-reu-pesticide/datasets/!Kocide Application 2025/1000 ppm/20251112_114249.jpg,1000
/mnt/c/Users/david/OneDrive - University of Central Florida/agai-reu-pesticide/datasets/!Kocide Application 2025/1000 ppm/20251112_114251.jpg,1000
/mnt/c/Users/david/OneDrive - University of Central Florida/agai-reu-pesticide/datasets/!Kocide Application 2025/1000 ppm/20251112_114258.jpg,1000
/mnt/c/Users/david/OneDrive - University of Central Florida/agai-reu-pesticide/datasets/!Kocide Application 2025/1000 ppm/20251112_114306.jpg,1000
/mnt/c/Users/david/OneDrive - University of Central Florida/agai-reu-pesticide/datasets/!Kocide Application 2025/1000 ppm/20251112_114309.jpg,1000
/mnt/c/Users/david/OneDrive - University of Central Florida/agai-reu-pesticide/datasets/!Kocide Application 2025/1000 ppm/20251112_114311.jpg,1000
/mnt/c/Users/david/OneDrive - University of Central Florida/agai-reu-pesticide/datasets/!Kocide Application 2025/1000 ppm/20251112_114314.jpg,1000
/mnt/c/Users/david/OneDrive - University of Central Florida/agai-reu-pesticide/datasets/!Kocide Application 2025/1000 ppm/20251112_114323.jpg,1000
/mnt/c/Users/david/OneDrive - University of Central Florida/agai-reu-pesticide/datasets/!Kocide Application 2025/1000 ppm/20251112_114326.jpg,1000
/mnt/c/Users/david/OneDrive - University of Central Florida/agai-reu-pesticide/datasets/!Kocide Application 2025/1000 ppm/20251112_114330.jpg,1000
/mnt/c/Users/david/OneDrive - University of Central Florida/agai-reu-pesticide/datasets/!Kocide Application 2025/1000 ppm/20251112_114332.jpg,1000
/mnt/c/Users/david/OneDrive - University of Central Florida/agai-reu-pesticide/datasets/!Kocide Application 2025/1000 ppm/20251112_114336.jpg,1000
/mnt/c/Users/david/OneDrive - University of Central Florida/agai-reu-pesticide/datasets/!Kocide Application 2025/1000 ppm/20251112_114342.jpg,1000
/mnt/c/Users/david/OneDrive - University of Central Florida/agai-reu-pesticide/datasets/!Kocide Application 2025/1000 ppm/20251112_114351.jpg,1000
/mnt/c/Users/david/OneDrive - University of Central Florida/agai-reu-pesticide/datasets/!Kocide Application 2025/1000 ppm/20251112_114355.jpg,1000
/mnt/c/Users/david/OneDrive - University of Central Florida/agai-reu-pesticide/datasets/!Kocide Application 2025/1000 ppm/20251112_114402.jpg,1000
/mnt/c/Users/david/OneDrive - University of Central Florida/agai-reu-pesticide/datasets/!Kocide Application 2025/1000 ppm/20251112_114405.jpg,1000
/mnt/c/Users/david/OneDrive - University of Central Florida/agai-reu-pesticide/datasets/!Kocide Application 2025/1000 ppm/20251112_114411.jpg,1000
/mnt/c/Users/david/OneDrive - University of Central Florida/agai-reu-pesticide/datasets/!Kocide Application 2025/1000 ppm/20251112_114414.jpg,1000
/mnt/c/Users/david/OneDrive - University of Central Florida/agai-reu-pesticide/datasets/!Kocide Application 2025/1000 ppm/20251112_114424.jpg,1000
/mnt/c/Users/david/OneDrive - University of Central Florida/agai-reu-pesticide/datasets/!Kocide Application 2025/1000 ppm/20251112_114427.jpg,1000
/mnt/c/Users/david/OneDrive - University of Central Florida/agai-reu-pesticide/datasets/!Kocide Application 2025/1000 ppm/20251112_114431.jpg,1000
/mnt/c/Users/david/OneDrive - University of Central Florida/agai-reu-pesticide/datasets/!Kocide Application 2025/1000 ppm/20251112_114434.jpg,1000
/mnt/c/Users/david/OneDrive - University of Central Florida/agai-reu-pesticide/datasets/!Kocide Application 2025/1000 ppm/20251112_114435.jpg,1000
/mnt/c/Users/david/OneDrive - University of Central Florida/agai-reu-pesticide/datasets/!Kocide Application 2025/1000 ppm/20251112_114439.jpg,1000
/mnt/c/Users/david/OneDrive - University of Central Florida/agai-reu-pesticide/datasets/!Kocide Application 2025/1000 ppm/20251112_114443.jpg,1000
/mnt/c/Users/david/OneDrive - University of Central Florida/agai-reu-pesticide/datasets/!Kocide Application 2025/1000 ppm/20251112_114450.jpg,1000
/mnt/c/Users/david/OneDrive - University of Central Florida/agai-reu-pesticide/datasets/!Kocide Application 2025/1000 ppm/20251112_114456.jpg,1000
/mnt/c/Users/david/OneDrive - University of Central Florida/agai-reu-pesticide/datasets/!Kocide Application 2025/1000 ppm/20251112_114459.jpg,1000
/mnt/c/Users/david/OneDrive - University of Central Florida/agai-reu-pesticide/datasets/!Kocide Application 2025/1000 ppm/20251112_114503.jpg,1000
/mnt/c/Users/david/OneDrive - University of Central Florida/agai-reu-pesticide/datasets/!Kocide Application 2025/1000 ppm/20251112_114510.jpg,1000
/mnt/c/Users/david/OneDrive - University of Central Florida/agai-reu-pesticide/datasets/!Kocide Application 2025/1000 ppm/20251112_114514.jpg,1000
/mnt/c/Users/david/OneDrive - University of Central Florida/agai-reu-pesticide/datasets/!Kocide Application 2025/1000 ppm/20251112_114517.jpg,1000
/mnt/c/Users/david/OneDrive - University of Central Florida/agai-reu-pesticide/datasets/!Kocide Application 2025/1000 ppm/20251112_114520.jpg,1000
/mnt/c/Users/david/OneDrive - University of Central Florida/agai-reu-pesticide/datasets/!Kocide Application 2025/1000 ppm/20251112_114524.jpg,1000
/mnt/c/Users/david/OneDrive - University of Central Florida/agai-reu-pesticide/datasets/!Kocide Application 2025/1000 ppm/20251112_114527.jpg,1000
/mnt/c/Users/david/OneDrive - University of Central Florida/agai-reu-pesticide/datasets/!Kocide Application 2025/1000 ppm/20251112_114535.jpg,1000
/mnt/c/Users/david/OneDrive - University of Central Florida/agai-reu-pesticide/datasets/!Kocide Application 2025/1000 ppm/20251112_114545.jpg,1000
/mnt/c/Users/david/OneDrive - University of Central Florida/agai-reu-pesticide/datasets/!Kocide Application 2025/1000 ppm/20251112_114549.jpg,1000
/mnt/c/Users/david/OneDrive - University of Central Florida/agai-reu-pesticide/datasets/!Kocide Application 2025/1000 ppm/20251112_114552.jpg,1000
/mnt/c/Users/david/OneDrive - University of Central Florida/agai-reu-pesticide/datasets/!Kocide Application 2025/1000 ppm/20251112_114555.jpg,1000
/mnt/c/Users/david/OneDrive - University of Central Florida/agai-reu-pesticide/datasets/!Kocide Application 2025/1000 ppm/20251112_114559.jpg,1000
/mnt/c/Users/david/OneDrive - University of Central Florida/agai-reu-pesticide/datasets/!Kocide Application 2025/1000 ppm/20251112_114603.jpg,1000
/mnt/c/Users/david/OneDrive - University of Central Florida/agai-reu-pesticide/datasets/!Kocide Application 2025/1000 ppm/20251112_114608.jpg,1000
/mnt/c/Users/david/OneDrive - University of Central Florida/agai-reu-pesticide/datasets/!Kocide Application 2025/1000 ppm/20251112_114617.jpg,1000
/mnt/c/Users/david/OneDrive - University of Central Florida/agai-reu-pesticide/datasets/!Kocide Application 2025/1000 ppm/20251112_114621.jpg,1000
/mnt/c/Users/david/OneDrive - University of Central Florida/agai-reu-pesticide/datasets/!Kocide Application 2025/1000 ppm/20251112_114625.jpg,1000
/mnt/c/Users/david/OneDrive - University of Central Florida/agai-reu-pesticide/datasets/!Kocide Application 2025/1000 ppm/20251112_114628.jpg,1000
/mnt/c/Users/david/OneDrive - University of Central Florida/agai-reu-pesticide/datasets/!Kocide Application 2025/1000 ppm/20251112_114640.jpg,1000
/mnt/c/Users/david/OneDrive - University of Central Florida/agai-reu-pesticide/datasets/!Kocide Application 2025/1000 ppm/20251112_114642.jpg,1000
/mnt/c/Users/david/OneDrive - University of Central Florida/agai-reu-pesticide/datasets/!Kocide Application 2025/1000 ppm/20251112_114647.jpg,1000
/mnt/c/Users/david/OneDrive - University of Central Florida/agai-reu-pesticide/datasets/!Kocide Application 2025/1000 ppm/20251112_114650.jpg,1000
/mnt/c/Users/david/OneDrive - University of Central Florida/agai-reu-pesticide/datasets/!Kocide Application 2025/1000 ppm/20251112_114700.jpg,1000
/mnt/c/Users/david/OneDrive - University of Central Florida/agai-reu-pesticide/datasets/!Kocide Application 2025/1000 ppm/20251112_114705.jpg,1000
/mnt/c/Users/david/OneDrive - University of Central Florida/agai-reu-pesticide/datasets/!Kocide Application 2025/1000 ppm/20251112_114710.jpg,1000
/mnt/c/Users/david/OneDrive - University of Central Florida/agai-reu-pesticide/datasets/!Kocide Application 2025/1000 ppm/20251112_114721.jpg,1000
/mnt/c/Users/david/OneDrive - University of Central Florida/agai-reu-pesticide/datasets/!Kocide Application 2025/1000 ppm/20251112_114728.jpg,1000
/mnt/c/Users/david/OneDrive - University of Central Florida/agai-reu-pesticide/datasets/!Kocide Application 2025/1000 ppm/20251112_114731.jpg,1000
/mnt/c/Users/david/OneDrive - University of Central Florida/agai-reu-pesticide/datasets/!Kocide Application 2025/1000 ppm/20251112_114733.jpg,1000
/mnt/c/Users/david/OneDrive - University of Central Florida/agai-reu-pesticide/datasets/!Kocide Application 2025/1000 ppm/20251112_114736.jpg,1000
/mnt/c/Users/david/OneDrive - University of Central Florida/agai-reu-pesticide/datasets/!Kocide Application 2025/1000 ppm/20251112_114741.jpg,1000
/mnt/c/Users/david/OneDrive - University of Central Florida/agai-reu-pesticide/datasets/!Kocide Application 2025/1000 ppm/20251112_114755.jpg,1000
/mnt/c/Users/david/OneDrive - University of Central Florida/agai-reu-pesticide/datasets/!Kocide Application 2025/1000 ppm/20251112_114759.jpg,1000
/mnt/c/Users/david/OneDrive - University of Central Florida/agai-reu-pesticide/datasets/!Kocide Application 2025/1000 ppm/20251112_114803.jpg,1000
/mnt/c/Users/david/OneDrive - University of Central Florida/agai-reu-pesticide/datasets/!Kocide Application 2025/1000 ppm/20251112_114808.jpg,1000
/mnt/c/Users/david/OneDrive - University of Central Florida/agai-reu-pesticide/datasets/!Kocide Application 2025/1000 ppm/20251112_114826.jpg,1000
/mnt/c/Users/david/OneDrive - University of Central Florida/agai-reu-pesticide/datasets/!Kocide Application 2025/1000 ppm/20251112_114829.jpg,1000
/mnt/c/Users/david/OneDrive - University of Central Florida/agai-reu-pesticide/datasets/!Kocide Application 2025/1000 ppm/20251112_114833.jpg,1000
/mnt/c/Users/david/OneDrive - University of Central Florida/agai-reu-pesticide/datasets/!Kocide Application 2025/1000 ppm/20251112_114836.jpg,1000
/mnt/c/Users/david/OneDrive - University of Central Florida/agai-reu-pesticide/datasets/!Kocide Application 2025/1000 ppm/20251112_114840.jpg,1000
/mnt/c/Users/david/OneDrive - University of Central Florida/agai-reu-pesticide/datasets/!Kocide Application 2025/1000 ppm/20251112_114842.jpg,1000
/mnt/c/Users/david/OneDrive - University of Central Florida/agai-reu-pesticide/datasets/!Kocide Application 2025/1000 ppm/20251112_114847.jpg,1000
/mnt/c/Users/david/OneDrive - University of Central Florida/agai-reu-pesticide/datasets/!Kocide Application 2025/1000 ppm/20251112_114851.jpg,1000
/mnt/c/Users/david/OneDrive - University of Central Florida/agai-reu-pesticide/datasets/!Kocide Application 2025/1000 ppm/20251112_114857.jpg,1000
/mnt/c/Users/david/OneDrive - University of Central Florida/agai-reu-pesticide/datasets/!Kocide Application 2025/1000 ppm/20251112_114901.jpg,1000
/mnt/c/Users/david/OneDrive - University of Central Florida/agai-reu-pesticide/datasets/!Kocide Application 2025/1000 ppm/20251112_114906.jpg,1000
/mnt/c/Users/david/OneDrive - University of Central Florida/agai-reu-pesticide/datasets/!Kocide Application 2025/1000 ppm/20251112_114923.jpg,1000
/mnt/c/Users/david/OneDrive - University of Central Florida/agai-reu-pesticide/datasets/!Kocide Application 2025/1000 ppm/20251112_114931.jpg,1000
/mnt/c/Users/david/OneDrive - University of Central Florida/agai-reu-pesticide/datasets/!Kocide Application 2025/1000 ppm/20251112_114932.jpg,1000
/mnt/c/Users/david/OneDrive - University of Central Florida/agai-reu-pesticide/datasets/!Kocide Application 2025/1000 ppm/20251112_114936.jpg,1000
/mnt/c/Users/david/OneDrive - University of Central Florida/agai-reu-pesticide/datasets/!Kocide Application 2025/1000 ppm/20251112_114941.jpg,1000
/mnt/c/Users/david/OneDrive - University of Central Florida/agai-reu-pesticide/datasets/!Kocide Application 2025/1000 ppm/20251112_114947.jpg,1000
/mnt/c/Users/david/OneDrive - University of Central Florida/agai-reu-pesticide/datasets/!Kocide Application 2025/1000 ppm/20251112_114950.jpg,1000
/mnt/c/Users/david/OneDrive - University of Central Florida/agai-reu-pesticide/datasets/!Kocide Application 2025/1000 ppm/20251112_114953.jpg,1000
/mnt/c/Users/david/OneDrive - University of Central Florida/agai-reu-pesticide/datasets/!Kocide Application 2025/1000 ppm/20251112_114956.jpg,1000
/mnt/c/Users/david/OneDrive - University of Central Florida/agai-reu-pesticide/datasets/!Kocide Application 2025/1000 ppm/20251112_114959.jpg,1000
/mnt/c/Users/david/OneDrive - University of Central Florida/agai-reu-pesticide/datasets/!Kocide Application 2025/1000 ppm/20251112_115004.jpg,1000
/mnt/c/Users/david/OneDrive - University of Central Florida/agai-reu-pesticide/datasets/!Kocide Application 2025/1000 ppm/20251112_115013.jpg,1000
