epoch,train_loss,train_accuracy,train_macro_f1,train_uar,validation_loss,validation_accuracy,validation_macro_f1,validation_uar
1,1.1507387368265027,0.2874251497005988,0.25788728271103833,0.28658008658008655,1.184641611008417,0.3333333333333333,0.16666666666666666,0.3333333333333333
2,1.062740516519832,0.4431137724550898,0.4420460570521043,0.44264069264069267,1.2452289831070673,0.3333333333333333,0.1728395061728395,0.3333333333333333
3,0.9979554793078028,0.48502994011976047,0.4798771341088111,0.48419913419913424,1.312933779898144,0.3333333333333333,0.1728395061728395,0.3333333333333333
4,1.0522749902245527,0.437125748502994,0.42505050505050507,0.43582251082251083,1.134564799921853,0.38095238095238093,0.30158730158730157,0.38095238095238093
5,0.9932931715142941,0.5329341317365269,0.5240289664252797,0.5318181818181819,1.1348563744908287,0.38095238095238093,0.3235294117647059,0.38095238095238093
6,0.9906466160705704,0.5089820359281437,0.4921063076636453,0.5075757575757576,1.141715753646124,0.23809523809523808,0.2371794871794872,0.23809523809523805
7,0.9838760352420236,0.5449101796407185,0.5367359129222805,0.5438311688311689,1.1499485685711814,0.38095238095238093,0.37684537684537683,0.38095238095238093
8,0.9769911730360842,0.5389221556886228,0.5332035919414561,0.537878787878788,1.260194670586359,0.38095238095238093,0.3111111111111111,0.38095238095238093
9,0.9449678780789861,0.5508982035928144,0.5478428978428979,0.5501082251082251,1.1787886846633184,0.47619047619047616,0.4666666666666666,0.4761904761904761
10,0.9282613578670753,0.5868263473053892,0.5782916578371123,0.5857142857142857,1.122399892125811,0.42857142857142855,0.4222222222222222,0.42857142857142855
11,0.9281489517160518,0.5688622754491018,0.5559895638316674,0.5675324675324676,1.2187272367023287,0.47619047619047616,0.4439393939393939,0.4761904761904761
12,0.9187745212794778,0.5568862275449101,0.5448467613416067,0.5555194805194805,1.2556322387286596,0.42857142857142855,0.39057239057239057,0.42857142857142855
13,0.9238900859912712,0.5449101796407185,0.5415442876179598,0.5442640692640692,1.1408240284238542,0.5238095238095238,0.5165912518853696,0.5238095238095238
14,0.9269658808936616,0.5389221556886228,0.5365437827469177,0.5380952380952381,1.1714809877531869,0.38095238095238093,0.3783308195072901,0.38095238095238093
15,0.8923396071987951,0.592814371257485,0.5830909672498216,0.5916666666666667,1.1801194633756364,0.47619047619047616,0.4274575327206906,0.4761904761904761
16,0.8885100398234979,0.6107784431137725,0.6073358870756153,0.6100649350649351,1.2354176668893724,0.47619047619047616,0.4121212121212121,0.4761904761904762
17,0.8975932316151921,0.5748502994011976,0.5725150449167079,0.574025974025974,1.137861362525395,0.42857142857142855,0.42857142857142855,0.42857142857142855
18,0.8941856968902542,0.5808383233532934,0.5813748206995476,0.5804112554112554,1.1397639938763209,0.47619047619047616,0.4666666666666666,0.4761904761904761
19,0.8430130424613724,0.5988023952095808,0.5961672802794298,0.597943722943723,1.5496505725951422,0.38095238095238093,0.3523349436392915,0.38095238095238093
20,0.8753618612260876,0.6407185628742516,0.63815273978625,0.6401515151515151,1.1492595984822227,0.38095238095238093,0.38260432378079434,0.38095238095238093
21,0.8562797115234557,0.6467065868263473,0.6434031239614489,0.645995670995671,1.3130366717066084,0.38095238095238093,0.3386243386243386,0.38095238095238093
