seed,fold,sample_id,tree_ID,group,mode,view,probability_low,probability_medium,probability_high
42,1,800 ppm 2 8,800ppm_tree_2,800ppm_tree_2,single,scale_1.0_rot_0_flip_0,0.2920817732810974,0.35578614473342896,0.35213205218315125
42,1,800 ppm 2 1,800ppm_tree_2,800ppm_tree_2,single,scale_1.0_rot_0_flip_0,0.2931484878063202,0.35477980971336365,0.35207170248031616
42,1,800 ppm 2 4,800ppm_tree_2,800ppm_tree_2,single,scale_1.0_rot_0_flip_0,0.28847959637641907,0.3572970926761627,0.3542233407497406
42,1,600 ppm 1 2,600ppm_tree_1,600ppm_tree_1,single,scale_1.0_rot_0_flip_0,0.29721972346305847,0.3530958294868469,0.3496844470500946
42,1,600 ppm 1 10,600ppm_tree_1,600ppm_tree_1,single,scale_1.0_rot_0_flip_0,0.29428160190582275,0.35599377751350403,0.3497246503829956
42,1,600 ppm 1 3,600ppm_tree_1,600ppm_tree_1,single,scale_1.0_rot_0_flip_0,0.2943032383918762,0.3557409644126892,0.3499557375907898
42,1,800 ppm 2 5,800ppm_tree_2,800ppm_tree_2,single,scale_1.0_rot_0_flip_0,0.28698986768722534,0.35854604840278625,0.3544641137123108
42,1,800 ppm 2 9,800ppm_tree_2,800ppm_tree_2,single,scale_1.0_rot_0_flip_0,0.30329081416130066,0.34826552867889404,0.3484436571598053
42,1,800 ppm 2 6,800ppm_tree_2,800ppm_tree_2,single,scale_1.0_rot_0_flip_0,0.28932568430900574,0.3571989834308624,0.35347530245780945
42,1,600 ppm 1 7,600ppm_tree_1,600ppm_tree_1,single,scale_1.0_rot_0_flip_0,0.3013312816619873,0.35114288330078125,0.34752583503723145
42,1,800 ppm 2 10,800ppm_tree_2,800ppm_tree_2,single,scale_1.0_rot_0_flip_0,0.30051782727241516,0.3508591651916504,0.34862303733825684
42,1,800 ppm 2 7,800ppm_tree_2,800ppm_tree_2,single,scale_1.0_rot_0_flip_0,0.2916666865348816,0.3551447093486786,0.3531886339187622
42,1,800 ppm 2 3,800ppm_tree_2,800ppm_tree_2,single,scale_1.0_rot_0_flip_0,0.30377307534217834,0.3486734926700592,0.34755343198776245
42,1,600 ppm 1 4,600ppm_tree_1,600ppm_tree_1,single,scale_1.0_rot_0_flip_0,0.29462504386901855,0.3558485209941864,0.34952640533447266
42,1,600 ppm 1 1,600ppm_tree_1,600ppm_tree_1,single,scale_1.0_rot_0_flip_0,0.2989896237850189,0.35158124566078186,0.34942910075187683
42,1,600 ppm 1 8,600ppm_tree_1,600ppm_tree_1,single,scale_1.0_rot_0_flip_0,0.31033855676651,0.34272387623786926,0.3469375967979431
42,1,600 ppm 1 6,600ppm_tree_1,600ppm_tree_1,single,scale_1.0_rot_0_flip_0,0.2946760058403015,0.3550087511539459,0.35031524300575256
42,1,600 ppm 1 5,600ppm_tree_1,600ppm_tree_1,single,scale_1.0_rot_0_flip_0,0.29789435863494873,0.3530469536781311,0.3490586578845978
42,1,600 ppm 1 9,600ppm_tree_1,600ppm_tree_1,single,scale_1.0_rot_0_flip_0,0.3007650673389435,0.35143184661865234,0.3478030264377594
42,1,800 ppm 2 2,800ppm_tree_2,800ppm_tree_2,single,scale_1.0_rot_0_flip_0,0.2966926693916321,0.3527831733226776,0.3505241274833679
