task,backbone,seed,fold,best_epoch,dataset_index,sample_id,target,prediction,residual
icp_regression,dinov3,42,1,23,3,600 ppm 5 5,3.072492837905884,2.158212900161743,0.9142799377441406
icp_regression,dinov3,42,1,23,5,1000 ppm 4 3,7.189555644989014,4.162444591522217,3.027111053466797
icp_regression,dinov3,42,1,23,6,1000 ppm 3 9,6.405368328094482,4.894240856170654,1.5111274719238281
icp_regression,dinov3,42,1,23,7,1000 ppm 3 10,4.236281394958496,3.5642149448394775,0.6720664501190186
icp_regression,dinov3,42,1,23,8,600 ppm 3 7,2.508319616317749,3.342280149459839,-0.8339605331420898
icp_regression,dinov3,42,1,23,9,800 ppm 5 7,3.900391101837158,4.211866855621338,-0.3114757537841797
icp_regression,dinov3,42,1,23,11,400 ppm 4 4,2.48978853225708,2.3693816661834717,0.1204068660736084
icp_regression,dinov3,42,1,23,12,800 ppm 2 8,2.76598858833313,3.5422556400299072,-0.7762670516967773
icp_regression,dinov3,42,1,23,13,400 ppm 3 2,1.9247047901153564,2.745178461074829,-0.8204736709594727
icp_regression,dinov3,42,1,23,21,800 ppm 3 9,3.3822169303894043,3.3667569160461426,0.015460014343261719
icp_regression,dinov3,42,1,23,27,1000 ppm 5 1,3.059802770614624,2.8743810653686523,0.18542170524597168
icp_regression,dinov3,42,1,23,28,800 ppm 4 5,2.5218329429626465,3.471534013748169,-0.9497010707855225
icp_regression,dinov3,42,1,23,29,800 ppm 2 1,4.064878940582275,3.7632064819335938,0.30167245864868164
icp_regression,dinov3,42,1,23,34,400 ppm 1 5,2.341339349746704,2.920180320739746,-0.578840970993042
icp_regression,dinov3,42,1,23,45,400 ppm 4 8,2.558850049972534,2.3206019401550293,0.23824810981750488
icp_regression,dinov3,42,1,23,49,800 ppm 3 4,3.3377673625946045,3.7146737575531006,-0.3769063949584961
icp_regression,dinov3,42,1,23,53,1000 ppm 2 1,3.636462450027466,1.353198528289795,2.283263921737671
icp_regression,dinov3,42,1,23,54,400 ppm 3 10,3.107818126678467,2.534064292907715,0.573753833770752
icp_regression,dinov3,42,1,23,66,1000 ppm 3 3,3.512993812561035,2.6162774562835693,0.8967163562774658
icp_regression,dinov3,42,1,23,67,c 9,0.05788419023156166,0.17617014050483704,-0.11828595027327538
icp_regression,dinov3,42,1,23,70,800 ppm 3 3,3.888822317123413,4.394878387451172,-0.5060560703277588
icp_regression,dinov3,42,1,23,79,800 ppm 2 9,4.5197954177856445,4.1903486251831055,0.32944679260253906
icp_regression,dinov3,42,1,23,81,600 ppm 2 9,3.516388177871704,4.051331043243408,-0.5349428653717041
icp_regression,dinov3,42,1,23,83,400 ppm 2 10,2.0280215740203857,3.2126781940460205,-1.1846566200256348
icp_regression,dinov3,42,1,23,94,800 ppm 4 7,2.433103084564209,2.9203038215637207,-0.4872007369995117
icp_regression,dinov3,42,1,23,99,1000 ppm 2 7,2.9458444118499756,2.5965664386749268,0.34927797317504883
icp_regression,dinov3,42,1,23,108,800 ppm 5 9,4.625114917755127,3.243447780609131,1.381667137145996
icp_regression,dinov3,42,1,23,109,600 ppm 3 6,2.5893023014068604,3.325944185256958,-0.7366418838500977
icp_regression,dinov3,42,1,23,111,1000 ppm 1 5,5.633915424346924,3.78067684173584,1.853238582611084
icp_regression,dinov3,42,1,23,113,600 ppm 5 10,2.3660266399383545,2.447794198989868,-0.08176755905151367
icp_regression,dinov3,42,1,23,114,600 ppm 2 5,7.364696979522705,5.9075140953063965,1.4571828842163086
icp_regression,dinov3,42,1,23,115,800 ppm 1 10,3.3057713508605957,3.807435989379883,-0.5016646385192871
icp_regression,dinov3,42,1,23,117,1000 ppm 3 8,3.3068487644195557,3.6381278038024902,-0.33127903938293457
icp_regression,dinov3,42,1,23,121,800 ppm 2 3,4.083341598510742,4.068376541137695,0.014965057373046875
icp_regression,dinov3,42,1,23,126,1000 ppm 5 7,3.420269727706909,3.3373401165008545,0.08292961120605469
icp_regression,dinov3,42,1,23,130,400 ppm 1 3,2.147270917892456,4.3188605308532715,-2.1715896129608154
icp_regression,dinov3,42,1,23,131,800 ppm 4 6,2.8752763271331787,2.46720814704895,0.4080681800842285
icp_regression,dinov3,42,1,23,132,600 ppm 5 4,1.814695119857788,3.2537431716918945,-1.4390480518341064
icp_regression,dinov3,42,1,23,138,400 ppm 2 7,2.096952438354492,3.028637170791626,-0.9316847324371338
icp_regression,dinov3,42,1,23,143,1000 ppm 5 9,3.9074912071228027,4.342883110046387,-0.435391902923584
icp_regression,dinov3,42,1,23,146,400 ppm 5 8,1.9633079767227173,3.6106274127960205,-1.6473194360733032
icp_regression,dinov3,42,1,23,148,c 4,0.028773771598935127,-0.48033174872398376,0.5091055203229189
icp_regression,dinov3,42,1,23,156,1000 ppm 1 8,2.743553876876831,2.313903570175171,0.42965030670166016
icp_regression,dinov3,42,1,23,157,c 3,0.036668580025434494,1.3878639936447144,-1.3511954136192799
icp_regression,dinov3,42,1,23,166,800 ppm 1 9,4.204663276672363,3.8608314990997314,0.34383177757263184
icp_regression,dinov3,42,1,23,175,1000 ppm 3 2,5.168426990509033,3.629948854446411,1.538478136062622
icp_regression,dinov3,42,1,23,186,1000 ppm 5 4,4.896407127380371,4.431973457336426,0.4644336700439453
icp_regression,dinov3,42,1,23,189,1000 ppm 3 5,3.571688652038574,2.9748730659484863,0.5968155860900879
icp_regression,dinov3,42,1,23,192,800 ppm 1 4,3.526156425476074,4.132778644561768,-0.6066222190856934
icp_regression,dinov3,42,1,23,193,1000 ppm 1 7,13.219182014465332,5.711972713470459,7.507209300994873
icp_regression,dinov3,42,1,23,202,1000 ppm 3 4,3.664180278778076,2.566328763961792,1.0978515148162842
icp_regression,dinov3,42,1,23,204,400 ppm 5 1,2.4884514808654785,0.7555702328681946,1.732881247997284
icp_regression,dinov3,42,1,23,205,1000 ppm 2 4,2.5757555961608887,3.253227710723877,-0.6774721145629883
icp_regression,dinov3,42,2,10,0,800 ppm 4 4,2.946573495864868,3.4403765201568604,-0.4938030242919922
icp_regression,dinov3,42,2,10,1,400 ppm 1 10,2.4391064643859863,2.6963889598846436,-0.2572824954986572
icp_regression,dinov3,42,2,10,2,c 8,0.026443475857377052,0.029748857021331787,-0.003305381163954735
icp_regression,dinov3,42,2,10,14,800 ppm 5 8,1.8133083581924438,2.9708571434020996,-1.1575487852096558
icp_regression,dinov3,42,2,10,20,600 ppm 3 4,2.760653495788574,2.9933135509490967,-0.23266005516052246
icp_regression,dinov3,42,2,10,22,1000 ppm 2 10,3.0216927528381348,2.9815545082092285,0.04013824462890625
icp_regression,dinov3,42,2,10,30,800 ppm 3 1,3.635232925415039,2.7378039360046387,0.8974289894104004
icp_regression,dinov3,42,2,10,35,400 ppm 4 3,1.918214201927185,2.491340160369873,-0.573125958442688
icp_regression,dinov3,42,2,10,38,600 ppm 1 2,3.709536075592041,3.3510916233062744,0.3584444522857666
icp_regression,dinov3,42,2,10,43,400 ppm 3 7,0.8957586288452148,1.7259817123413086,-0.8302230834960938
icp_regression,dinov3,42,2,10,44,600 ppm 2 10,5.751181125640869,4.755982875823975,0.9951982498168945
icp_regression,dinov3,42,2,10,48,800 ppm 5 5,2.1250808238983154,3.7828400135040283,-1.657759189605713
icp_regression,dinov3,42,2,10,51,400 ppm 5 2,2.3580777645111084,2.158203363418579,0.1998744010925293
icp_regression,dinov3,42,2,10,57,800 ppm 1 2,2.4338760375976562,4.639097690582275,-2.205221652984619
icp_regression,dinov3,42,2,10,58,600 ppm 3 5,3.400726795196533,2.6336193084716797,0.7671074867248535
icp_regression,dinov3,42,2,10,61,800 ppm 2 5,2.1234688758850098,2.075528860092163,0.04794001579284668
icp_regression,dinov3,42,2,10,71,1000 ppm 5 3,3.4806406497955322,3.0397496223449707,0.4408910274505615
icp_regression,dinov3,42,2,10,73,400 ppm 5 10,6.150568008422852,4.254710674285889,1.895857334136963
icp_regression,dinov3,42,2,10,76,1000 ppm 2 5,3.820821762084961,3.218259572982788,0.6025621891021729
icp_regression,dinov3,42,2,10,77,400 ppm 2 4,2.1429712772369385,3.295156955718994,-1.1521856784820557
icp_regression,dinov3,42,2,10,78,600 ppm 4 6,2.917928695678711,2.084315299987793,0.833613395690918
icp_regression,dinov3,42,2,10,80,c 6,0.06376002728939056,1.1706278324127197,-1.1068678051233292
icp_regression,dinov3,42,2,10,89,800 ppm 1 7,3.238793134689331,3.357673406600952,-0.1188802719116211
icp_regression,dinov3,42,2,10,92,1000 ppm 5 2,4.757997512817383,3.1920371055603027,1.56596040725708
icp_regression,dinov3,42,2,10,93,600 ppm 2 1,4.813990116119385,4.930279731750488,-0.11628961563110352
icp_regression,dinov3,42,2,10,95,400 ppm 4 1,3.412618398666382,2.54063081741333,0.8719875812530518
icp_regression,dinov3,42,2,10,105,600 ppm 4 4,4.722477912902832,3.5586767196655273,1.1638011932373047
icp_regression,dinov3,42,2,10,107,600 ppm 2 8,2.4257779121398926,3.3894131183624268,-0.9636352062225342
icp_regression,dinov3,42,2,10,118,400 ppm 1 6,2.13112211227417,2.5622055530548096,-0.43108344078063965
icp_regression,dinov3,42,2,10,120,1000 ppm 4 9,6.3636698722839355,4.67443323135376,1.6892366409301758
icp_regression,dinov3,42,2,10,122,400 ppm 3 9,1.5843735933303833,2.4799342155456543,-0.895560622215271
icp_regression,dinov3,42,2,10,124,600 ppm 2 6,5.169349193572998,5.719284534454346,-0.5499353408813477
icp_regression,dinov3,42,2,10,133,600 ppm 4 5,3.062108278274536,4.426224708557129,-1.3641164302825928
icp_regression,dinov3,42,2,10,137,600 ppm 4 9,6.746535778045654,3.378750801086426,3.3677849769592285
icp_regression,dinov3,42,2,10,139,400 ppm 2 9,3.092722177505493,2.564866781234741,0.527855396270752
icp_regression,dinov3,42,2,10,147,800 ppm 1 1,3.20688796043396,3.853933095932007,-0.6470451354980469
icp_regression,dinov3,42,2,10,149,1000 ppm 4 5,5.501306056976318,3.659698963165283,1.8416070938110352
icp_regression,dinov3,42,2,10,151,1000 ppm 1 1,5.764585018157959,3.80997371673584,1.9546113014221191
icp_regression,dinov3,42,2,10,160,600 ppm 1 8,3.3750174045562744,1.8925740718841553,1.4824433326721191
icp_regression,dinov3,42,2,10,164,600 ppm 5 7,2.199152946472168,2.5810608863830566,-0.38190793991088867
icp_regression,dinov3,42,2,10,177,1000 ppm 2 8,8.920432090759277,5.453404903411865,3.467027187347412
icp_regression,dinov3,42,2,10,178,600 ppm 1 5,2.578333616256714,3.1838202476501465,-0.6054866313934326
icp_regression,dinov3,42,2,10,179,600 ppm 1 9,2.3092401027679443,3.2622945308685303,-0.9530544281005859
icp_regression,dinov3,42,2,10,180,600 ppm 2 2,3.987730026245117,4.325602054595947,-0.3378720283508301
icp_regression,dinov3,42,2,10,183,600 ppm 5 2,2.2674319744110107,3.109095335006714,-0.8416633605957031
icp_regression,dinov3,42,2,10,185,800 ppm 4 9,1.6019264459609985,3.0319747924804688,-1.4300483465194702
icp_regression,dinov3,42,2,10,187,600 ppm 2 4,5.228335380554199,4.264064311981201,0.964271068572998
icp_regression,dinov3,42,2,10,191,600 ppm 4 7,3.434518814086914,2.787280321121216,0.6472384929656982
icp_regression,dinov3,42,2,10,194,1000 ppm 5 8,3.570707082748413,3.4939990043640137,0.07670807838439941
icp_regression,dinov3,42,2,10,197,600 ppm 5 3,3.545660972595215,4.316202640533447,-0.7705416679382324
icp_regression,dinov3,42,2,10,198,1000 ppm 4 4,4.912650108337402,4.125132083892822,0.7875180244445801
icp_regression,dinov3,42,2,10,208,1000 ppm 4 7,4.805215835571289,4.865537643432617,-0.060321807861328125
icp_regression,dinov3,42,3,18,4,400 ppm 5 6,3.1795501708984375,1.3528963327407837,1.8266538381576538
icp_regression,dinov3,42,3,18,15,800 ppm 5 6,4.035336494445801,4.577664852142334,-0.5423283576965332
icp_regression,dinov3,42,3,18,17,800 ppm 1 8,3.829685926437378,3.1289420127868652,0.7007439136505127
icp_regression,dinov3,42,3,18,24,400 ppm 1 7,1.282576084136963,3.4429829120635986,-2.1604068279266357
icp_regression,dinov3,42,3,18,26,400 ppm 3 8,2.699524402618408,1.1515793800354004,1.5479450225830078
icp_regression,dinov3,42,3,18,31,1000 ppm 4 10,4.658685684204102,3.5722298622131348,1.0864558219909668
icp_regression,dinov3,42,3,18,32,600 ppm 4 1,2.3058300018310547,1.5554453134536743,0.7503846883773804
icp_regression,dinov3,42,3,18,33,400 ppm 4 2,3.7664427757263184,3.149106502532959,0.6173362731933594
icp_regression,dinov3,42,3,18,40,1000 ppm 3 7,4.455574035644531,2.2323031425476074,2.223270893096924
icp_regression,dinov3,42,3,18,42,800 ppm 4 1,3.9143686294555664,3.1732001304626465,0.7411684989929199
icp_regression,dinov3,42,3,18,47,600 ppm 1 10,2.3803529739379883,2.9065494537353516,-0.5261964797973633
icp_regression,dinov3,42,3,18,50,400 ppm 5 4,2.3080310821533203,3.105196237564087,-0.7971651554107666
icp_regression,dinov3,42,3,18,60,1000 ppm 1 10,6.849854946136475,4.6676836013793945,2.18217134475708
icp_regression,dinov3,42,3,18,63,800 ppm 5 1,3.318129062652588,1.7520354986190796,1.5660935640335083
icp_regression,dinov3,42,3,18,65,1000 ppm 1 2,2.839588165283203,3.171795129776001,-0.33220696449279785
icp_regression,dinov3,42,3,18,72,800 ppm 4 10,1.7902249097824097,2.147224187850952,-0.3569992780685425
icp_regression,dinov3,42,3,18,74,800 ppm 3 10,2.565247058868408,1.251824140548706,1.3134229183197021
icp_regression,dinov3,42,3,18,75,600 ppm 4 2,2.8078227043151855,3.7574191093444824,-0.9495964050292969
icp_regression,dinov3,42,3,18,85,600 ppm 5 9,3.487434148788452,3.945681095123291,-0.45824694633483887
icp_regression,dinov3,42,3,18,86,600 ppm 4 3,2.880647897720337,2.8553950786590576,0.025252819061279297
icp_regression,dinov3,42,3,18,87,600 ppm 2 3,4.4618306159973145,4.641196250915527,-0.1793656349182129
icp_regression,dinov3,42,3,18,88,400 ppm 1 8,2.661895513534546,3.876549243927002,-1.214653730392456
icp_regression,dinov3,42,3,18,91,800 ppm 2 6,2.574977397918701,3.053830623626709,-0.4788532257080078
icp_regression,dinov3,42,3,18,96,400 ppm 3 3,0.6122129559516907,0.04604195058345795,0.5661710053682327
icp_regression,dinov3,42,3,18,98,400 ppm 4 7,2.7728240489959717,2.2650153636932373,0.5078086853027344
icp_regression,dinov3,42,3,18,101,400 ppm 1 1,1.1566922664642334,1.6224446296691895,-0.46575236320495605
icp_regression,dinov3,42,3,18,103,600 ppm 3 2,1.9134892225265503,1.737974762916565,0.17551445960998535
icp_regression,dinov3,42,3,18,104,400 ppm 2 5,2.693185567855835,1.296268105506897,1.396917462348938
icp_regression,dinov3,42,3,18,110,800 ppm 2 10,3.839907169342041,4.110413551330566,-0.2705063819885254
icp_regression,dinov3,42,3,18,119,400 ppm 2 6,1.9459571838378906,2.416853666305542,-0.47089648246765137
icp_regression,dinov3,42,3,18,125,400 ppm 2 2,2.2174413204193115,1.2965725660324097,0.9208687543869019
icp_regression,dinov3,42,3,18,127,800 ppm 1 3,3.460604190826416,3.541461944580078,-0.08085775375366211
icp_regression,dinov3,42,3,18,134,400 ppm 5 7,2.419099807739258,2.9602200984954834,-0.5411202907562256
icp_regression,dinov3,42,3,18,135,1000 ppm 3 1,3.4351508617401123,3.905810594558716,-0.4706597328186035
icp_regression,dinov3,42,3,18,136,1000 ppm 2 9,4.128929615020752,3.2096590995788574,0.9192705154418945
icp_regression,dinov3,42,3,18,140,1000 ppm 2 6,3.2766315937042236,3.59159517288208,-0.31496357917785645
icp_regression,dinov3,42,3,18,141,400 ppm 2 1,2.0127642154693604,2.5866100788116455,-0.5738458633422852
icp_regression,dinov3,42,3,18,142,800 ppm 4 2,7.228369235992432,4.676386833190918,2.5519824028015137
icp_regression,dinov3,42,3,18,153,800 ppm 1 6,3.8377161026000977,3.562302589416504,0.27541351318359375
icp_regression,dinov3,42,3,18,168,800 ppm 4 3,2.5619657039642334,2.909625291824341,-0.3476595878601074
icp_regression,dinov3,42,3,18,169,1000 ppm 5 5,4.025481224060059,3.4040637016296387,0.6214175224304199
icp_regression,dinov3,42,3,18,170,600 ppm 5 6,1.9558714628219604,2.6242809295654297,-0.6684094667434692
icp_regression,dinov3,42,3,18,174,400 ppm 5 3,4.283341884613037,3.8262686729431152,0.4570732116699219
icp_regression,dinov3,42,3,18,176,600 ppm 1 6,3.1007816791534424,3.4672138690948486,-0.36643218994140625
icp_regression,dinov3,42,3,18,181,1000 ppm 1 6,4.975119113922119,4.9768476486206055,-0.0017285346984863281
icp_regression,dinov3,42,3,18,182,800 ppm 5 2,3.095231533050537,3.5488970279693604,-0.45366549491882324
icp_regression,dinov3,42,3,18,195,c 2,0.5159809589385986,0.02018950879573822,0.4957914501428604
icp_regression,dinov3,42,3,18,196,800 ppm 2 2,4.193172931671143,3.6228647232055664,0.5703082084655762
icp_regression,dinov3,42,3,18,199,400 ppm 5 9,4.944705963134766,4.858292579650879,0.08641338348388672
icp_regression,dinov3,42,3,18,200,400 ppm 2 8,1.8688430786132812,2.8530349731445312,-0.98419189453125
icp_regression,dinov3,42,3,18,206,400 ppm 1 4,2.0321896076202393,3.5771965980529785,-1.5450069904327393
icp_regression,dinov3,42,3,18,207,1000 ppm 2 2,2.7709224224090576,2.182435989379883,0.5884864330291748
icp_regression,dinov3,42,4,29,10,1000 ppm 1 3,5.010887622833252,4.7526984214782715,0.25818920135498047
icp_regression,dinov3,42,4,29,16,400 ppm 4 6,2.2323110103607178,1.9295060634613037,0.30280494689941406
icp_regression,dinov3,42,4,29,18,600 ppm 3 1,3.46445369720459,4.37177038192749,-0.9073166847229004
icp_regression,dinov3,42,4,29,19,400 ppm 3 5,1.7280519008636475,3.049145460128784,-1.3210935592651367
icp_regression,dinov3,42,4,29,23,c 10,0.0347922183573246,1.5707635879516602,-1.5359713695943356
icp_regression,dinov3,42,4,29,25,400 ppm 1 2,2.1058013439178467,2.071943998336792,0.03385734558105469
icp_regression,dinov3,42,4,29,36,800 ppm 2 4,0.010515852831304073,3.133413076400757,-3.1228972235694528
icp_regression,dinov3,42,4,29,37,800 ppm 5 4,4.511599540710449,5.0038838386535645,-0.49228429794311523
icp_regression,dinov3,42,4,29,39,1000 ppm 1 4,5.546186923980713,4.546719074249268,0.9994678497314453
icp_regression,dinov3,42,4,29,41,1000 ppm 4 2,4.700168132781982,4.481629848480225,0.2185382843017578
icp_regression,dinov3,42,4,29,46,400 ppm 2 3,1.537357211112976,1.3093254566192627,0.22803175449371338
icp_regression,dinov3,42,4,29,52,600 ppm 1 3,2.7476069927215576,3.5094282627105713,-0.7618212699890137
icp_regression,dinov3,42,4,29,55,400 ppm 5 5,3.9644134044647217,4.5445380210876465,-0.5801246166229248
icp_regression,dinov3,42,4,29,56,800 ppm 3 7,3.154045820236206,3.8984720706939697,-0.7444262504577637
icp_regression,dinov3,42,4,29,59,400 ppm 1 9,1.2573498487472534,4.15149450302124,-2.894144654273987
icp_regression,dinov3,42,4,29,62,800 ppm 5 3,3.4358019828796387,3.773789405822754,-0.33798742294311523
icp_regression,dinov3,42,4,29,64,800 ppm 3 6,2.6880946159362793,2.9746463298797607,-0.28655171394348145
icp_regression,dinov3,42,4,29,68,1000 ppm 4 8,5.826586723327637,5.170311450958252,0.6562752723693848
icp_regression,dinov3,42,4,29,69,800 ppm 4 8,4.8133440017700195,2.859812021255493,1.9535319805145264
icp_regression,dinov3,42,4,29,82,400 ppm 4 9,2.624535322189331,2.8366658687591553,-0.21213054656982422
icp_regression,dinov3,42,4,29,84,c 7,0.0242468174546957,0.8080666065216064,-0.7838197890669107
icp_regression,dinov3,42,4,29,90,800 ppm 1 5,3.5332109928131104,4.468814373016357,-0.9356033802032471
icp_regression,dinov3,42,4,29,97,600 ppm 2 7,5.389042377471924,4.706262111663818,0.6827802658081055
icp_regression,dinov3,42,4,29,100,600 ppm 1 7,4.294644355773926,1.8524792194366455,2.4421651363372803
icp_regression,dinov3,42,4,29,102,1000 ppm 3 6,3.9020235538482666,3.8454396724700928,0.05658388137817383
icp_regression,dinov3,42,4,29,106,1000 ppm 1 9,5.438409328460693,4.994539260864258,0.44387006759643555
icp_regression,dinov3,42,4,29,112,800 ppm 2 7,3.993865728378296,5.177241802215576,-1.1833760738372803
icp_regression,dinov3,42,4,29,116,800 ppm 3 2,4.960180282592773,2.5215766429901123,2.438603639602661
icp_regression,dinov3,42,4,29,123,1000 ppm 4 6,3.570549249649048,4.252740383148193,-0.6821911334991455
icp_regression,dinov3,42,4,29,128,600 ppm 1 4,3.074620246887207,2.0236637592315674,1.0509564876556396
icp_regression,dinov3,42,4,29,129,600 ppm 3 10,3.257107973098755,3.057175636291504,0.19993233680725098
icp_regression,dinov3,42,4,29,144,600 ppm 5 8,1.7455390691757202,1.4512016773223877,0.2943373918533325
icp_regression,dinov3,42,4,29,145,c 5,0.26264649629592896,2.351945400238037,-2.089298903942108
icp_regression,dinov3,42,4,29,150,600 ppm 3 9,2.9243032932281494,2.4564127922058105,0.46789050102233887
icp_regression,dinov3,42,4,29,152,1000 ppm 5 10,4.8667497634887695,4.691938877105713,0.17481088638305664
icp_regression,dinov3,42,4,29,154,600 ppm 5 1,1.9290212392807007,1.5298961400985718,0.3991250991821289
icp_regression,dinov3,42,4,29,155,600 ppm 1 1,3.2016260623931885,2.728682279586792,0.4729437828063965
icp_regression,dinov3,42,4,29,158,800 ppm 5 10,0.7599686980247498,2.4146435260772705,-1.6546748280525208
icp_regression,dinov3,42,4,29,159,400 ppm 4 5,2.49284029006958,2.6047017574310303,-0.1118614673614502
icp_regression,dinov3,42,4,29,161,600 ppm 3 8,3.0473806858062744,2.736361265182495,0.3110194206237793
icp_regression,dinov3,42,4,29,162,800 ppm 3 8,4.6146111488342285,1.9093109369277954,2.705300211906433
icp_regression,dinov3,42,4,29,163,1000 ppm 5 6,3.1220333576202393,3.5061795711517334,-0.38414621353149414
icp_regression,dinov3,42,4,29,165,600 ppm 4 8,5.563645362854004,3.367187261581421,2.196458101272583
icp_regression,dinov3,42,4,29,167,800 ppm 3 5,4.458889961242676,2.7412948608398438,1.717595100402832
icp_regression,dinov3,42,4,29,171,400 ppm 3 1,1.2469550371170044,0.6199150681495667,0.6270399689674377
icp_regression,dinov3,42,4,29,172,400 ppm 3 6,1.258007287979126,1.6545050144195557,-0.3964977264404297
icp_regression,dinov3,42,4,29,173,600 ppm 4 10,1.5995385646820068,3.482445001602173,-1.882906436920166
icp_regression,dinov3,42,4,29,184,1000 ppm 4 1,4.003606796264648,4.585470676422119,-0.5818638801574707
icp_regression,dinov3,42,4,29,188,400 ppm 4 10,2.6069283485412598,2.4783451557159424,0.12858319282531738
icp_regression,dinov3,42,4,29,190,600 ppm 3 3,3.2930848598480225,3.318730354309082,-0.02564549446105957
icp_regression,dinov3,42,4,29,201,400 ppm 3 4,2.1036736965179443,3.1470205783843994,-1.043346881866455
icp_regression,dinov3,42,4,29,203,1000 ppm 2 3,3.0968616008758545,2.410778760910034,0.6860828399658203
