seed,fold,inference,n,accuracy,macro_f1,log_loss,rps,low_to_high_count,high_to_low_count,brier,ordinal_mae,extreme_error_rate,recall_low,recall_medium,recall_high,precision_low,precision_medium,precision_high,f1_low,f1_medium,f1_high,support_low,predicted_low,support_medium,predicted_medium,support_high,predicted_high,majority_baseline_accuracy
42,1,single,49,0.5714285714285714,0.5844974948423224,1.0443551593631397,0.16146562141978324,0,0,0.6063262035226952,0.42857142857142855,0.0,0.47058823529411764,0.5625,0.6875,0.6153846153846154,0.391304347826087,0.8461538461538461,0.5333333333333333,0.46153846153846156,0.7586206896551724,17,13,16,23,16,13,0.32653061224489793
42,2,single,50,0.38,0.35016835016835013,1.9448232473969425,0.2782382238891633,0,1,0.9976929164319901,0.64,0.02,0.26666666666666666,0.7058823529411765,0.16666666666666666,0.4444444444444444,0.32432432432432434,0.75,0.3333333333333333,0.4444444444444444,0.2727272727272727,15,9,17,37,18,4,0.3
42,3,single,50,0.44,0.42251461988304095,1.915732079774367,0.25566294485252394,3,1,0.8945576495686002,0.64,0.08,0.29411764705882354,0.26666666666666666,0.7222222222222222,0.38461538461538464,0.23529411764705882,0.65,0.3333333333333333,0.25,0.6842105263157895,17,13,15,17,18,20,0.3
42,4,single,60,0.5,0.48021786492374724,1.0581567069566515,0.1974727797122942,8,2,0.6055262291639544,0.6666666666666666,0.16666666666666666,0.3333333333333333,0.3333333333333333,0.8888888888888888,0.4666666666666667,0.5384615384615384,0.5,0.3888888888888889,0.4117647058823529,0.64,21,15,21,13,18,32,0.3
123,1,single,49,0.5510204081632653,0.5083440308087291,0.9689949652908936,0.19109022256848876,6,3,0.5812746998420517,0.6326530612244898,0.1836734693877551,0.625,0.2,0.7777777777777778,0.45454545454545453,0.75,0.6086956521739131,0.5263157894736842,0.3157894736842105,0.6829268292682927,16,22,15,4,18,23,0.32653061224489793
123,2,single,60,0.36666666666666664,0.3723354084135069,1.9526682956088501,0.25145851499503347,0,1,0.9287670690804515,0.65,0.016666666666666666,0.2,0.45454545454545453,0.4444444444444444,0.3333333333333333,0.2857142857142857,0.6153846153846154,0.25,0.3508771929824561,0.5161290322580645,20,12,22,35,18,13,0.3
123,3,single,50,0.42,0.41396198830409353,1.0677220554869,0.2031328695263775,0,3,0.6463154996967846,0.64,0.06,0.5714285714285714,0.1111111111111111,0.6111111111111112,0.3333333333333333,0.16666666666666666,0.7857142857142857,0.42105263157894735,0.13333333333333333,0.6875,14,24,18,12,18,14,0.28
123,4,single,50,0.5,0.5167521367521367,1.5566695753781752,0.2192024622651539,1,1,0.7984986098901768,0.54,0.04,0.45,0.5714285714285714,0.5,0.5625,0.32,0.8888888888888888,0.5,0.41025641025641024,0.64,20,16,14,25,16,9,0.28
2026,1,single,49,0.40816326530612246,0.3743028743028743,1.5254724610366244,0.25148796465504675,7,1,0.791831507300644,0.7551020408163265,0.16326530612244897,0.125,0.5333333333333333,0.5555555555555556,0.4,0.36363636363636365,0.45454545454545453,0.19047619047619047,0.43243243243243246,0.5,16,5,15,22,18,22,0.32653061224489793
2026,2,single,50,0.34,0.32676767676767676,1.8784764945694195,0.3020603880672889,0,9,0.9613042273893561,0.84,0.18,0.5882352941176471,0.2,0.2222222222222222,0.3225806451612903,0.2,1.0,0.4166666666666667,0.2,0.36363636363636365,17,31,15,15,18,4,0.3
2026,3,single,60,0.48333333333333334,0.4780952380952381,1.0723221802765432,0.18864524941243258,2,4,0.623772023324917,0.6166666666666667,0.1,0.5909090909090909,0.22727272727272727,0.6875,0.4642857142857143,0.38461538461538464,0.5789473684210527,0.52,0.2857142857142857,0.6285714285714286,22,28,22,13,16,19,0.26666666666666666
2026,4,single,50,0.52,0.5206529581529581,1.4973972730649465,0.17907424258187693,0,1,0.6758613866819553,0.5,0.02,0.6666666666666666,0.29411764705882354,0.6111111111111112,0.5,0.3125,0.7857142857142857,0.5714285714285714,0.30303030303030304,0.6875,15,20,17,16,18,14,0.3
