seed,fold,inference,n,accuracy,macro_f1,log_loss,brier,ordinal_mae,extreme_error_rate,recall_low,recall_medium,recall_high,precision_low,precision_medium,precision_high,f1_low,f1_medium,f1_high,support_low,predicted_low,support_medium,predicted_medium,support_high,predicted_high,majority_baseline_accuracy
42,1,single,53,0.5283018867924528,0.528042328042328,0.9934087085241154,0.5816237297832231,0.5849056603773585,0.11320754716981132,0.5882352941176471,0.4444444444444444,0.5555555555555556,0.5263157894736842,0.47058823529411764,0.5882352941176471,0.5555555555555556,0.45714285714285713,0.5714285714285714,17,19,18,17,18,17,0.32075471698113206
42,1,d4_mean,53,0.5094339622641509,0.4869600445637312,1.0633032379894094,0.6286046692605791,0.6226415094339622,0.1320754716981132,0.35294117647058826,0.3333333333333333,0.8333333333333334,0.6666666666666666,0.46153846153846156,0.4838709677419355,0.46153846153846156,0.3870967741935484,0.6122448979591837,17,9,18,13,18,31,0.32075471698113206
42,1,d4_vote,53,0.49056603773584906,0.4706349206349206,1.0633032379894094,0.6286046692605791,0.6792452830188679,0.16981132075471697,0.35294117647058826,0.3333333333333333,0.7777777777777778,0.5454545454545454,0.5,0.4666666666666667,0.42857142857142855,0.4,0.5833333333333334,17,11,18,12,18,30,0.32075471698113206
42,1,scale_mean,53,0.5660377358490566,0.5675954592363261,0.9919651646344546,0.5803417944732341,0.5283018867924528,0.09433962264150944,0.5882352941176471,0.5555555555555556,0.5555555555555556,0.5882352941176471,0.5,0.625,0.5882352941176471,0.5263157894736842,0.5882352941176471,17,17,18,20,18,16,0.32075471698113206
42,1,scale_vote,53,0.5660377358490566,0.5675954592363261,0.9919651646344546,0.5803417944732341,0.5283018867924528,0.09433962264150944,0.5882352941176471,0.5555555555555556,0.5555555555555556,0.5882352941176471,0.5,0.625,0.5882352941176471,0.5263157894736842,0.5882352941176471,17,17,18,20,18,16,0.32075471698113206
42,2,single,52,0.5576923076923077,0.5405228758169934,0.8722631558533871,0.5227195297379983,0.5,0.057692307692307696,0.5555555555555556,0.29411764705882354,0.8235294117647058,0.625,0.38461538461538464,0.6086956521739131,0.5882352941176471,0.3333333333333333,0.7,18,16,17,13,17,23,0.3269230769230769
42,2,d4_mean,52,0.46153846153846156,0.4049615653389238,1.0431885148536155,0.6233993941696471,0.6923076923076923,0.15384615384615385,0.3333333333333333,0.11764705882352941,0.9411764705882353,0.6666666666666666,0.2857142857142857,0.4444444444444444,0.4444444444444444,0.16666666666666666,0.6037735849056604,18,9,17,7,17,36,0.3269230769230769
42,2,d4_vote,52,0.4423076923076923,0.3839944063056191,1.0431885148536155,0.6233993941696471,0.75,0.19230769230769232,0.2777777777777778,0.11764705882352941,0.9411764705882353,0.8333333333333334,0.3333333333333333,0.4,0.4166666666666667,0.17391304347826086,0.5614035087719298,18,6,17,6,17,40,0.3269230769230769
42,2,scale_mean,52,0.5384615384615384,0.5205715693520571,0.8739599436894685,0.5210856994243576,0.5384615384615384,0.07692307692307693,0.5,0.29411764705882354,0.8235294117647058,0.6,0.38461538461538464,0.5833333333333334,0.5454545454545454,0.3333333333333333,0.6829268292682927,18,15,17,13,17,24,0.3269230769230769
42,2,scale_vote,52,0.5384615384615384,0.5205715693520571,0.8739599436894685,0.5210856994243576,0.5384615384615384,0.07692307692307693,0.5,0.29411764705882354,0.8235294117647058,0.6,0.38461538461538464,0.5833333333333334,0.5454545454545454,0.3333333333333333,0.6829268292682927,18,15,17,13,17,24,0.3269230769230769
42,3,single,52,0.5384615384615384,0.5251989389920424,0.8845919168454585,0.5341413227580163,0.5576923076923077,0.09615384615384616,0.6111111111111112,0.29411764705882354,0.7058823529411765,0.5238095238095238,0.4166666666666667,0.631578947368421,0.5641025641025641,0.3448275862068966,0.6666666666666666,18,21,17,12,17,19,0.3269230769230769
42,3,d4_mean,52,0.5384615384615384,0.4776308223116734,0.9976467086819765,0.599293086722995,0.6153846153846154,0.15384615384615385,0.6111111111111112,0.11764705882352941,0.8823529411764706,0.5789473684210527,0.6666666666666666,0.5,0.5945945945945946,0.2,0.6382978723404256,18,19,17,3,17,30,0.3269230769230769
42,3,d4_vote,52,0.5384615384615384,0.4787037037037037,0.9976467086819765,0.599293086722995,0.6153846153846154,0.15384615384615385,0.6111111111111112,0.11764705882352941,0.8823529411764706,0.6111111111111112,0.6666666666666666,0.4838709677419355,0.6111111111111112,0.2,0.625,18,18,17,3,17,31,0.3269230769230769
42,3,scale_mean,52,0.5384615384615384,0.5174603174603174,0.8983892318648988,0.5407765803049169,0.5384615384615384,0.07692307692307693,0.6666666666666666,0.23529411764705882,0.7058823529411765,0.5454545454545454,0.36363636363636365,0.631578947368421,0.6,0.2857142857142857,0.6666666666666666,18,22,17,11,17,19,0.3269230769230769
42,3,scale_vote,52,0.5384615384615384,0.5174603174603174,0.8983892318648988,0.5407765803049169,0.5384615384615384,0.07692307692307693,0.6666666666666666,0.23529411764705882,0.7058823529411765,0.5454545454545454,0.36363636363636365,0.631578947368421,0.6,0.2857142857142857,0.6666666666666666,18,22,17,11,17,19,0.3269230769230769
42,4,single,52,0.5961538461538461,0.5910331384015595,0.8707094923837448,0.5013729222929288,0.5,0.09615384615384616,0.47058823529411764,0.5882352941176471,0.7222222222222222,0.6153846153846154,0.5263157894736842,0.65,0.5333333333333333,0.5555555555555556,0.6842105263157895,17,13,17,19,18,20,0.3269230769230769
42,4,d4_mean,52,0.5576923076923077,0.5329927628778203,0.9445672541116094,0.5661935322013891,0.5576923076923077,0.11538461538461539,0.4117647058823529,0.35294117647058826,0.8888888888888888,0.7,0.5,0.5333333333333333,0.5185185185185185,0.41379310344827586,0.6666666666666666,17,10,17,12,18,30,0.3269230769230769
42,4,d4_vote,52,0.5576923076923077,0.5329927628778203,0.9445672541116094,0.5661935322013891,0.5576923076923077,0.11538461538461539,0.4117647058823529,0.35294117647058826,0.8888888888888888,0.7,0.5,0.5333333333333333,0.5185185185185185,0.41379310344827586,0.6666666666666666,17,10,17,12,18,30,0.3269230769230769
42,4,scale_mean,52,0.6153846153846154,0.6132553606237816,0.8564269349509388,0.49287422853381124,0.46153846153846156,0.07692307692307693,0.5294117647058824,0.5882352941176471,0.7222222222222222,0.6923076923076923,0.5263157894736842,0.65,0.6,0.5555555555555556,0.6842105263157895,17,13,17,19,18,20,0.3269230769230769
42,4,scale_vote,52,0.6153846153846154,0.6132553606237816,0.8564269349509388,0.49287422853381124,0.46153846153846156,0.07692307692307693,0.5294117647058824,0.5882352941176471,0.7222222222222222,0.6923076923076923,0.5263157894736842,0.65,0.6,0.5555555555555556,0.6842105263157895,17,13,17,19,18,20,0.3269230769230769
