seed,fold,role,sample_id,dataset_index,group
42,1,outer_train,800 ppm 4 4,0,
42,1,outer_train,400 ppm 1 10,1,
42,1,outer_train,c 8,2,
42,1,outer_train,400 ppm 5 6,4,
42,1,outer_train,1000 ppm 1 3,10,
42,1,outer_train,800 ppm 5 8,14,
42,1,outer_train,800 ppm 5 6,15,
42,1,outer_train,400 ppm 4 6,16,
42,1,outer_train,800 ppm 1 8,17,
42,1,outer_train,600 ppm 3 1,18,
42,1,outer_train,400 ppm 3 5,19,
42,1,outer_train,600 ppm 3 4,20,
42,1,outer_train,1000 ppm 2 10,22,
42,1,outer_train,c 10,23,
42,1,outer_train,400 ppm 1 7,24,
42,1,outer_train,400 ppm 1 2,25,
42,1,outer_train,400 ppm 3 8,26,
42,1,outer_train,800 ppm 3 1,30,
42,1,outer_train,1000 ppm 4 10,31,
42,1,outer_train,600 ppm 4 1,32,
42,1,outer_train,400 ppm 4 2,33,
42,1,outer_train,400 ppm 4 3,35,
42,1,outer_train,800 ppm 2 4,36,
42,1,outer_train,800 ppm 5 4,37,
42,1,outer_train,600 ppm 1 2,38,
42,1,outer_train,1000 ppm 1 4,39,
42,1,outer_train,1000 ppm 3 7,40,
42,1,outer_train,1000 ppm 4 2,41,
42,1,outer_train,800 ppm 4 1,42,
42,1,outer_train,400 ppm 3 7,43,
42,1,outer_train,600 ppm 2 10,44,
42,1,outer_train,400 ppm 2 3,46,
42,1,outer_train,600 ppm 1 10,47,
42,1,outer_train,800 ppm 5 5,48,
42,1,outer_train,400 ppm 5 4,50,
42,1,outer_train,400 ppm 5 2,51,
42,1,outer_train,600 ppm 1 3,52,
42,1,outer_train,400 ppm 5 5,55,
42,1,outer_train,800 ppm 3 7,56,
42,1,outer_train,800 ppm 1 2,57,
42,1,outer_train,600 ppm 3 5,58,
42,1,outer_train,400 ppm 1 9,59,
42,1,outer_train,1000 ppm 1 10,60,
42,1,outer_train,800 ppm 2 5,61,
42,1,outer_train,800 ppm 5 3,62,
42,1,outer_train,800 ppm 5 1,63,
42,1,outer_train,800 ppm 3 6,64,
42,1,outer_train,1000 ppm 1 2,65,
42,1,outer_train,1000 ppm 4 8,68,
42,1,outer_train,800 ppm 4 8,69,
42,1,outer_train,1000 ppm 5 3,71,
42,1,outer_train,800 ppm 4 10,72,
42,1,outer_train,400 ppm 5 10,73,
42,1,outer_train,800 ppm 3 10,74,
42,1,outer_train,600 ppm 4 2,75,
42,1,outer_train,1000 ppm 2 5,76,
42,1,outer_train,400 ppm 2 4,77,
42,1,outer_train,600 ppm 4 6,78,
42,1,outer_train,c 6,80,
42,1,outer_train,400 ppm 4 9,82,
42,1,outer_train,c 7,84,
42,1,outer_train,600 ppm 5 9,85,
42,1,outer_train,600 ppm 4 3,86,
42,1,outer_train,600 ppm 2 3,87,
42,1,outer_train,400 ppm 1 8,88,
42,1,outer_train,800 ppm 1 7,89,
42,1,outer_train,800 ppm 1 5,90,
42,1,outer_train,800 ppm 2 6,91,
42,1,outer_train,1000 ppm 5 2,92,
42,1,outer_train,600 ppm 2 1,93,
42,1,outer_train,400 ppm 4 1,95,
42,1,outer_train,400 ppm 3 3,96,
42,1,outer_train,600 ppm 2 7,97,
42,1,outer_train,400 ppm 4 7,98,
42,1,outer_train,600 ppm 1 7,100,
42,1,outer_train,400 ppm 1 1,101,
42,1,outer_train,1000 ppm 3 6,102,
42,1,outer_train,600 ppm 3 2,103,
42,1,outer_train,400 ppm 2 5,104,
42,1,outer_train,600 ppm 4 4,105,
42,1,outer_train,1000 ppm 1 9,106,
42,1,outer_train,600 ppm 2 8,107,
42,1,outer_train,800 ppm 2 10,110,
42,1,outer_train,800 ppm 2 7,112,
42,1,outer_train,800 ppm 3 2,116,
42,1,outer_train,400 ppm 1 6,118,
42,1,outer_train,400 ppm 2 6,119,
42,1,outer_train,1000 ppm 4 9,120,
42,1,outer_train,400 ppm 3 9,122,
42,1,outer_train,1000 ppm 4 6,123,
42,1,outer_train,600 ppm 2 6,124,
42,1,outer_train,400 ppm 2 2,125,
42,1,outer_train,800 ppm 1 3,127,
42,1,outer_train,600 ppm 1 4,128,
42,1,outer_train,600 ppm 3 10,129,
42,1,outer_train,600 ppm 4 5,133,
42,1,outer_train,400 ppm 5 7,134,
42,1,outer_train,1000 ppm 3 1,135,
42,1,outer_train,1000 ppm 2 9,136,
42,1,outer_train,600 ppm 4 9,137,
42,1,outer_train,400 ppm 2 9,139,
42,1,outer_train,1000 ppm 2 6,140,
42,1,outer_train,400 ppm 2 1,141,
42,1,outer_train,800 ppm 4 2,142,
42,1,outer_train,600 ppm 5 8,144,
42,1,outer_train,c 5,145,
42,1,outer_train,800 ppm 1 1,147,
42,1,outer_train,1000 ppm 4 5,149,
42,1,outer_train,600 ppm 3 9,150,
42,1,outer_train,1000 ppm 1 1,151,
42,1,outer_train,1000 ppm 5 10,152,
42,1,outer_train,800 ppm 1 6,153,
42,1,outer_train,600 ppm 5 1,154,
42,1,outer_train,600 ppm 1 1,155,
42,1,outer_train,800 ppm 5 10,158,
42,1,outer_train,400 ppm 4 5,159,
42,1,outer_train,600 ppm 1 8,160,
42,1,outer_train,600 ppm 3 8,161,
42,1,outer_train,800 ppm 3 8,162,
42,1,outer_train,1000 ppm 5 6,163,
42,1,outer_train,600 ppm 5 7,164,
42,1,outer_train,600 ppm 4 8,165,
42,1,outer_train,800 ppm 3 5,167,
42,1,outer_train,800 ppm 4 3,168,
42,1,outer_train,1000 ppm 5 5,169,
42,1,outer_train,600 ppm 5 6,170,
42,1,outer_train,400 ppm 3 1,171,
42,1,outer_train,400 ppm 3 6,172,
42,1,outer_train,600 ppm 4 10,173,
42,1,outer_train,400 ppm 5 3,174,
42,1,outer_train,600 ppm 1 6,176,
42,1,outer_train,1000 ppm 2 8,177,
42,1,outer_train,600 ppm 1 5,178,
42,1,outer_train,600 ppm 1 9,179,
42,1,outer_train,600 ppm 2 2,180,
42,1,outer_train,1000 ppm 1 6,181,
42,1,outer_train,800 ppm 5 2,182,
42,1,outer_train,600 ppm 5 2,183,
42,1,outer_train,1000 ppm 4 1,184,
42,1,outer_train,800 ppm 4 9,185,
42,1,outer_train,600 ppm 2 4,187,
42,1,outer_train,400 ppm 4 10,188,
42,1,outer_train,600 ppm 3 3,190,
42,1,outer_train,600 ppm 4 7,191,
42,1,outer_train,1000 ppm 5 8,194,
42,1,outer_train,c 2,195,
42,1,outer_train,800 ppm 2 2,196,
42,1,outer_train,600 ppm 5 3,197,
42,1,outer_train,1000 ppm 4 4,198,
42,1,outer_train,400 ppm 5 9,199,
42,1,outer_train,400 ppm 2 8,200,
42,1,outer_train,400 ppm 3 4,201,
42,1,outer_train,1000 ppm 2 3,203,
42,1,outer_train,400 ppm 1 4,206,
42,1,outer_train,1000 ppm 2 2,207,
42,1,outer_train,1000 ppm 4 7,208,
42,1,outer_test,600 ppm 5 5,3,
42,1,outer_test,1000 ppm 4 3,5,
42,1,outer_test,1000 ppm 3 9,6,
42,1,outer_test,1000 ppm 3 10,7,
42,1,outer_test,600 ppm 3 7,8,
42,1,outer_test,800 ppm 5 7,9,
42,1,outer_test,400 ppm 4 4,11,
42,1,outer_test,800 ppm 2 8,12,
42,1,outer_test,400 ppm 3 2,13,
42,1,outer_test,800 ppm 3 9,21,
42,1,outer_test,1000 ppm 5 1,27,
42,1,outer_test,800 ppm 4 5,28,
42,1,outer_test,800 ppm 2 1,29,
42,1,outer_test,400 ppm 1 5,34,
42,1,outer_test,400 ppm 4 8,45,
42,1,outer_test,800 ppm 3 4,49,
42,1,outer_test,1000 ppm 2 1,53,
42,1,outer_test,400 ppm 3 10,54,
42,1,outer_test,1000 ppm 3 3,66,
42,1,outer_test,c 9,67,
42,1,outer_test,800 ppm 3 3,70,
42,1,outer_test,800 ppm 2 9,79,
42,1,outer_test,600 ppm 2 9,81,
42,1,outer_test,400 ppm 2 10,83,
42,1,outer_test,800 ppm 4 7,94,
42,1,outer_test,1000 ppm 2 7,99,
42,1,outer_test,800 ppm 5 9,108,
42,1,outer_test,600 ppm 3 6,109,
42,1,outer_test,1000 ppm 1 5,111,
42,1,outer_test,600 ppm 5 10,113,
42,1,outer_test,600 ppm 2 5,114,
42,1,outer_test,800 ppm 1 10,115,
42,1,outer_test,1000 ppm 3 8,117,
42,1,outer_test,800 ppm 2 3,121,
42,1,outer_test,1000 ppm 5 7,126,
42,1,outer_test,400 ppm 1 3,130,
42,1,outer_test,800 ppm 4 6,131,
42,1,outer_test,600 ppm 5 4,132,
42,1,outer_test,400 ppm 2 7,138,
42,1,outer_test,1000 ppm 5 9,143,
42,1,outer_test,400 ppm 5 8,146,
42,1,outer_test,c 4,148,
42,1,outer_test,1000 ppm 1 8,156,
42,1,outer_test,c 3,157,
42,1,outer_test,800 ppm 1 9,166,
42,1,outer_test,1000 ppm 3 2,175,
42,1,outer_test,1000 ppm 5 4,186,
42,1,outer_test,1000 ppm 3 5,189,
42,1,outer_test,800 ppm 1 4,192,
42,1,outer_test,1000 ppm 1 7,193,
42,1,outer_test,1000 ppm 3 4,202,
42,1,outer_test,400 ppm 5 1,204,
42,1,outer_test,1000 ppm 2 4,205,
42,2,outer_train,600 ppm 5 5,3,
42,2,outer_train,400 ppm 5 6,4,
42,2,outer_train,1000 ppm 4 3,5,
42,2,outer_train,1000 ppm 3 9,6,
42,2,outer_train,1000 ppm 3 10,7,
42,2,outer_train,600 ppm 3 7,8,
42,2,outer_train,800 ppm 5 7,9,
42,2,outer_train,1000 ppm 1 3,10,
42,2,outer_train,400 ppm 4 4,11,
42,2,outer_train,800 ppm 2 8,12,
42,2,outer_train,400 ppm 3 2,13,
42,2,outer_train,800 ppm 5 6,15,
42,2,outer_train,400 ppm 4 6,16,
42,2,outer_train,800 ppm 1 8,17,
42,2,outer_train,600 ppm 3 1,18,
42,2,outer_train,400 ppm 3 5,19,
42,2,outer_train,800 ppm 3 9,21,
42,2,outer_train,c 10,23,
42,2,outer_train,400 ppm 1 7,24,
42,2,outer_train,400 ppm 1 2,25,
42,2,outer_train,400 ppm 3 8,26,
42,2,outer_train,1000 ppm 5 1,27,
42,2,outer_train,800 ppm 4 5,28,
42,2,outer_train,800 ppm 2 1,29,
42,2,outer_train,1000 ppm 4 10,31,
42,2,outer_train,600 ppm 4 1,32,
42,2,outer_train,400 ppm 4 2,33,
42,2,outer_train,400 ppm 1 5,34,
42,2,outer_train,800 ppm 2 4,36,
42,2,outer_train,800 ppm 5 4,37,
42,2,outer_train,1000 ppm 1 4,39,
42,2,outer_train,1000 ppm 3 7,40,
42,2,outer_train,1000 ppm 4 2,41,
42,2,outer_train,800 ppm 4 1,42,
42,2,outer_train,400 ppm 4 8,45,
42,2,outer_train,400 ppm 2 3,46,
42,2,outer_train,600 ppm 1 10,47,
42,2,outer_train,800 ppm 3 4,49,
42,2,outer_train,400 ppm 5 4,50,
42,2,outer_train,600 ppm 1 3,52,
42,2,outer_train,1000 ppm 2 1,53,
42,2,outer_train,400 ppm 3 10,54,
42,2,outer_train,400 ppm 5 5,55,
42,2,outer_train,800 ppm 3 7,56,
42,2,outer_train,400 ppm 1 9,59,
42,2,outer_train,1000 ppm 1 10,60,
42,2,outer_train,800 ppm 5 3,62,
42,2,outer_train,800 ppm 5 1,63,
42,2,outer_train,800 ppm 3 6,64,
42,2,outer_train,1000 ppm 1 2,65,
42,2,outer_train,1000 ppm 3 3,66,
42,2,outer_train,c 9,67,
42,2,outer_train,1000 ppm 4 8,68,
42,2,outer_train,800 ppm 4 8,69,
42,2,outer_train,800 ppm 3 3,70,
42,2,outer_train,800 ppm 4 10,72,
42,2,outer_train,800 ppm 3 10,74,
42,2,outer_train,600 ppm 4 2,75,
42,2,outer_train,800 ppm 2 9,79,
42,2,outer_train,600 ppm 2 9,81,
42,2,outer_train,400 ppm 4 9,82,
42,2,outer_train,400 ppm 2 10,83,
42,2,outer_train,c 7,84,
42,2,outer_train,600 ppm 5 9,85,
42,2,outer_train,600 ppm 4 3,86,
42,2,outer_train,600 ppm 2 3,87,
42,2,outer_train,400 ppm 1 8,88,
42,2,outer_train,800 ppm 1 5,90,
42,2,outer_train,800 ppm 2 6,91,
42,2,outer_train,800 ppm 4 7,94,
42,2,outer_train,400 ppm 3 3,96,
42,2,outer_train,600 ppm 2 7,97,
42,2,outer_train,400 ppm 4 7,98,
42,2,outer_train,1000 ppm 2 7,99,
42,2,outer_train,600 ppm 1 7,100,
42,2,outer_train,400 ppm 1 1,101,
42,2,outer_train,1000 ppm 3 6,102,
42,2,outer_train,600 ppm 3 2,103,
42,2,outer_train,400 ppm 2 5,104,
42,2,outer_train,1000 ppm 1 9,106,
42,2,outer_train,800 ppm 5 9,108,
42,2,outer_train,600 ppm 3 6,109,
42,2,outer_train,800 ppm 2 10,110,
42,2,outer_train,1000 ppm 1 5,111,
42,2,outer_train,800 ppm 2 7,112,
42,2,outer_train,600 ppm 5 10,113,
42,2,outer_train,600 ppm 2 5,114,
42,2,outer_train,800 ppm 1 10,115,
42,2,outer_train,800 ppm 3 2,116,
42,2,outer_train,1000 ppm 3 8,117,
42,2,outer_train,400 ppm 2 6,119,
42,2,outer_train,800 ppm 2 3,121,
42,2,outer_train,1000 ppm 4 6,123,
42,2,outer_train,400 ppm 2 2,125,
42,2,outer_train,1000 ppm 5 7,126,
42,2,outer_train,800 ppm 1 3,127,
42,2,outer_train,600 ppm 1 4,128,
42,2,outer_train,600 ppm 3 10,129,
42,2,outer_train,400 ppm 1 3,130,
42,2,outer_train,800 ppm 4 6,131,
42,2,outer_train,600 ppm 5 4,132,
42,2,outer_train,400 ppm 5 7,134,
42,2,outer_train,1000 ppm 3 1,135,
42,2,outer_train,1000 ppm 2 9,136,
42,2,outer_train,400 ppm 2 7,138,
42,2,outer_train,1000 ppm 2 6,140,
42,2,outer_train,400 ppm 2 1,141,
42,2,outer_train,800 ppm 4 2,142,
42,2,outer_train,1000 ppm 5 9,143,
42,2,outer_train,600 ppm 5 8,144,
42,2,outer_train,c 5,145,
42,2,outer_train,400 ppm 5 8,146,
42,2,outer_train,c 4,148,
42,2,outer_train,600 ppm 3 9,150,
42,2,outer_train,1000 ppm 5 10,152,
42,2,outer_train,800 ppm 1 6,153,
42,2,outer_train,600 ppm 5 1,154,
42,2,outer_train,600 ppm 1 1,155,
42,2,outer_train,1000 ppm 1 8,156,
42,2,outer_train,c 3,157,
42,2,outer_train,800 ppm 5 10,158,
42,2,outer_train,400 ppm 4 5,159,
42,2,outer_train,600 ppm 3 8,161,
42,2,outer_train,800 ppm 3 8,162,
42,2,outer_train,1000 ppm 5 6,163,
42,2,outer_train,600 ppm 4 8,165,
42,2,outer_train,800 ppm 1 9,166,
42,2,outer_train,800 ppm 3 5,167,
42,2,outer_train,800 ppm 4 3,168,
42,2,outer_train,1000 ppm 5 5,169,
42,2,outer_train,600 ppm 5 6,170,
42,2,outer_train,400 ppm 3 1,171,
42,2,outer_train,400 ppm 3 6,172,
42,2,outer_train,600 ppm 4 10,173,
42,2,outer_train,400 ppm 5 3,174,
42,2,outer_train,1000 ppm 3 2,175,
42,2,outer_train,600 ppm 1 6,176,
42,2,outer_train,1000 ppm 1 6,181,
42,2,outer_train,800 ppm 5 2,182,
42,2,outer_train,1000 ppm 4 1,184,
42,2,outer_train,1000 ppm 5 4,186,
42,2,outer_train,400 ppm 4 10,188,
42,2,outer_train,1000 ppm 3 5,189,
42,2,outer_train,600 ppm 3 3,190,
42,2,outer_train,800 ppm 1 4,192,
42,2,outer_train,1000 ppm 1 7,193,
42,2,outer_train,c 2,195,
42,2,outer_train,800 ppm 2 2,196,
42,2,outer_train,400 ppm 5 9,199,
42,2,outer_train,400 ppm 2 8,200,
42,2,outer_train,400 ppm 3 4,201,
42,2,outer_train,1000 ppm 3 4,202,
42,2,outer_train,1000 ppm 2 3,203,
42,2,outer_train,400 ppm 5 1,204,
42,2,outer_train,1000 ppm 2 4,205,
42,2,outer_train,400 ppm 1 4,206,
42,2,outer_train,1000 ppm 2 2,207,
42,2,outer_test,800 ppm 4 4,0,
42,2,outer_test,400 ppm 1 10,1,
42,2,outer_test,c 8,2,
42,2,outer_test,800 ppm 5 8,14,
42,2,outer_test,600 ppm 3 4,20,
42,2,outer_test,1000 ppm 2 10,22,
42,2,outer_test,800 ppm 3 1,30,
42,2,outer_test,400 ppm 4 3,35,
42,2,outer_test,600 ppm 1 2,38,
42,2,outer_test,400 ppm 3 7,43,
42,2,outer_test,600 ppm 2 10,44,
42,2,outer_test,800 ppm 5 5,48,
42,2,outer_test,400 ppm 5 2,51,
42,2,outer_test,800 ppm 1 2,57,
42,2,outer_test,600 ppm 3 5,58,
42,2,outer_test,800 ppm 2 5,61,
42,2,outer_test,1000 ppm 5 3,71,
42,2,outer_test,400 ppm 5 10,73,
42,2,outer_test,1000 ppm 2 5,76,
42,2,outer_test,400 ppm 2 4,77,
42,2,outer_test,600 ppm 4 6,78,
42,2,outer_test,c 6,80,
42,2,outer_test,800 ppm 1 7,89,
42,2,outer_test,1000 ppm 5 2,92,
42,2,outer_test,600 ppm 2 1,93,
42,2,outer_test,400 ppm 4 1,95,
42,2,outer_test,600 ppm 4 4,105,
42,2,outer_test,600 ppm 2 8,107,
42,2,outer_test,400 ppm 1 6,118,
42,2,outer_test,1000 ppm 4 9,120,
42,2,outer_test,400 ppm 3 9,122,
42,2,outer_test,600 ppm 2 6,124,
42,2,outer_test,600 ppm 4 5,133,
42,2,outer_test,600 ppm 4 9,137,
42,2,outer_test,400 ppm 2 9,139,
42,2,outer_test,800 ppm 1 1,147,
42,2,outer_test,1000 ppm 4 5,149,
42,2,outer_test,1000 ppm 1 1,151,
42,2,outer_test,600 ppm 1 8,160,
42,2,outer_test,600 ppm 5 7,164,
42,2,outer_test,1000 ppm 2 8,177,
42,2,outer_test,600 ppm 1 5,178,
42,2,outer_test,600 ppm 1 9,179,
42,2,outer_test,600 ppm 2 2,180,
42,2,outer_test,600 ppm 5 2,183,
42,2,outer_test,800 ppm 4 9,185,
42,2,outer_test,600 ppm 2 4,187,
42,2,outer_test,600 ppm 4 7,191,
42,2,outer_test,1000 ppm 5 8,194,
42,2,outer_test,600 ppm 5 3,197,
42,2,outer_test,1000 ppm 4 4,198,
42,2,outer_test,1000 ppm 4 7,208,
42,3,outer_train,800 ppm 4 4,0,
42,3,outer_train,400 ppm 1 10,1,
42,3,outer_train,c 8,2,
42,3,outer_train,600 ppm 5 5,3,
42,3,outer_train,1000 ppm 4 3,5,
42,3,outer_train,1000 ppm 3 9,6,
42,3,outer_train,1000 ppm 3 10,7,
42,3,outer_train,600 ppm 3 7,8,
42,3,outer_train,800 ppm 5 7,9,
42,3,outer_train,1000 ppm 1 3,10,
42,3,outer_train,400 ppm 4 4,11,
42,3,outer_train,800 ppm 2 8,12,
42,3,outer_train,400 ppm 3 2,13,
42,3,outer_train,800 ppm 5 8,14,
42,3,outer_train,400 ppm 4 6,16,
42,3,outer_train,600 ppm 3 1,18,
42,3,outer_train,400 ppm 3 5,19,
42,3,outer_train,600 ppm 3 4,20,
42,3,outer_train,800 ppm 3 9,21,
42,3,outer_train,1000 ppm 2 10,22,
42,3,outer_train,c 10,23,
42,3,outer_train,400 ppm 1 2,25,
42,3,outer_train,1000 ppm 5 1,27,
42,3,outer_train,800 ppm 4 5,28,
42,3,outer_train,800 ppm 2 1,29,
42,3,outer_train,800 ppm 3 1,30,
42,3,outer_train,400 ppm 1 5,34,
42,3,outer_train,400 ppm 4 3,35,
42,3,outer_train,800 ppm 2 4,36,
42,3,outer_train,800 ppm 5 4,37,
42,3,outer_train,600 ppm 1 2,38,
42,3,outer_train,1000 ppm 1 4,39,
42,3,outer_train,1000 ppm 4 2,41,
42,3,outer_train,400 ppm 3 7,43,
42,3,outer_train,600 ppm 2 10,44,
42,3,outer_train,400 ppm 4 8,45,
42,3,outer_train,400 ppm 2 3,46,
42,3,outer_train,800 ppm 5 5,48,
42,3,outer_train,800 ppm 3 4,49,
42,3,outer_train,400 ppm 5 2,51,
42,3,outer_train,600 ppm 1 3,52,
42,3,outer_train,1000 ppm 2 1,53,
42,3,outer_train,400 ppm 3 10,54,
42,3,outer_train,400 ppm 5 5,55,
42,3,outer_train,800 ppm 3 7,56,
42,3,outer_train,800 ppm 1 2,57,
42,3,outer_train,600 ppm 3 5,58,
42,3,outer_train,400 ppm 1 9,59,
42,3,outer_train,800 ppm 2 5,61,
42,3,outer_train,800 ppm 5 3,62,
42,3,outer_train,800 ppm 3 6,64,
42,3,outer_train,1000 ppm 3 3,66,
42,3,outer_train,c 9,67,
42,3,outer_train,1000 ppm 4 8,68,
42,3,outer_train,800 ppm 4 8,69,
42,3,outer_train,800 ppm 3 3,70,
42,3,outer_train,1000 ppm 5 3,71,
42,3,outer_train,400 ppm 5 10,73,
42,3,outer_train,1000 ppm 2 5,76,
42,3,outer_train,400 ppm 2 4,77,
42,3,outer_train,600 ppm 4 6,78,
42,3,outer_train,800 ppm 2 9,79,
42,3,outer_train,c 6,80,
42,3,outer_train,600 ppm 2 9,81,
42,3,outer_train,400 ppm 4 9,82,
42,3,outer_train,400 ppm 2 10,83,
42,3,outer_train,c 7,84,
42,3,outer_train,800 ppm 1 7,89,
42,3,outer_train,800 ppm 1 5,90,
42,3,outer_train,1000 ppm 5 2,92,
42,3,outer_train,600 ppm 2 1,93,
42,3,outer_train,800 ppm 4 7,94,
42,3,outer_train,400 ppm 4 1,95,
42,3,outer_train,600 ppm 2 7,97,
42,3,outer_train,1000 ppm 2 7,99,
42,3,outer_train,600 ppm 1 7,100,
42,3,outer_train,1000 ppm 3 6,102,
42,3,outer_train,600 ppm 4 4,105,
42,3,outer_train,1000 ppm 1 9,106,
42,3,outer_train,600 ppm 2 8,107,
42,3,outer_train,800 ppm 5 9,108,
42,3,outer_train,600 ppm 3 6,109,
42,3,outer_train,1000 ppm 1 5,111,
42,3,outer_train,800 ppm 2 7,112,
42,3,outer_train,600 ppm 5 10,113,
42,3,outer_train,600 ppm 2 5,114,
42,3,outer_train,800 ppm 1 10,115,
42,3,outer_train,800 ppm 3 2,116,
42,3,outer_train,1000 ppm 3 8,117,
42,3,outer_train,400 ppm 1 6,118,
42,3,outer_train,1000 ppm 4 9,120,
42,3,outer_train,800 ppm 2 3,121,
42,3,outer_train,400 ppm 3 9,122,
42,3,outer_train,1000 ppm 4 6,123,
42,3,outer_train,600 ppm 2 6,124,
42,3,outer_train,1000 ppm 5 7,126,
42,3,outer_train,600 ppm 1 4,128,
42,3,outer_train,600 ppm 3 10,129,
42,3,outer_train,400 ppm 1 3,130,
42,3,outer_train,800 ppm 4 6,131,
42,3,outer_train,600 ppm 5 4,132,
42,3,outer_train,600 ppm 4 5,133,
42,3,outer_train,600 ppm 4 9,137,
42,3,outer_train,400 ppm 2 7,138,
42,3,outer_train,400 ppm 2 9,139,
42,3,outer_train,1000 ppm 5 9,143,
42,3,outer_train,600 ppm 5 8,144,
42,3,outer_train,c 5,145,
42,3,outer_train,400 ppm 5 8,146,
42,3,outer_train,800 ppm 1 1,147,
42,3,outer_train,c 4,148,
42,3,outer_train,1000 ppm 4 5,149,
42,3,outer_train,600 ppm 3 9,150,
42,3,outer_train,1000 ppm 1 1,151,
42,3,outer_train,1000 ppm 5 10,152,
42,3,outer_train,600 ppm 5 1,154,
42,3,outer_train,600 ppm 1 1,155,
42,3,outer_train,1000 ppm 1 8,156,
42,3,outer_train,c 3,157,
42,3,outer_train,800 ppm 5 10,158,
42,3,outer_train,400 ppm 4 5,159,
42,3,outer_train,600 ppm 1 8,160,
42,3,outer_train,600 ppm 3 8,161,
42,3,outer_train,800 ppm 3 8,162,
42,3,outer_train,1000 ppm 5 6,163,
42,3,outer_train,600 ppm 5 7,164,
42,3,outer_train,600 ppm 4 8,165,
42,3,outer_train,800 ppm 1 9,166,
42,3,outer_train,800 ppm 3 5,167,
42,3,outer_train,400 ppm 3 1,171,
42,3,outer_train,400 ppm 3 6,172,
42,3,outer_train,600 ppm 4 10,173,
42,3,outer_train,1000 ppm 3 2,175,
42,3,outer_train,1000 ppm 2 8,177,
42,3,outer_train,600 ppm 1 5,178,
42,3,outer_train,600 ppm 1 9,179,
42,3,outer_train,600 ppm 2 2,180,
42,3,outer_train,600 ppm 5 2,183,
42,3,outer_train,1000 ppm 4 1,184,
42,3,outer_train,800 ppm 4 9,185,
42,3,outer_train,1000 ppm 5 4,186,
42,3,outer_train,600 ppm 2 4,187,
42,3,outer_train,400 ppm 4 10,188,
42,3,outer_train,1000 ppm 3 5,189,
42,3,outer_train,600 ppm 3 3,190,
42,3,outer_train,600 ppm 4 7,191,
42,3,outer_train,800 ppm 1 4,192,
42,3,outer_train,1000 ppm 1 7,193,
42,3,outer_train,1000 ppm 5 8,194,
42,3,outer_train,600 ppm 5 3,197,
42,3,outer_train,1000 ppm 4 4,198,
42,3,outer_train,400 ppm 3 4,201,
42,3,outer_train,1000 ppm 3 4,202,
42,3,outer_train,1000 ppm 2 3,203,
42,3,outer_train,400 ppm 5 1,204,
42,3,outer_train,1000 ppm 2 4,205,
42,3,outer_train,1000 ppm 4 7,208,
42,3,outer_test,400 ppm 5 6,4,
42,3,outer_test,800 ppm 5 6,15,
42,3,outer_test,800 ppm 1 8,17,
42,3,outer_test,400 ppm 1 7,24,
42,3,outer_test,400 ppm 3 8,26,
42,3,outer_test,1000 ppm 4 10,31,
42,3,outer_test,600 ppm 4 1,32,
42,3,outer_test,400 ppm 4 2,33,
42,3,outer_test,1000 ppm 3 7,40,
42,3,outer_test,800 ppm 4 1,42,
42,3,outer_test,600 ppm 1 10,47,
42,3,outer_test,400 ppm 5 4,50,
42,3,outer_test,1000 ppm 1 10,60,
42,3,outer_test,800 ppm 5 1,63,
42,3,outer_test,1000 ppm 1 2,65,
42,3,outer_test,800 ppm 4 10,72,
42,3,outer_test,800 ppm 3 10,74,
42,3,outer_test,600 ppm 4 2,75,
42,3,outer_test,600 ppm 5 9,85,
42,3,outer_test,600 ppm 4 3,86,
42,3,outer_test,600 ppm 2 3,87,
42,3,outer_test,400 ppm 1 8,88,
42,3,outer_test,800 ppm 2 6,91,
42,3,outer_test,400 ppm 3 3,96,
42,3,outer_test,400 ppm 4 7,98,
42,3,outer_test,400 ppm 1 1,101,
42,3,outer_test,600 ppm 3 2,103,
42,3,outer_test,400 ppm 2 5,104,
42,3,outer_test,800 ppm 2 10,110,
42,3,outer_test,400 ppm 2 6,119,
42,3,outer_test,400 ppm 2 2,125,
42,3,outer_test,800 ppm 1 3,127,
42,3,outer_test,400 ppm 5 7,134,
42,3,outer_test,1000 ppm 3 1,135,
42,3,outer_test,1000 ppm 2 9,136,
42,3,outer_test,1000 ppm 2 6,140,
42,3,outer_test,400 ppm 2 1,141,
42,3,outer_test,800 ppm 4 2,142,
42,3,outer_test,800 ppm 1 6,153,
42,3,outer_test,800 ppm 4 3,168,
42,3,outer_test,1000 ppm 5 5,169,
42,3,outer_test,600 ppm 5 6,170,
42,3,outer_test,400 ppm 5 3,174,
42,3,outer_test,600 ppm 1 6,176,
42,3,outer_test,1000 ppm 1 6,181,
42,3,outer_test,800 ppm 5 2,182,
42,3,outer_test,c 2,195,
42,3,outer_test,800 ppm 2 2,196,
42,3,outer_test,400 ppm 5 9,199,
42,3,outer_test,400 ppm 2 8,200,
42,3,outer_test,400 ppm 1 4,206,
42,3,outer_test,1000 ppm 2 2,207,
42,4,outer_train,800 ppm 4 4,0,
42,4,outer_train,400 ppm 1 10,1,
42,4,outer_train,c 8,2,
42,4,outer_train,600 ppm 5 5,3,
42,4,outer_train,400 ppm 5 6,4,
42,4,outer_train,1000 ppm 4 3,5,
42,4,outer_train,1000 ppm 3 9,6,
42,4,outer_train,1000 ppm 3 10,7,
42,4,outer_train,600 ppm 3 7,8,
42,4,outer_train,800 ppm 5 7,9,
42,4,outer_train,400 ppm 4 4,11,
42,4,outer_train,800 ppm 2 8,12,
42,4,outer_train,400 ppm 3 2,13,
42,4,outer_train,800 ppm 5 8,14,
42,4,outer_train,800 ppm 5 6,15,
42,4,outer_train,800 ppm 1 8,17,
42,4,outer_train,600 ppm 3 4,20,
42,4,outer_train,800 ppm 3 9,21,
42,4,outer_train,1000 ppm 2 10,22,
42,4,outer_train,400 ppm 1 7,24,
42,4,outer_train,400 ppm 3 8,26,
42,4,outer_train,1000 ppm 5 1,27,
42,4,outer_train,800 ppm 4 5,28,
42,4,outer_train,800 ppm 2 1,29,
42,4,outer_train,800 ppm 3 1,30,
42,4,outer_train,1000 ppm 4 10,31,
42,4,outer_train,600 ppm 4 1,32,
42,4,outer_train,400 ppm 4 2,33,
42,4,outer_train,400 ppm 1 5,34,
42,4,outer_train,400 ppm 4 3,35,
42,4,outer_train,600 ppm 1 2,38,
42,4,outer_train,1000 ppm 3 7,40,
42,4,outer_train,800 ppm 4 1,42,
42,4,outer_train,400 ppm 3 7,43,
42,4,outer_train,600 ppm 2 10,44,
42,4,outer_train,400 ppm 4 8,45,
42,4,outer_train,600 ppm 1 10,47,
42,4,outer_train,800 ppm 5 5,48,
42,4,outer_train,800 ppm 3 4,49,
42,4,outer_train,400 ppm 5 4,50,
42,4,outer_train,400 ppm 5 2,51,
42,4,outer_train,1000 ppm 2 1,53,
42,4,outer_train,400 ppm 3 10,54,
42,4,outer_train,800 ppm 1 2,57,
42,4,outer_train,600 ppm 3 5,58,
42,4,outer_train,1000 ppm 1 10,60,
42,4,outer_train,800 ppm 2 5,61,
42,4,outer_train,800 ppm 5 1,63,
42,4,outer_train,1000 ppm 1 2,65,
42,4,outer_train,1000 ppm 3 3,66,
42,4,outer_train,c 9,67,
42,4,outer_train,800 ppm 3 3,70,
42,4,outer_train,1000 ppm 5 3,71,
42,4,outer_train,800 ppm 4 10,72,
42,4,outer_train,400 ppm 5 10,73,
42,4,outer_train,800 ppm 3 10,74,
42,4,outer_train,600 ppm 4 2,75,
42,4,outer_train,1000 ppm 2 5,76,
42,4,outer_train,400 ppm 2 4,77,
42,4,outer_train,600 ppm 4 6,78,
42,4,outer_train,800 ppm 2 9,79,
42,4,outer_train,c 6,80,
42,4,outer_train,600 ppm 2 9,81,
42,4,outer_train,400 ppm 2 10,83,
42,4,outer_train,600 ppm 5 9,85,
42,4,outer_train,600 ppm 4 3,86,
42,4,outer_train,600 ppm 2 3,87,
42,4,outer_train,400 ppm 1 8,88,
42,4,outer_train,800 ppm 1 7,89,
42,4,outer_train,800 ppm 2 6,91,
42,4,outer_train,1000 ppm 5 2,92,
42,4,outer_train,600 ppm 2 1,93,
42,4,outer_train,800 ppm 4 7,94,
42,4,outer_train,400 ppm 4 1,95,
42,4,outer_train,400 ppm 3 3,96,
42,4,outer_train,400 ppm 4 7,98,
42,4,outer_train,1000 ppm 2 7,99,
42,4,outer_train,400 ppm 1 1,101,
42,4,outer_train,600 ppm 3 2,103,
42,4,outer_train,400 ppm 2 5,104,
42,4,outer_train,600 ppm 4 4,105,
42,4,outer_train,600 ppm 2 8,107,
42,4,outer_train,800 ppm 5 9,108,
42,4,outer_train,600 ppm 3 6,109,
42,4,outer_train,800 ppm 2 10,110,
42,4,outer_train,1000 ppm 1 5,111,
42,4,outer_train,600 ppm 5 10,113,
42,4,outer_train,600 ppm 2 5,114,
42,4,outer_train,800 ppm 1 10,115,
42,4,outer_train,1000 ppm 3 8,117,
42,4,outer_train,400 ppm 1 6,118,
42,4,outer_train,400 ppm 2 6,119,
42,4,outer_train,1000 ppm 4 9,120,
42,4,outer_train,800 ppm 2 3,121,
42,4,outer_train,400 ppm 3 9,122,
42,4,outer_train,600 ppm 2 6,124,
42,4,outer_train,400 ppm 2 2,125,
42,4,outer_train,1000 ppm 5 7,126,
42,4,outer_train,800 ppm 1 3,127,
42,4,outer_train,400 ppm 1 3,130,
42,4,outer_train,800 ppm 4 6,131,
42,4,outer_train,600 ppm 5 4,132,
42,4,outer_train,600 ppm 4 5,133,
42,4,outer_train,400 ppm 5 7,134,
42,4,outer_train,1000 ppm 3 1,135,
42,4,outer_train,1000 ppm 2 9,136,
42,4,outer_train,600 ppm 4 9,137,
42,4,outer_train,400 ppm 2 7,138,
42,4,outer_train,400 ppm 2 9,139,
42,4,outer_train,1000 ppm 2 6,140,
42,4,outer_train,400 ppm 2 1,141,
42,4,outer_train,800 ppm 4 2,142,
42,4,outer_train,1000 ppm 5 9,143,
42,4,outer_train,400 ppm 5 8,146,
42,4,outer_train,800 ppm 1 1,147,
42,4,outer_train,c 4,148,
42,4,outer_train,1000 ppm 4 5,149,
42,4,outer_train,1000 ppm 1 1,151,
42,4,outer_train,800 ppm 1 6,153,
42,4,outer_train,1000 ppm 1 8,156,
42,4,outer_train,c 3,157,
42,4,outer_train,600 ppm 1 8,160,
42,4,outer_train,600 ppm 5 7,164,
42,4,outer_train,800 ppm 1 9,166,
42,4,outer_train,800 ppm 4 3,168,
42,4,outer_train,1000 ppm 5 5,169,
42,4,outer_train,600 ppm 5 6,170,
42,4,outer_train,400 ppm 5 3,174,
42,4,outer_train,1000 ppm 3 2,175,
42,4,outer_train,600 ppm 1 6,176,
42,4,outer_train,1000 ppm 2 8,177,
42,4,outer_train,600 ppm 1 5,178,
42,4,outer_train,600 ppm 1 9,179,
42,4,outer_train,600 ppm 2 2,180,
42,4,outer_train,1000 ppm 1 6,181,
42,4,outer_train,800 ppm 5 2,182,
42,4,outer_train,600 ppm 5 2,183,
42,4,outer_train,800 ppm 4 9,185,
42,4,outer_train,1000 ppm 5 4,186,
42,4,outer_train,600 ppm 2 4,187,
42,4,outer_train,1000 ppm 3 5,189,
42,4,outer_train,600 ppm 4 7,191,
42,4,outer_train,800 ppm 1 4,192,
42,4,outer_train,1000 ppm 1 7,193,
42,4,outer_train,1000 ppm 5 8,194,
42,4,outer_train,c 2,195,
42,4,outer_train,800 ppm 2 2,196,
42,4,outer_train,600 ppm 5 3,197,
42,4,outer_train,1000 ppm 4 4,198,
42,4,outer_train,400 ppm 5 9,199,
42,4,outer_train,400 ppm 2 8,200,
42,4,outer_train,1000 ppm 3 4,202,
42,4,outer_train,400 ppm 5 1,204,
42,4,outer_train,1000 ppm 2 4,205,
42,4,outer_train,400 ppm 1 4,206,
42,4,outer_train,1000 ppm 2 2,207,
42,4,outer_train,1000 ppm 4 7,208,
42,4,outer_test,1000 ppm 1 3,10,
42,4,outer_test,400 ppm 4 6,16,
42,4,outer_test,600 ppm 3 1,18,
42,4,outer_test,400 ppm 3 5,19,
42,4,outer_test,c 10,23,
42,4,outer_test,400 ppm 1 2,25,
42,4,outer_test,800 ppm 2 4,36,
42,4,outer_test,800 ppm 5 4,37,
42,4,outer_test,1000 ppm 1 4,39,
42,4,outer_test,1000 ppm 4 2,41,
42,4,outer_test,400 ppm 2 3,46,
42,4,outer_test,600 ppm 1 3,52,
42,4,outer_test,400 ppm 5 5,55,
42,4,outer_test,800 ppm 3 7,56,
42,4,outer_test,400 ppm 1 9,59,
42,4,outer_test,800 ppm 5 3,62,
42,4,outer_test,800 ppm 3 6,64,
42,4,outer_test,1000 ppm 4 8,68,
42,4,outer_test,800 ppm 4 8,69,
42,4,outer_test,400 ppm 4 9,82,
42,4,outer_test,c 7,84,
42,4,outer_test,800 ppm 1 5,90,
42,4,outer_test,600 ppm 2 7,97,
42,4,outer_test,600 ppm 1 7,100,
42,4,outer_test,1000 ppm 3 6,102,
42,4,outer_test,1000 ppm 1 9,106,
42,4,outer_test,800 ppm 2 7,112,
42,4,outer_test,800 ppm 3 2,116,
42,4,outer_test,1000 ppm 4 6,123,
42,4,outer_test,600 ppm 1 4,128,
42,4,outer_test,600 ppm 3 10,129,
42,4,outer_test,600 ppm 5 8,144,
42,4,outer_test,c 5,145,
42,4,outer_test,600 ppm 3 9,150,
42,4,outer_test,1000 ppm 5 10,152,
42,4,outer_test,600 ppm 5 1,154,
42,4,outer_test,600 ppm 1 1,155,
42,4,outer_test,800 ppm 5 10,158,
42,4,outer_test,400 ppm 4 5,159,
42,4,outer_test,600 ppm 3 8,161,
42,4,outer_test,800 ppm 3 8,162,
42,4,outer_test,1000 ppm 5 6,163,
42,4,outer_test,600 ppm 4 8,165,
42,4,outer_test,800 ppm 3 5,167,
42,4,outer_test,400 ppm 3 1,171,
42,4,outer_test,400 ppm 3 6,172,
42,4,outer_test,600 ppm 4 10,173,
42,4,outer_test,1000 ppm 4 1,184,
42,4,outer_test,400 ppm 4 10,188,
42,4,outer_test,600 ppm 3 3,190,
42,4,outer_test,400 ppm 3 4,201,
42,4,outer_test,1000 ppm 2 3,203,
