task,backbone,seed,fold,best_epoch,selection,inference,dataset_index,sample_id,group,residue_mg_cm2,target,prediction,view_count,view_instability,residual,baseline_prediction,baseline_median
icp_regression,resnet50,42,1,4,inner_refit,single,3,600 ppm 5 5,,3.07249289,3.07249289,3.7631349563598633,1,0.0,-0.6906420663598634,3.21810384298077,3.0988216315
icp_regression,resnet50,42,1,4,inner_refit,single,5,1000 ppm 4 3,,7.189555601,7.189555601,4.116982936859131,1,0.0,3.0725726641408695,3.21810384298077,3.0988216315
icp_regression,resnet50,42,1,4,inner_refit,single,6,1000 ppm 3 9,,6.405368276,6.405368276,4.160128593444824,1,0.0,2.2452396825551757,3.21810384298077,3.0988216315
icp_regression,resnet50,42,1,4,inner_refit,single,7,1000 ppm 3 10,,4.236281385,4.236281385,3.5600407123565674,1,0.0,0.6762406726434325,3.21810384298077,3.0988216315
icp_regression,resnet50,42,1,4,inner_refit,single,8,600 ppm 3 7,,2.508319707,2.508319707,2.9610588550567627,1,0.0,-0.45273914805676263,3.21810384298077,3.0988216315
icp_regression,resnet50,42,1,4,inner_refit,single,9,800 ppm 5 7,,3.900390988,3.900390988,3.5443849563598633,1,0.0,0.35600603164013656,3.21810384298077,3.0988216315
icp_regression,resnet50,42,1,4,inner_refit,single,11,400 ppm 4 4,,2.489788579,2.489788579,3.389674186706543,1,0.0,-0.8998856077065431,3.21810384298077,3.0988216315
icp_regression,resnet50,42,1,4,inner_refit,single,12,800 ppm 2 8,,2.765988542,2.765988542,3.8383641242980957,1,0.0,-1.0723755822980956,3.21810384298077,3.0988216315
icp_regression,resnet50,42,1,4,inner_refit,single,13,400 ppm 3 2,,1.924704767,1.924704767,3.0123050212860107,1,0.0,-1.0876002542860108,3.21810384298077,3.0988216315
icp_regression,resnet50,42,1,4,inner_refit,single,21,800 ppm 3 9,,3.382216957,3.382216957,3.3774800300598145,1,0.0,0.004736926940185349,3.21810384298077,3.0988216315
icp_regression,resnet50,42,1,4,inner_refit,single,27,1000 ppm 5 1,,3.059802771,3.059802771,3.6306145191192627,1,0.0,-0.5708117481192625,3.21810384298077,3.0988216315
icp_regression,resnet50,42,1,4,inner_refit,single,28,800 ppm 4 5,,2.521832891,2.521832891,3.196885824203491,1,0.0,-0.6750529332034914,3.21810384298077,3.0988216315
icp_regression,resnet50,42,1,4,inner_refit,single,29,800 ppm 2 1,,4.06487884,4.06487884,3.3455734252929688,1,0.0,0.7193054147070317,3.21810384298077,3.0988216315
icp_regression,resnet50,42,1,4,inner_refit,single,34,400 ppm 1 5,,2.341339231,2.341339231,3.77163028717041,1,0.0,-1.43029105617041,3.21810384298077,3.0988216315
icp_regression,resnet50,42,1,4,inner_refit,single,45,400 ppm 4 8,,2.558849953,2.558849953,2.5193357467651367,1,0.0,0.03951420623486346,3.21810384298077,3.0988216315
icp_regression,resnet50,42,1,4,inner_refit,single,49,800 ppm 3 4,,3.337767404,3.337767404,3.0020551681518555,1,0.0,0.3357122358481446,3.21810384298077,3.0988216315
icp_regression,resnet50,42,1,4,inner_refit,single,53,1000 ppm 2 1,,3.63646254,3.63646254,3.576037645339966,1,0.0,0.06042489466003431,3.21810384298077,3.0988216315
icp_regression,resnet50,42,1,4,inner_refit,single,54,400 ppm 3 10,,3.10781821,3.10781821,3.2465596199035645,1,0.0,-0.13874140990356443,3.21810384298077,3.0988216315
icp_regression,resnet50,42,1,4,inner_refit,single,66,1000 ppm 3 3,,3.51299382,3.51299382,3.555405378341675,1,0.0,-0.04241155834167465,3.21810384298077,3.0988216315
icp_regression,resnet50,42,1,4,inner_refit,single,67,c 9,,0.057884192,0.057884192,2.606397867202759,1,0.0,-2.548513675202759,3.21810384298077,3.0988216315
icp_regression,resnet50,42,1,4,inner_refit,single,70,800 ppm 3 3,,3.888822319,3.888822319,3.605522632598877,1,0.0,0.283299686401123,3.21810384298077,3.0988216315
icp_regression,resnet50,42,1,4,inner_refit,single,79,800 ppm 2 9,,4.519795322,4.519795322,3.6155717372894287,1,0.0,0.9042235847105715,3.21810384298077,3.0988216315
icp_regression,resnet50,42,1,4,inner_refit,single,81,600 ppm 2 9,,3.516388075,3.516388075,3.93772029876709,1,0.0,-0.4213322237670898,3.21810384298077,3.0988216315
icp_regression,resnet50,42,1,4,inner_refit,single,83,400 ppm 2 10,,2.028021582,2.028021582,3.429321050643921,1,0.0,-1.4012994686439209,3.21810384298077,3.0988216315
icp_regression,resnet50,42,1,4,inner_refit,single,94,800 ppm 4 7,,2.433103134,2.433103134,3.5008420944213867,1,0.0,-1.0677389604213867,3.21810384298077,3.0988216315
icp_regression,resnet50,42,1,4,inner_refit,single,99,1000 ppm 2 7,,2.945844467,2.945844467,3.760308265686035,1,0.0,-0.814463798686035,3.21810384298077,3.0988216315
icp_regression,resnet50,42,1,4,inner_refit,single,108,800 ppm 5 9,,4.625114916,4.625114916,4.210862159729004,1,0.0,0.41425275627099634,3.21810384298077,3.0988216315
icp_regression,resnet50,42,1,4,inner_refit,single,109,600 ppm 3 6,,2.589302372,2.589302372,3.2215607166290283,1,0.0,-0.6322583446290282,3.21810384298077,3.0988216315
icp_regression,resnet50,42,1,4,inner_refit,single,111,1000 ppm 1 5,,5.633915275,5.633915275,3.746018409729004,1,0.0,1.8878968652709958,3.21810384298077,3.0988216315
icp_regression,resnet50,42,1,4,inner_refit,single,113,600 ppm 5 10,,2.366026608,2.366026608,2.952366352081299,1,0.0,-0.586339744081299,3.21810384298077,3.0988216315
icp_regression,resnet50,42,1,4,inner_refit,single,114,600 ppm 2 5,,7.364696779,7.364696779,4.4241132736206055,1,0.0,2.9405835053793945,3.21810384298077,3.0988216315
icp_regression,resnet50,42,1,4,inner_refit,single,115,800 ppm 1 10,,3.305771452,3.305771452,4.069206237792969,1,0.0,-0.7634347857929686,3.21810384298077,3.0988216315
icp_regression,resnet50,42,1,4,inner_refit,single,117,1000 ppm 3 8,,3.306848768,3.306848768,3.752976894378662,1,0.0,-0.44612812637866206,3.21810384298077,3.0988216315
icp_regression,resnet50,42,1,4,inner_refit,single,121,800 ppm 2 3,,4.083341711,4.083341711,4.025091171264648,1,0.0,0.05825053973535166,3.21810384298077,3.0988216315
icp_regression,resnet50,42,1,4,inner_refit,single,126,1000 ppm 5 7,,3.420269793,3.420269793,3.8072798252105713,1,0.0,-0.3870100322105712,3.21810384298077,3.0988216315
icp_regression,resnet50,42,1,4,inner_refit,single,130,400 ppm 1 3,,2.14727081,2.14727081,3.9047017097473145,1,0.0,-1.7574308997473143,3.21810384298077,3.0988216315
icp_regression,resnet50,42,1,4,inner_refit,single,131,800 ppm 4 6,,2.875276352,2.875276352,3.265038251876831,1,0.0,-0.38976189987683085,3.21810384298077,3.0988216315
icp_regression,resnet50,42,1,4,inner_refit,single,132,600 ppm 5 4,,1.814695158,1.814695158,3.296135663986206,1,0.0,-1.4814405059862061,3.21810384298077,3.0988216315
icp_regression,resnet50,42,1,4,inner_refit,single,138,400 ppm 2 7,,2.096952551,2.096952551,3.399686574935913,1,0.0,-1.3027340239359129,3.21810384298077,3.0988216315
icp_regression,resnet50,42,1,4,inner_refit,single,143,1000 ppm 5 9,,3.907491301,3.907491301,3.457695722579956,1,0.0,0.4497955784200438,3.21810384298077,3.0988216315
icp_regression,resnet50,42,1,4,inner_refit,single,146,400 ppm 5 8,,1.963308029,1.963308029,4.390151023864746,1,0.0,-2.426842994864746,3.21810384298077,3.0988216315
icp_regression,resnet50,42,1,4,inner_refit,single,148,c 4,,0.028773772,0.028773772,2.721086025238037,1,0.0,-2.692312253238037,3.21810384298077,3.0988216315
icp_regression,resnet50,42,1,4,inner_refit,single,156,1000 ppm 1 8,,2.743553968,2.743553968,3.257413148880005,1,0.0,-0.5138591808800048,3.21810384298077,3.0988216315
icp_regression,resnet50,42,1,4,inner_refit,single,157,c 3,,0.03666858,0.03666858,2.9800524711608887,1,0.0,-2.9433838911608885,3.21810384298077,3.0988216315
icp_regression,resnet50,42,1,4,inner_refit,single,166,800 ppm 1 9,,4.20466345,4.20466345,4.518917083740234,1,0.0,-0.3142536337402344,3.21810384298077,3.0988216315
icp_regression,resnet50,42,1,4,inner_refit,single,175,1000 ppm 3 2,,5.16842706,5.16842706,3.594698905944824,1,0.0,1.5737281540551757,3.21810384298077,3.0988216315
icp_regression,resnet50,42,1,4,inner_refit,single,186,1000 ppm 5 4,,4.896407171,4.896407171,3.655144691467285,1,0.0,1.2412624795327147,3.21810384298077,3.0988216315
icp_regression,resnet50,42,1,4,inner_refit,single,189,1000 ppm 3 5,,3.571688657,3.571688657,4.200653076171875,1,0.0,-0.6289644191718748,3.21810384298077,3.0988216315
icp_regression,resnet50,42,1,4,inner_refit,single,192,800 ppm 1 4,,3.526156319,3.526156319,3.973062038421631,1,0.0,-0.4469057194216308,3.21810384298077,3.0988216315
icp_regression,resnet50,42,1,4,inner_refit,single,193,1000 ppm 1 7,,13.21918184,13.21918184,5.254125595092773,1,0.0,7.965056244907226,3.21810384298077,3.0988216315
icp_regression,resnet50,42,1,4,inner_refit,single,202,1000 ppm 3 4,,3.664180216,3.664180216,3.8169875144958496,1,0.0,-0.1528072984958495,3.21810384298077,3.0988216315
icp_regression,resnet50,42,1,4,inner_refit,single,204,400 ppm 5 1,,2.488451456,2.488451456,3.668015718460083,1,0.0,-1.179564262460083,3.21810384298077,3.0988216315
icp_regression,resnet50,42,1,4,inner_refit,single,205,1000 ppm 2 4,,2.575755666,2.575755666,3.65812349319458,1,0.0,-1.08236782719458,3.21810384298077,3.0988216315
icp_regression,resnet50,42,1,4,inner_refit,d4_mean,3,600 ppm 5 5,,3.07249289,3.07249289,4.023942470550537,8,0.3111523389816284,-0.9514495805505372,3.21810384298077,3.0988216315
icp_regression,resnet50,42,1,4,inner_refit,d4_mean,5,1000 ppm 4 3,,7.189555601,7.189555601,4.181557655334473,8,0.15072603523731232,3.0079979456655277,3.21810384298077,3.0988216315
icp_regression,resnet50,42,1,4,inner_refit,d4_mean,6,1000 ppm 3 9,,6.405368276,6.405368276,4.350712299346924,8,0.26778456568717957,2.054655976653076,3.21810384298077,3.0988216315
icp_regression,resnet50,42,1,4,inner_refit,d4_mean,7,1000 ppm 3 10,,4.236281385,4.236281385,3.609135866165161,8,0.15475988388061523,0.6271455188348387,3.21810384298077,3.0988216315
icp_regression,resnet50,42,1,4,inner_refit,d4_mean,8,600 ppm 3 7,,2.508319707,2.508319707,3.2086551189422607,8,0.20981664955615997,-0.7003354119422607,3.21810384298077,3.0988216315
icp_regression,resnet50,42,1,4,inner_refit,d4_mean,9,800 ppm 5 7,,3.900390988,3.900390988,3.4978702068328857,8,0.252516508102417,0.4025207811671141,3.21810384298077,3.0988216315
icp_regression,resnet50,42,1,4,inner_refit,d4_mean,11,400 ppm 4 4,,2.489788579,2.489788579,3.5343236923217773,8,0.229159414768219,-1.0445351133217775,3.21810384298077,3.0988216315
icp_regression,resnet50,42,1,4,inner_refit,d4_mean,12,800 ppm 2 8,,2.765988542,2.765988542,3.9624359607696533,8,0.2226397842168808,-1.1964474187696532,3.21810384298077,3.0988216315
icp_regression,resnet50,42,1,4,inner_refit,d4_mean,13,400 ppm 3 2,,1.924704767,1.924704767,3.3103795051574707,8,0.210200235247612,-1.3856747381574708,3.21810384298077,3.0988216315
icp_regression,resnet50,42,1,4,inner_refit,d4_mean,21,800 ppm 3 9,,3.382216957,3.382216957,3.3307149410247803,8,0.2477600872516632,0.05150201597521953,3.21810384298077,3.0988216315
icp_regression,resnet50,42,1,4,inner_refit,d4_mean,27,1000 ppm 5 1,,3.059802771,3.059802771,3.640855312347412,8,0.18992839753627777,-0.5810525413474119,3.21810384298077,3.0988216315
icp_regression,resnet50,42,1,4,inner_refit,d4_mean,28,800 ppm 4 5,,2.521832891,2.521832891,3.427762746810913,8,0.2735483944416046,-0.9059298558109132,3.21810384298077,3.0988216315
icp_regression,resnet50,42,1,4,inner_refit,d4_mean,29,800 ppm 2 1,,4.06487884,4.06487884,3.575289011001587,8,0.18702749907970428,0.4895898289984135,3.21810384298077,3.0988216315
icp_regression,resnet50,42,1,4,inner_refit,d4_mean,34,400 ppm 1 5,,2.341339231,2.341339231,3.713926315307617,8,0.13591085374355316,-1.3725870843076171,3.21810384298077,3.0988216315
icp_regression,resnet50,42,1,4,inner_refit,d4_mean,45,400 ppm 4 8,,2.558849953,2.558849953,2.686440944671631,8,0.21921850740909576,-0.12759099167163068,3.21810384298077,3.0988216315
icp_regression,resnet50,42,1,4,inner_refit,d4_mean,49,800 ppm 3 4,,3.337767404,3.337767404,2.9273157119750977,8,0.1265936642885208,0.4104516920249024,3.21810384298077,3.0988216315
icp_regression,resnet50,42,1,4,inner_refit,d4_mean,53,1000 ppm 2 1,,3.63646254,3.63646254,3.7886877059936523,8,0.23364651203155518,-0.1522251659936522,3.21810384298077,3.0988216315
icp_regression,resnet50,42,1,4,inner_refit,d4_mean,54,400 ppm 3 10,,3.10781821,3.10781821,3.6614017486572266,8,0.22963599860668182,-0.5535835386572265,3.21810384298077,3.0988216315
icp_regression,resnet50,42,1,4,inner_refit,d4_mean,66,1000 ppm 3 3,,3.51299382,3.51299382,3.5888068675994873,8,0.17638806998729706,-0.07581304759948715,3.21810384298077,3.0988216315
icp_regression,resnet50,42,1,4,inner_refit,d4_mean,67,c 9,,0.057884192,0.057884192,2.734443187713623,8,0.10787107050418854,-2.676558995713623,3.21810384298077,3.0988216315
icp_regression,resnet50,42,1,4,inner_refit,d4_mean,70,800 ppm 3 3,,3.888822319,3.888822319,3.6158931255340576,8,0.1575334072113037,0.27292919346594235,3.21810384298077,3.0988216315
icp_regression,resnet50,42,1,4,inner_refit,d4_mean,79,800 ppm 2 9,,4.519795322,4.519795322,3.706444501876831,8,0.12339868396520615,0.8133508201231692,3.21810384298077,3.0988216315
icp_regression,resnet50,42,1,4,inner_refit,d4_mean,81,600 ppm 2 9,,3.516388075,3.516388075,3.8995535373687744,8,0.20021048188209534,-0.38316546236877436,3.21810384298077,3.0988216315
icp_regression,resnet50,42,1,4,inner_refit,d4_mean,83,400 ppm 2 10,,2.028021582,2.028021582,3.656797409057617,8,0.22399242222309113,-1.6287758270576171,3.21810384298077,3.0988216315
icp_regression,resnet50,42,1,4,inner_refit,d4_mean,94,800 ppm 4 7,,2.433103134,2.433103134,3.707929849624634,8,0.21531318128108978,-1.2748267156246338,3.21810384298077,3.0988216315
icp_regression,resnet50,42,1,4,inner_refit,d4_mean,99,1000 ppm 2 7,,2.945844467,2.945844467,4.145183563232422,8,0.3408578336238861,-1.1993390962324217,3.21810384298077,3.0988216315
icp_regression,resnet50,42,1,4,inner_refit,d4_mean,108,800 ppm 5 9,,4.625114916,4.625114916,4.150261402130127,8,0.16802270710468292,0.4748535138698733,3.21810384298077,3.0988216315
icp_regression,resnet50,42,1,4,inner_refit,d4_mean,109,600 ppm 3 6,,2.589302372,2.589302372,3.105081796646118,8,0.2811589241027832,-0.515779424646118,3.21810384298077,3.0988216315
icp_regression,resnet50,42,1,4,inner_refit,d4_mean,111,1000 ppm 1 5,,5.633915275,5.633915275,3.5513827800750732,8,0.20987731218338013,2.0825324949249264,3.21810384298077,3.0988216315
icp_regression,resnet50,42,1,4,inner_refit,d4_mean,113,600 ppm 5 10,,2.366026608,2.366026608,3.122079849243164,8,0.25396037101745605,-0.7560532412431642,3.21810384298077,3.0988216315
icp_regression,resnet50,42,1,4,inner_refit,d4_mean,114,600 ppm 2 5,,7.364696779,7.364696779,4.439070224761963,8,0.20116621255874634,2.925626554238037,3.21810384298077,3.0988216315
icp_regression,resnet50,42,1,4,inner_refit,d4_mean,115,800 ppm 1 10,,3.305771452,3.305771452,3.993776321411133,8,0.2896551191806793,-0.6880048694111327,3.21810384298077,3.0988216315
icp_regression,resnet50,42,1,4,inner_refit,d4_mean,117,1000 ppm 3 8,,3.306848768,3.306848768,3.931931495666504,8,0.26648199558258057,-0.6250827276665039,3.21810384298077,3.0988216315
icp_regression,resnet50,42,1,4,inner_refit,d4_mean,121,800 ppm 2 3,,4.083341711,4.083341711,3.97780704498291,8,0.17670032382011414,0.10553466601708994,3.21810384298077,3.0988216315
icp_regression,resnet50,42,1,4,inner_refit,d4_mean,126,1000 ppm 5 7,,3.420269793,3.420269793,3.875490188598633,8,0.28933075070381165,-0.4552203955986327,3.21810384298077,3.0988216315
icp_regression,resnet50,42,1,4,inner_refit,d4_mean,130,400 ppm 1 3,,2.14727081,2.14727081,3.8696513175964355,8,0.20426595211029053,-1.7223805075964354,3.21810384298077,3.0988216315
icp_regression,resnet50,42,1,4,inner_refit,d4_mean,131,800 ppm 4 6,,2.875276352,2.875276352,3.4657511711120605,8,0.23257602751255035,-0.5904748191120603,3.21810384298077,3.0988216315
icp_regression,resnet50,42,1,4,inner_refit,d4_mean,132,600 ppm 5 4,,1.814695158,1.814695158,3.2989068031311035,8,0.18989382684230804,-1.4842116451311036,3.21810384298077,3.0988216315
icp_regression,resnet50,42,1,4,inner_refit,d4_mean,138,400 ppm 2 7,,2.096952551,2.096952551,3.798689365386963,8,0.273693323135376,-1.7017368143869627,3.21810384298077,3.0988216315
icp_regression,resnet50,42,1,4,inner_refit,d4_mean,143,1000 ppm 5 9,,3.907491301,3.907491301,3.8097615242004395,8,0.33948802947998047,0.09772977679956041,3.21810384298077,3.0988216315
icp_regression,resnet50,42,1,4,inner_refit,d4_mean,146,400 ppm 5 8,,1.963308029,1.963308029,4.33454704284668,8,0.1757323443889618,-2.3712390138466795,3.21810384298077,3.0988216315
icp_regression,resnet50,42,1,4,inner_refit,d4_mean,148,c 4,,0.028773772,0.028773772,2.827482223510742,8,0.21259911358356476,-2.798708451510742,3.21810384298077,3.0988216315
icp_regression,resnet50,42,1,4,inner_refit,d4_mean,156,1000 ppm 1 8,,2.743553968,2.743553968,3.502786159515381,8,0.1919509470462799,-0.7592321915153808,3.21810384298077,3.0988216315
icp_regression,resnet50,42,1,4,inner_refit,d4_mean,157,c 3,,0.03666858,0.03666858,3.051499843597412,8,0.42048925161361694,-3.014831263597412,3.21810384298077,3.0988216315
icp_regression,resnet50,42,1,4,inner_refit,d4_mean,166,800 ppm 1 9,,4.20466345,4.20466345,4.484644889831543,8,0.0944707915186882,-0.279981439831543,3.21810384298077,3.0988216315
icp_regression,resnet50,42,1,4,inner_refit,d4_mean,175,1000 ppm 3 2,,5.16842706,5.16842706,3.651291847229004,8,0.26046597957611084,1.517135212770996,3.21810384298077,3.0988216315
icp_regression,resnet50,42,1,4,inner_refit,d4_mean,186,1000 ppm 5 4,,4.896407171,4.896407171,3.8813281059265137,8,0.36925992369651794,1.0150790650734862,3.21810384298077,3.0988216315
icp_regression,resnet50,42,1,4,inner_refit,d4_mean,189,1000 ppm 3 5,,3.571688657,3.571688657,4.231168270111084,8,0.17688743770122528,-0.6594796131110838,3.21810384298077,3.0988216315
icp_regression,resnet50,42,1,4,inner_refit,d4_mean,192,800 ppm 1 4,,3.526156319,3.526156319,4.009230613708496,8,0.19810473918914795,-0.48307429470849605,3.21810384298077,3.0988216315
icp_regression,resnet50,42,1,4,inner_refit,d4_mean,193,1000 ppm 1 7,,13.21918184,13.21918184,4.828684329986572,8,0.27178284525871277,8.390497510013427,3.21810384298077,3.0988216315
icp_regression,resnet50,42,1,4,inner_refit,d4_mean,202,1000 ppm 3 4,,3.664180216,3.664180216,3.962076187133789,8,0.22179241478443146,-0.29789597113378896,3.21810384298077,3.0988216315
icp_regression,resnet50,42,1,4,inner_refit,d4_mean,204,400 ppm 5 1,,2.488451456,2.488451456,3.880815029144287,8,0.2606072425842285,-1.3923635731442872,3.21810384298077,3.0988216315
icp_regression,resnet50,42,1,4,inner_refit,d4_mean,205,1000 ppm 2 4,,2.575755666,2.575755666,3.6810362339019775,8,0.1550353765487671,-1.1052805679019775,3.21810384298077,3.0988216315
icp_regression,resnet50,42,2,20,inner_refit,single,0,800 ppm 4 4,,2.946573479,2.946573479,2.1566600799560547,1,0.0,0.7899133990439453,3.2254064493312105,3.100781702
icp_regression,resnet50,42,2,20,inner_refit,single,1,400 ppm 1 10,,2.439106538,2.439106538,2.332808494567871,1,0.0,0.10629804343212879,3.2254064493312105,3.100781702
icp_regression,resnet50,42,2,20,inner_refit,single,2,c 8,,0.026443476,0.026443476,0.15055784583091736,1,0.0,-0.12411436983091736,3.2254064493312105,3.100781702
icp_regression,resnet50,42,2,20,inner_refit,single,14,800 ppm 5 8,,1.813308383,1.813308383,3.2814133167266846,1,0.0,-1.4681049337266845,3.2254064493312105,3.100781702
icp_regression,resnet50,42,2,20,inner_refit,single,20,600 ppm 3 4,,2.760653598,2.760653598,2.974295139312744,1,0.0,-0.21364154131274393,3.2254064493312105,3.100781702
icp_regression,resnet50,42,2,20,inner_refit,single,22,1000 ppm 2 10,,3.02169275,3.02169275,3.181201457977295,1,0.0,-0.15950870797729477,3.2254064493312105,3.100781702
icp_regression,resnet50,42,2,20,inner_refit,single,30,800 ppm 3 1,,3.635232962,3.635232962,1.9712401628494263,1,0.0,1.6639927991505736,3.2254064493312105,3.100781702
icp_regression,resnet50,42,2,20,inner_refit,single,35,400 ppm 4 3,,1.918214246,1.918214246,2.03867244720459,1,0.0,-0.12045820120458983,3.2254064493312105,3.100781702
icp_regression,resnet50,42,2,20,inner_refit,single,38,600 ppm 1 2,,3.709535965,3.709535965,2.275219202041626,1,0.0,1.4343167629583742,3.2254064493312105,3.100781702
icp_regression,resnet50,42,2,20,inner_refit,single,43,400 ppm 3 7,,0.89575865,0.89575865,1.2906790971755981,1,0.0,-0.39492044717559815,3.2254064493312105,3.100781702
icp_regression,resnet50,42,2,20,inner_refit,single,44,600 ppm 2 10,,5.751181016,5.751181016,4.070577144622803,1,0.0,1.6806038713771976,3.2254064493312105,3.100781702
icp_regression,resnet50,42,2,20,inner_refit,single,48,800 ppm 5 5,,2.12508079,2.12508079,3.2828755378723145,1,0.0,-1.1577947478723143,3.2254064493312105,3.100781702
icp_regression,resnet50,42,2,20,inner_refit,single,51,400 ppm 5 2,,2.358077692,2.358077692,2.0365235805511475,1,0.0,0.3215541114488527,3.2254064493312105,3.100781702
icp_regression,resnet50,42,2,20,inner_refit,single,57,800 ppm 1 2,,2.433875926,2.433875926,3.7202298641204834,1,0.0,-1.2863539381204836,3.2254064493312105,3.100781702
icp_regression,resnet50,42,2,20,inner_refit,single,58,600 ppm 3 5,,3.400726676,3.400726676,1.4295334815979004,1,0.0,1.9711931944020997,3.2254064493312105,3.100781702
icp_regression,resnet50,42,2,20,inner_refit,single,61,800 ppm 2 5,,2.123468918,2.123468918,1.7111570835113525,1,0.0,0.4123118344886474,3.2254064493312105,3.100781702
icp_regression,resnet50,42,2,20,inner_refit,single,71,1000 ppm 5 3,,3.480640553,3.480640553,1.8735101222991943,1,0.0,1.6071304307008059,3.2254064493312105,3.100781702
icp_regression,resnet50,42,2,20,inner_refit,single,73,400 ppm 5 10,,6.150568182,6.150568182,3.3538665771484375,1,0.0,2.7967016048515623,3.2254064493312105,3.100781702
icp_regression,resnet50,42,2,20,inner_refit,single,76,1000 ppm 2 5,,3.820821694,3.820821694,3.1459097862243652,1,0.0,0.6749119077756349,3.2254064493312105,3.100781702
icp_regression,resnet50,42,2,20,inner_refit,single,77,400 ppm 2 4,,2.142971305,2.142971305,3.137272357940674,1,0.0,-0.9943010529406737,3.2254064493312105,3.100781702
icp_regression,resnet50,42,2,20,inner_refit,single,78,600 ppm 4 6,,2.917928606,2.917928606,2.5845956802368164,1,0.0,0.3333329257631834,3.2254064493312105,3.100781702
icp_regression,resnet50,42,2,20,inner_refit,single,80,c 6,,0.063760031,0.063760031,0.7094428539276123,1,0.0,-0.6456828229276124,3.2254064493312105,3.100781702
icp_regression,resnet50,42,2,20,inner_refit,single,89,800 ppm 1 7,,3.238793179,3.238793179,3.076206922531128,1,0.0,0.16258625646887204,3.2254064493312105,3.100781702
icp_regression,resnet50,42,2,20,inner_refit,single,92,1000 ppm 5 2,,4.757997682,4.757997682,2.8796191215515137,1,0.0,1.8783785604484864,3.2254064493312105,3.100781702
icp_regression,resnet50,42,2,20,inner_refit,single,93,600 ppm 2 1,,4.813990004,4.813990004,3.5638301372528076,1,0.0,1.2501598667471923,3.2254064493312105,3.100781702
icp_regression,resnet50,42,2,20,inner_refit,single,95,400 ppm 4 1,,3.41261835,3.41261835,3.171860933303833,1,0.0,0.2407574166961668,3.2254064493312105,3.100781702
icp_regression,resnet50,42,2,20,inner_refit,single,105,600 ppm 4 4,,4.722478116,4.722478116,2.181452751159668,1,0.0,2.5410253648403316,3.2254064493312105,3.100781702
icp_regression,resnet50,42,2,20,inner_refit,single,107,600 ppm 2 8,,2.425778023,2.425778023,2.680009126663208,1,0.0,-0.2542311036632081,3.2254064493312105,3.100781702
icp_regression,resnet50,42,2,20,inner_refit,single,118,400 ppm 1 6,,2.131122072,2.131122072,2.6790173053741455,1,0.0,-0.5478952333741454,3.2254064493312105,3.100781702
icp_regression,resnet50,42,2,20,inner_refit,single,120,1000 ppm 4 9,,6.363669718,6.363669718,4.829365253448486,1,0.0,1.5343044645515134,3.2254064493312105,3.100781702
icp_regression,resnet50,42,2,20,inner_refit,single,122,400 ppm 3 9,,1.584373627,1.584373627,1.5346107482910156,1,0.0,0.049762878708984326,3.2254064493312105,3.100781702
icp_regression,resnet50,42,2,20,inner_refit,single,124,600 ppm 2 6,,5.169349346,5.169349346,4.803114414215088,1,0.0,0.36623493178491184,3.2254064493312105,3.100781702
icp_regression,resnet50,42,2,20,inner_refit,single,133,600 ppm 4 5,,3.062108267,3.062108267,2.7634637355804443,1,0.0,0.2986445314195558,3.2254064493312105,3.100781702
icp_regression,resnet50,42,2,20,inner_refit,single,137,600 ppm 4 9,,6.74653579,6.74653579,3.5956621170043945,1,0.0,3.1508736729956057,3.2254064493312105,3.100781702
icp_regression,resnet50,42,2,20,inner_refit,single,139,400 ppm 2 9,,3.092722153,3.092722153,3.141364812850952,1,0.0,-0.048642659850952175,3.2254064493312105,3.100781702
icp_regression,resnet50,42,2,20,inner_refit,single,147,800 ppm 1 1,,3.206888056,3.206888056,3.2830114364624023,1,0.0,-0.07612338046240241,3.2254064493312105,3.100781702
icp_regression,resnet50,42,2,20,inner_refit,single,149,1000 ppm 4 5,,5.501306043,5.501306043,2.54937744140625,1,0.0,2.9519286015937496,3.2254064493312105,3.100781702
icp_regression,resnet50,42,2,20,inner_refit,single,151,1000 ppm 1 1,,5.764585045,5.764585045,2.7019848823547363,1,0.0,3.0626001626452632,3.2254064493312105,3.100781702
icp_regression,resnet50,42,2,20,inner_refit,single,160,600 ppm 1 8,,3.375017339,3.375017339,2.4964077472686768,1,0.0,0.878609591731323,3.2254064493312105,3.100781702
icp_regression,resnet50,42,2,20,inner_refit,single,164,600 ppm 5 7,,2.199153042,2.199153042,1.7236840724945068,1,0.0,0.475468969505493,3.2254064493312105,3.100781702
icp_regression,resnet50,42,2,20,inner_refit,single,177,1000 ppm 2 8,,8.920432073,8.920432073,5.190288543701172,1,0.0,3.7301435292988288,3.2254064493312105,3.100781702
icp_regression,resnet50,42,2,20,inner_refit,single,178,600 ppm 1 5,,2.578333626,2.578333626,3.120307207107544,1,0.0,-0.5419735811075439,3.2254064493312105,3.100781702
icp_regression,resnet50,42,2,20,inner_refit,single,179,600 ppm 1 9,,2.309240059,2.309240059,2.674687623977661,1,0.0,-0.3654475649776612,3.2254064493312105,3.100781702
icp_regression,resnet50,42,2,20,inner_refit,single,180,600 ppm 2 2,,3.987730061,3.987730061,3.971278429031372,1,0.0,0.01645163196862809,3.2254064493312105,3.100781702
icp_regression,resnet50,42,2,20,inner_refit,single,183,600 ppm 5 2,,2.267431961,2.267431961,1.4284006357192993,1,0.0,0.8390313252807009,3.2254064493312105,3.100781702
icp_regression,resnet50,42,2,20,inner_refit,single,185,800 ppm 4 9,,1.601926465,1.601926465,2.0065929889678955,1,0.0,-0.4046665239678955,3.2254064493312105,3.100781702
icp_regression,resnet50,42,2,20,inner_refit,single,187,600 ppm 2 4,,5.228335334,5.228335334,3.2675795555114746,1,0.0,1.960755778488525,3.2254064493312105,3.100781702
icp_regression,resnet50,42,2,20,inner_refit,single,191,600 ppm 4 7,,3.434518809,3.434518809,2.652437210083008,1,0.0,0.7820815989169922,3.2254064493312105,3.100781702
icp_regression,resnet50,42,2,20,inner_refit,single,194,1000 ppm 5 8,,3.570707045,3.570707045,3.879241466522217,1,0.0,-0.308534421522217,3.2254064493312105,3.100781702
icp_regression,resnet50,42,2,20,inner_refit,single,197,600 ppm 5 3,,3.545661039,3.545661039,3.1213033199310303,1,0.0,0.4243577190689698,3.2254064493312105,3.100781702
icp_regression,resnet50,42,2,20,inner_refit,single,198,1000 ppm 4 4,,4.912650043,4.912650043,3.42637300491333,1,0.0,1.48627703808667,3.2254064493312105,3.100781702
icp_regression,resnet50,42,2,20,inner_refit,single,208,1000 ppm 4 7,,4.80521563,4.80521563,3.089801073074341,1,0.0,1.7154145569256594,3.2254064493312105,3.100781702
icp_regression,resnet50,42,2,20,inner_refit,d4_mean,0,800 ppm 4 4,,2.946573479,2.946573479,2.794434070587158,8,0.3492363691329956,0.1521394084128418,3.2254064493312105,3.100781702
icp_regression,resnet50,42,2,20,inner_refit,d4_mean,1,400 ppm 1 10,,2.439106538,2.439106538,2.3266830444335938,8,0.30162808299064636,0.11242349356640613,3.2254064493312105,3.100781702
icp_regression,resnet50,42,2,20,inner_refit,d4_mean,2,c 8,,0.026443476,0.026443476,0.4186965525150299,8,0.35206788778305054,-0.3922530765150299,3.2254064493312105,3.100781702
icp_regression,resnet50,42,2,20,inner_refit,d4_mean,14,800 ppm 5 8,,1.813308383,1.813308383,4.0846333503723145,8,0.7823693752288818,-2.2713249673723146,3.2254064493312105,3.100781702
icp_regression,resnet50,42,2,20,inner_refit,d4_mean,20,600 ppm 3 4,,2.760653598,2.760653598,3.2712738513946533,8,0.2862309217453003,-0.5106202533946531,3.2254064493312105,3.100781702
icp_regression,resnet50,42,2,20,inner_refit,d4_mean,22,1000 ppm 2 10,,3.02169275,3.02169275,3.5671260356903076,8,0.5900704860687256,-0.5454332856903075,3.2254064493312105,3.100781702
icp_regression,resnet50,42,2,20,inner_refit,d4_mean,30,800 ppm 3 1,,3.635232962,3.635232962,2.363780975341797,8,0.31449469923973083,1.271451986658203,3.2254064493312105,3.100781702
icp_regression,resnet50,42,2,20,inner_refit,d4_mean,35,400 ppm 4 3,,1.918214246,1.918214246,2.258413076400757,8,0.3369446098804474,-0.3401988304007568,3.2254064493312105,3.100781702
icp_regression,resnet50,42,2,20,inner_refit,d4_mean,38,600 ppm 1 2,,3.709535965,3.709535965,2.7373526096343994,8,0.2977529466152191,0.9721833553656007,3.2254064493312105,3.100781702
icp_regression,resnet50,42,2,20,inner_refit,d4_mean,43,400 ppm 3 7,,0.89575865,0.89575865,1.4864763021469116,8,0.33519285917282104,-0.5907176521469116,3.2254064493312105,3.100781702
icp_regression,resnet50,42,2,20,inner_refit,d4_mean,44,600 ppm 2 10,,5.751181016,5.751181016,4.444528579711914,8,0.3052036762237549,1.3066524362880862,3.2254064493312105,3.100781702
icp_regression,resnet50,42,2,20,inner_refit,d4_mean,48,800 ppm 5 5,,2.12508079,2.12508079,3.4515533447265625,8,0.35820135474205017,-1.3264725547265623,3.2254064493312105,3.100781702
icp_regression,resnet50,42,2,20,inner_refit,d4_mean,51,400 ppm 5 2,,2.358077692,2.358077692,2.607147693634033,8,0.5269116163253784,-0.24907000163403303,3.2254064493312105,3.100781702
icp_regression,resnet50,42,2,20,inner_refit,d4_mean,57,800 ppm 1 2,,2.433875926,2.433875926,3.490294933319092,8,0.32874956727027893,-1.056419007319092,3.2254064493312105,3.100781702
icp_regression,resnet50,42,2,20,inner_refit,d4_mean,58,600 ppm 3 5,,3.400726676,3.400726676,1.9135630130767822,8,0.4087567627429962,1.4871636629232179,3.2254064493312105,3.100781702
icp_regression,resnet50,42,2,20,inner_refit,d4_mean,61,800 ppm 2 5,,2.123468918,2.123468918,2.1401407718658447,8,0.38356029987335205,-0.0166718538658448,3.2254064493312105,3.100781702
icp_regression,resnet50,42,2,20,inner_refit,d4_mean,71,1000 ppm 5 3,,3.480640553,3.480640553,2.1590774059295654,8,0.45589348673820496,1.3215631470704348,3.2254064493312105,3.100781702
icp_regression,resnet50,42,2,20,inner_refit,d4_mean,73,400 ppm 5 10,,6.150568182,6.150568182,4.084370136260986,8,0.5192654728889465,2.0661980457390134,3.2254064493312105,3.100781702
icp_regression,resnet50,42,2,20,inner_refit,d4_mean,76,1000 ppm 2 5,,3.820821694,3.820821694,3.6496713161468506,8,0.49339306354522705,0.17115037785314957,3.2254064493312105,3.100781702
icp_regression,resnet50,42,2,20,inner_refit,d4_mean,77,400 ppm 2 4,,2.142971305,2.142971305,3.277751922607422,8,0.18633313477039337,-1.1347806176074218,3.2254064493312105,3.100781702
icp_regression,resnet50,42,2,20,inner_refit,d4_mean,78,600 ppm 4 6,,2.917928606,2.917928606,2.570013999938965,8,0.24739621579647064,0.34791460606103497,3.2254064493312105,3.100781702
icp_regression,resnet50,42,2,20,inner_refit,d4_mean,80,c 6,,0.063760031,0.063760031,0.7130076885223389,8,0.24405241012573242,-0.6492476575223389,3.2254064493312105,3.100781702
icp_regression,resnet50,42,2,20,inner_refit,d4_mean,89,800 ppm 1 7,,3.238793179,3.238793179,2.905900239944458,8,0.12457571178674698,0.33289293905554196,3.2254064493312105,3.100781702
icp_regression,resnet50,42,2,20,inner_refit,d4_mean,92,1000 ppm 5 2,,4.757997682,4.757997682,3.359375238418579,8,0.30341917276382446,1.398622443581421,3.2254064493312105,3.100781702
icp_regression,resnet50,42,2,20,inner_refit,d4_mean,93,600 ppm 2 1,,4.813990004,4.813990004,3.3758678436279297,8,0.32363879680633545,1.4381221603720702,3.2254064493312105,3.100781702
icp_regression,resnet50,42,2,20,inner_refit,d4_mean,95,400 ppm 4 1,,3.41261835,3.41261835,3.7850537300109863,8,0.4106600880622864,-0.3724353800109865,3.2254064493312105,3.100781702
icp_regression,resnet50,42,2,20,inner_refit,d4_mean,105,600 ppm 4 4,,4.722478116,4.722478116,2.6433866024017334,8,0.29580235481262207,2.079091513598266,3.2254064493312105,3.100781702
icp_regression,resnet50,42,2,20,inner_refit,d4_mean,107,600 ppm 2 8,,2.425778023,2.425778023,3.4668562412261963,8,0.5421121716499329,-1.0410782182261964,3.2254064493312105,3.100781702
icp_regression,resnet50,42,2,20,inner_refit,d4_mean,118,400 ppm 1 6,,2.131122072,2.131122072,2.6010828018188477,8,0.16814939677715302,-0.4699607298188475,3.2254064493312105,3.100781702
icp_regression,resnet50,42,2,20,inner_refit,d4_mean,120,1000 ppm 4 9,,6.363669718,6.363669718,4.292224407196045,8,0.3788444697856903,2.0714453108039548,3.2254064493312105,3.100781702
icp_regression,resnet50,42,2,20,inner_refit,d4_mean,122,400 ppm 3 9,,1.584373627,1.584373627,2.050316095352173,8,0.3197990357875824,-0.4659424683521729,3.2254064493312105,3.100781702
icp_regression,resnet50,42,2,20,inner_refit,d4_mean,124,600 ppm 2 6,,5.169349346,5.169349346,4.491646766662598,8,0.42810967564582825,0.6777025793374021,3.2254064493312105,3.100781702
icp_regression,resnet50,42,2,20,inner_refit,d4_mean,133,600 ppm 4 5,,3.062108267,3.062108267,2.8831608295440674,8,0.35150954127311707,0.17894743745593278,3.2254064493312105,3.100781702
icp_regression,resnet50,42,2,20,inner_refit,d4_mean,137,600 ppm 4 9,,6.74653579,6.74653579,4.012723922729492,8,0.5421164035797119,2.733811867270508,3.2254064493312105,3.100781702
icp_regression,resnet50,42,2,20,inner_refit,d4_mean,139,400 ppm 2 9,,3.092722153,3.092722153,2.5182204246520996,8,0.3488282263278961,0.5745017283479004,3.2254064493312105,3.100781702
icp_regression,resnet50,42,2,20,inner_refit,d4_mean,147,800 ppm 1 1,,3.206888056,3.206888056,3.7741711139678955,8,0.7788942456245422,-0.5672830579678956,3.2254064493312105,3.100781702
icp_regression,resnet50,42,2,20,inner_refit,d4_mean,149,1000 ppm 4 5,,5.501306043,5.501306043,2.8388001918792725,8,0.2745547890663147,2.662505851120727,3.2254064493312105,3.100781702
icp_regression,resnet50,42,2,20,inner_refit,d4_mean,151,1000 ppm 1 1,,5.764585045,5.764585045,2.8376729488372803,8,0.45344996452331543,2.9269120961627193,3.2254064493312105,3.100781702
icp_regression,resnet50,42,2,20,inner_refit,d4_mean,160,600 ppm 1 8,,3.375017339,3.375017339,2.7936882972717285,8,0.5126371383666992,0.5813290417282713,3.2254064493312105,3.100781702
icp_regression,resnet50,42,2,20,inner_refit,d4_mean,164,600 ppm 5 7,,2.199153042,2.199153042,2.2968146800994873,8,0.3293634057044983,-0.09766163809948747,3.2254064493312105,3.100781702
icp_regression,resnet50,42,2,20,inner_refit,d4_mean,177,1000 ppm 2 8,,8.920432073,8.920432073,4.726261138916016,8,0.3668089210987091,4.194170934083985,3.2254064493312105,3.100781702
icp_regression,resnet50,42,2,20,inner_refit,d4_mean,178,600 ppm 1 5,,2.578333626,2.578333626,3.6033756732940674,8,0.3320671617984772,-1.0250420472940673,3.2254064493312105,3.100781702
icp_regression,resnet50,42,2,20,inner_refit,d4_mean,179,600 ppm 1 9,,2.309240059,2.309240059,2.8752856254577637,8,0.35574400424957275,-0.5660455664577637,3.2254064493312105,3.100781702
icp_regression,resnet50,42,2,20,inner_refit,d4_mean,180,600 ppm 2 2,,3.987730061,3.987730061,4.363815784454346,8,0.39758792519569397,-0.37608572345434554,3.2254064493312105,3.100781702
icp_regression,resnet50,42,2,20,inner_refit,d4_mean,183,600 ppm 5 2,,2.267431961,2.267431961,2.0946719646453857,8,0.43107497692108154,0.17275999635461448,3.2254064493312105,3.100781702
icp_regression,resnet50,42,2,20,inner_refit,d4_mean,185,800 ppm 4 9,,1.601926465,1.601926465,2.645261526107788,8,0.45346230268478394,-1.043335061107788,3.2254064493312105,3.100781702
icp_regression,resnet50,42,2,20,inner_refit,d4_mean,187,600 ppm 2 4,,5.228335334,5.228335334,3.790247678756714,8,0.538769543170929,1.4380876552432857,3.2254064493312105,3.100781702
icp_regression,resnet50,42,2,20,inner_refit,d4_mean,191,600 ppm 4 7,,3.434518809,3.434518809,3.0765981674194336,8,0.31429675221443176,0.35792064158056647,3.2254064493312105,3.100781702
icp_regression,resnet50,42,2,20,inner_refit,d4_mean,194,1000 ppm 5 8,,3.570707045,3.570707045,4.650953769683838,8,0.6069366931915283,-1.080246724683838,3.2254064493312105,3.100781702
icp_regression,resnet50,42,2,20,inner_refit,d4_mean,197,600 ppm 5 3,,3.545661039,3.545661039,3.0607988834381104,8,0.251972496509552,0.4848621555618897,3.2254064493312105,3.100781702
icp_regression,resnet50,42,2,20,inner_refit,d4_mean,198,1000 ppm 4 4,,4.912650043,4.912650043,3.545741319656372,8,0.43486180901527405,1.3669087233436281,3.2254064493312105,3.100781702
icp_regression,resnet50,42,2,20,inner_refit,d4_mean,208,1000 ppm 4 7,,4.80521563,4.80521563,3.5558996200561523,8,0.3043335974216461,1.2493160099438478,3.2254064493312105,3.100781702
icp_regression,resnet50,42,3,15,inner_refit,single,4,400 ppm 5 6,,3.179550105,3.179550105,2.215721368789673,1,0.0,0.9638287362103273,3.329470757802548,3.201626017
icp_regression,resnet50,42,3,15,inner_refit,single,15,800 ppm 5 6,,4.035336418,4.035336418,4.904461860656738,1,0.0,-0.8691254426567383,3.329470757802548,3.201626017
icp_regression,resnet50,42,3,15,inner_refit,single,17,800 ppm 1 8,,3.829685929,3.829685929,3.8070409297943115,1,0.0,0.02264499920568852,3.329470757802548,3.201626017
icp_regression,resnet50,42,3,15,inner_refit,single,24,400 ppm 1 7,,1.282576096,1.282576096,4.27325439453125,1,0.0,-2.99067829853125,3.329470757802548,3.201626017
icp_regression,resnet50,42,3,15,inner_refit,single,26,400 ppm 3 8,,2.699524299,2.699524299,2.6553122997283936,1,0.0,0.04421199927160657,3.329470757802548,3.201626017
icp_regression,resnet50,42,3,15,inner_refit,single,31,1000 ppm 4 10,,4.658685892,4.658685892,3.8155455589294434,1,0.0,0.8431403330705569,3.329470757802548,3.201626017
icp_regression,resnet50,42,3,15,inner_refit,single,32,600 ppm 4 1,,2.305830077,2.305830077,2.5257341861724854,1,0.0,-0.21990410917248537,3.329470757802548,3.201626017
icp_regression,resnet50,42,3,15,inner_refit,single,33,400 ppm 4 2,,3.766442861,3.766442861,3.7138092517852783,1,0.0,0.05263360921472149,3.329470757802548,3.201626017
icp_regression,resnet50,42,3,15,inner_refit,single,40,1000 ppm 3 7,,4.455573905,4.455573905,3.0239651203155518,1,0.0,1.4316087846844479,3.329470757802548,3.201626017
icp_regression,resnet50,42,3,15,inner_refit,single,42,800 ppm 4 1,,3.914368577,3.914368577,4.366664886474609,1,0.0,-0.4522963094746095,3.329470757802548,3.201626017
icp_regression,resnet50,42,3,15,inner_refit,single,47,600 ppm 1 10,,2.380352998,2.380352998,3.961289405822754,1,0.0,-1.5809364078227537,3.329470757802548,3.201626017
icp_regression,resnet50,42,3,15,inner_refit,single,50,400 ppm 5 4,,2.308031034,2.308031034,3.6732404232025146,1,0.0,-1.3652093892025148,3.329470757802548,3.201626017
icp_regression,resnet50,42,3,15,inner_refit,single,60,1000 ppm 1 10,,6.849854778,6.849854778,4.569275856018066,1,0.0,2.2805789219819337,3.329470757802548,3.201626017
icp_regression,resnet50,42,3,15,inner_refit,single,63,800 ppm 5 1,,3.318129085,3.318129085,2.931574583053589,1,0.0,0.38655450194641094,3.329470757802548,3.201626017
icp_regression,resnet50,42,3,15,inner_refit,single,65,1000 ppm 1 2,,2.839588237,2.839588237,2.8641364574432373,1,0.0,-0.024548220443237234,3.329470757802548,3.201626017
icp_regression,resnet50,42,3,15,inner_refit,single,72,800 ppm 4 10,,1.790224933,1.790224933,2.115286111831665,1,0.0,-0.3250611788316651,3.329470757802548,3.201626017
icp_regression,resnet50,42,3,15,inner_refit,single,74,800 ppm 3 10,,2.565247064,2.565247064,2.0946857929229736,1,0.0,0.47056127107702617,3.329470757802548,3.201626017
icp_regression,resnet50,42,3,15,inner_refit,single,75,600 ppm 4 2,,2.807822686,2.807822686,4.457624435424805,1,0.0,-1.6498017494248045,3.329470757802548,3.201626017
icp_regression,resnet50,42,3,15,inner_refit,single,85,600 ppm 5 9,,3.487434095,3.487434095,5.412443161010742,1,0.0,-1.9250090660107424,3.329470757802548,3.201626017
icp_regression,resnet50,42,3,15,inner_refit,single,86,600 ppm 4 3,,2.880647975,2.880647975,3.9721009731292725,1,0.0,-1.0914529981292724,3.329470757802548,3.201626017
icp_regression,resnet50,42,3,15,inner_refit,single,87,600 ppm 2 3,,4.461830388,4.461830388,5.901696681976318,1,0.0,-1.4398662939763183,3.329470757802548,3.201626017
icp_regression,resnet50,42,3,15,inner_refit,single,88,400 ppm 1 8,,2.661895437,2.661895437,4.4389729499816895,1,0.0,-1.7770775129816894,3.329470757802548,3.201626017
icp_regression,resnet50,42,3,15,inner_refit,single,91,800 ppm 2 6,,2.574977352,2.574977352,2.47520112991333,1,0.0,0.09977622208666981,3.329470757802548,3.201626017
icp_regression,resnet50,42,3,15,inner_refit,single,96,400 ppm 3 3,,0.612212928,0.612212928,2.5051634311676025,1,0.0,-1.8929505031676026,3.329470757802548,3.201626017
icp_regression,resnet50,42,3,15,inner_refit,single,98,400 ppm 4 7,,2.772824063,2.772824063,2.2543277740478516,1,0.0,0.5184962889521483,3.329470757802548,3.201626017
icp_regression,resnet50,42,3,15,inner_refit,single,101,400 ppm 1 1,,1.156692243,1.156692243,2.197781801223755,1,0.0,-1.041089558223755,3.329470757802548,3.201626017
icp_regression,resnet50,42,3,15,inner_refit,single,103,600 ppm 3 2,,1.913489171,1.913489171,2.323887825012207,1,0.0,-0.4103986540122071,3.329470757802548,3.201626017
icp_regression,resnet50,42,3,15,inner_refit,single,104,400 ppm 2 5,,2.693185629,2.693185629,1.8027061223983765,1,0.0,0.8904795066016233,3.329470757802548,3.201626017
icp_regression,resnet50,42,3,15,inner_refit,single,110,800 ppm 2 10,,3.839907089,3.839907089,3.5466253757476807,1,0.0,0.29328171325231933,3.329470757802548,3.201626017
icp_regression,resnet50,42,3,15,inner_refit,single,119,400 ppm 2 6,,1.94595721,1.94595721,3.037212610244751,1,0.0,-1.091255400244751,3.329470757802548,3.201626017
icp_regression,resnet50,42,3,15,inner_refit,single,125,400 ppm 2 2,,2.217441217,2.217441217,2.441972255706787,1,0.0,-0.22453103870678692,3.329470757802548,3.201626017
icp_regression,resnet50,42,3,15,inner_refit,single,127,800 ppm 1 3,,3.460604121,3.460604121,2.9331514835357666,1,0.0,0.5274526374642332,3.329470757802548,3.201626017
icp_regression,resnet50,42,3,15,inner_refit,single,134,400 ppm 5 7,,2.419099743,2.419099743,3.5375869274139404,1,0.0,-1.1184871844139406,3.329470757802548,3.201626017
icp_regression,resnet50,42,3,15,inner_refit,single,135,1000 ppm 3 1,,3.435150907,3.435150907,3.749810218811035,1,0.0,-0.314659311811035,3.329470757802548,3.201626017
icp_regression,resnet50,42,3,15,inner_refit,single,136,1000 ppm 2 9,,4.12892976,4.12892976,4.040780544281006,1,0.0,0.08814921571899426,3.329470757802548,3.201626017
icp_regression,resnet50,42,3,15,inner_refit,single,140,1000 ppm 2 6,,3.276631573,3.276631573,3.3446366786956787,1,0.0,-0.06800510569567875,3.329470757802548,3.201626017
icp_regression,resnet50,42,3,15,inner_refit,single,141,400 ppm 2 1,,2.012764258,2.012764258,2.4329755306243896,1,0.0,-0.42021127262438984,3.329470757802548,3.201626017
icp_regression,resnet50,42,3,15,inner_refit,single,142,800 ppm 4 2,,7.228369165,7.228369165,6.0282793045043945,1,0.0,1.2000898604956056,3.329470757802548,3.201626017
icp_regression,resnet50,42,3,15,inner_refit,single,153,800 ppm 1 6,,3.837716068,3.837716068,3.552795648574829,1,0.0,0.2849204194251711,3.329470757802548,3.201626017
icp_regression,resnet50,42,3,15,inner_refit,single,168,800 ppm 4 3,,2.561965594,2.561965594,3.6827425956726074,1,0.0,-1.1207770016726073,3.329470757802548,3.201626017
icp_regression,resnet50,42,3,15,inner_refit,single,169,1000 ppm 5 5,,4.025481166,4.025481166,4.620031356811523,1,0.0,-0.5945501908115238,3.329470757802548,3.201626017
icp_regression,resnet50,42,3,15,inner_refit,single,170,600 ppm 5 6,,1.95587148,1.95587148,3.0043580532073975,1,0.0,-1.0484865732073974,3.329470757802548,3.201626017
icp_regression,resnet50,42,3,15,inner_refit,single,174,400 ppm 5 3,,4.283341707,4.283341707,5.049784183502197,1,0.0,-0.7664424765021973,3.329470757802548,3.201626017
icp_regression,resnet50,42,3,15,inner_refit,single,176,600 ppm 1 6,,3.100781702,3.100781702,5.085148334503174,1,0.0,-1.984366632503174,3.329470757802548,3.201626017
icp_regression,resnet50,42,3,15,inner_refit,single,181,1000 ppm 1 6,,4.975119308,4.975119308,4.598509788513184,1,0.0,0.3766095194868164,3.329470757802548,3.201626017
icp_regression,resnet50,42,3,15,inner_refit,single,182,800 ppm 5 2,,3.095231637,3.095231637,3.354053258895874,1,0.0,-0.2588216218958741,3.329470757802548,3.201626017
icp_regression,resnet50,42,3,15,inner_refit,single,195,c 2,,0.515980941,0.515980941,1.6226603984832764,1,0.0,-1.1066794574832763,3.329470757802548,3.201626017
icp_regression,resnet50,42,3,15,inner_refit,single,196,800 ppm 2 2,,4.193172849,4.193172849,2.620971441268921,1,0.0,1.5722014077310789,3.329470757802548,3.201626017
icp_regression,resnet50,42,3,15,inner_refit,single,199,400 ppm 5 9,,4.94470606,4.94470606,5.08071756362915,1,0.0,-0.1360115036291507,3.329470757802548,3.201626017
icp_regression,resnet50,42,3,15,inner_refit,single,200,400 ppm 2 8,,1.868843053,1.868843053,2.8080620765686035,1,0.0,-0.9392190235686035,3.329470757802548,3.201626017
icp_regression,resnet50,42,3,15,inner_refit,single,206,400 ppm 1 4,,2.032189725,2.032189725,3.1535003185272217,1,0.0,-1.1213105935272218,3.329470757802548,3.201626017
icp_regression,resnet50,42,3,15,inner_refit,single,207,1000 ppm 2 2,,2.770922415,2.770922415,2.8540241718292236,1,0.0,-0.08310175682922383,3.329470757802548,3.201626017
icp_regression,resnet50,42,3,15,inner_refit,d4_mean,4,400 ppm 5 6,,3.179550105,3.179550105,2.8171606063842773,8,0.35180264711380005,0.3623894986157228,3.329470757802548,3.201626017
icp_regression,resnet50,42,3,15,inner_refit,d4_mean,15,800 ppm 5 6,,4.035336418,4.035336418,5.691295623779297,8,0.5026920437812805,-1.655959205779297,3.329470757802548,3.201626017
icp_regression,resnet50,42,3,15,inner_refit,d4_mean,17,800 ppm 1 8,,3.829685929,3.829685929,3.538421392440796,8,0.22190432250499725,0.29126453655920415,3.329470757802548,3.201626017
icp_regression,resnet50,42,3,15,inner_refit,d4_mean,24,400 ppm 1 7,,1.282576096,1.282576096,4.357276916503906,8,0.21229445934295654,-3.074700820503906,3.329470757802548,3.201626017
icp_regression,resnet50,42,3,15,inner_refit,d4_mean,26,400 ppm 3 8,,2.699524299,2.699524299,3.1984264850616455,8,0.6372423768043518,-0.4989021860616454,3.329470757802548,3.201626017
icp_regression,resnet50,42,3,15,inner_refit,d4_mean,31,1000 ppm 4 10,,4.658685892,4.658685892,4.245384693145752,8,0.5733446478843689,0.4133011988542483,3.329470757802548,3.201626017
icp_regression,resnet50,42,3,15,inner_refit,d4_mean,32,600 ppm 4 1,,2.305830077,2.305830077,3.1660451889038086,8,0.49105405807495117,-0.8602151119038086,3.329470757802548,3.201626017
icp_regression,resnet50,42,3,15,inner_refit,d4_mean,33,400 ppm 4 2,,3.766442861,3.766442861,4.294987678527832,8,0.6740176677703857,-0.5285448175278322,3.329470757802548,3.201626017
icp_regression,resnet50,42,3,15,inner_refit,d4_mean,40,1000 ppm 3 7,,4.455573905,4.455573905,3.541781425476074,8,0.5415580868721008,0.9137924795239254,3.329470757802548,3.201626017
icp_regression,resnet50,42,3,15,inner_refit,d4_mean,42,800 ppm 4 1,,3.914368577,3.914368577,4.0576934814453125,8,0.2740277349948883,-0.14332490444531265,3.329470757802548,3.201626017
icp_regression,resnet50,42,3,15,inner_refit,d4_mean,47,600 ppm 1 10,,2.380352998,2.380352998,4.143784046173096,8,0.32206371426582336,-1.7634310481730955,3.329470757802548,3.201626017
icp_regression,resnet50,42,3,15,inner_refit,d4_mean,50,400 ppm 5 4,,2.308031034,2.308031034,3.5853166580200195,8,0.2815706729888916,-1.2772856240200197,3.329470757802548,3.201626017
icp_regression,resnet50,42,3,15,inner_refit,d4_mean,60,1000 ppm 1 10,,6.849854778,6.849854778,5.015205383300781,8,0.4222944378852844,1.8346493946992188,3.329470757802548,3.201626017
icp_regression,resnet50,42,3,15,inner_refit,d4_mean,63,800 ppm 5 1,,3.318129085,3.318129085,3.253476619720459,8,0.286288321018219,0.06465246527954083,3.329470757802548,3.201626017
icp_regression,resnet50,42,3,15,inner_refit,d4_mean,65,1000 ppm 1 2,,2.839588237,2.839588237,3.398837089538574,8,0.4025825560092926,-0.5592488525385741,3.329470757802548,3.201626017
icp_regression,resnet50,42,3,15,inner_refit,d4_mean,72,800 ppm 4 10,,1.790224933,1.790224933,2.6656088829040527,8,0.5563755035400391,-0.8753839499040528,3.329470757802548,3.201626017
icp_regression,resnet50,42,3,15,inner_refit,d4_mean,74,800 ppm 3 10,,2.565247064,2.565247064,2.6032986640930176,8,0.48192158341407776,-0.03805160009301778,3.329470757802548,3.201626017
icp_regression,resnet50,42,3,15,inner_refit,d4_mean,75,600 ppm 4 2,,2.807822686,2.807822686,4.851983547210693,8,0.6079699993133545,-2.044160861210693,3.329470757802548,3.201626017
icp_regression,resnet50,42,3,15,inner_refit,d4_mean,85,600 ppm 5 9,,3.487434095,3.487434095,5.695647239685059,8,0.3913327157497406,-2.208213144685059,3.329470757802548,3.201626017
icp_regression,resnet50,42,3,15,inner_refit,d4_mean,86,600 ppm 4 3,,2.880647975,2.880647975,4.345822334289551,8,0.41476109623908997,-1.4651743592895508,3.329470757802548,3.201626017
icp_regression,resnet50,42,3,15,inner_refit,d4_mean,87,600 ppm 2 3,,4.461830388,4.461830388,5.62872314453125,8,0.49897274374961853,-1.16689275653125,3.329470757802548,3.201626017
icp_regression,resnet50,42,3,15,inner_refit,d4_mean,88,400 ppm 1 8,,2.661895437,2.661895437,4.4716315269470215,8,0.3484607934951782,-1.8097360899470214,3.329470757802548,3.201626017
icp_regression,resnet50,42,3,15,inner_refit,d4_mean,91,800 ppm 2 6,,2.574977352,2.574977352,3.509174108505249,8,0.651759147644043,-0.9341967565052491,3.329470757802548,3.201626017
icp_regression,resnet50,42,3,15,inner_refit,d4_mean,96,400 ppm 3 3,,0.612212928,0.612212928,2.848249912261963,8,0.25505363941192627,-2.236036984261963,3.329470757802548,3.201626017
icp_regression,resnet50,42,3,15,inner_refit,d4_mean,98,400 ppm 4 7,,2.772824063,2.772824063,2.561002731323242,8,0.19603651762008667,0.21182133167675765,3.329470757802548,3.201626017
icp_regression,resnet50,42,3,15,inner_refit,d4_mean,101,400 ppm 1 1,,1.156692243,1.156692243,2.2277300357818604,8,0.21824391186237335,-1.0710377927818604,3.329470757802548,3.201626017
icp_regression,resnet50,42,3,15,inner_refit,d4_mean,103,600 ppm 3 2,,1.913489171,1.913489171,2.8190255165100098,8,0.40593960881233215,-0.9055363455100098,3.329470757802548,3.201626017
icp_regression,resnet50,42,3,15,inner_refit,d4_mean,104,400 ppm 2 5,,2.693185629,2.693185629,1.9903661012649536,8,0.2874636948108673,0.7028195277350462,3.329470757802548,3.201626017
icp_regression,resnet50,42,3,15,inner_refit,d4_mean,110,800 ppm 2 10,,3.839907089,3.839907089,4.12703800201416,8,0.3138895034790039,-0.28713091301416016,3.329470757802548,3.201626017
icp_regression,resnet50,42,3,15,inner_refit,d4_mean,119,400 ppm 2 6,,1.94595721,1.94595721,3.3740906715393066,8,0.6075166463851929,-1.4281334615393066,3.329470757802548,3.201626017
icp_regression,resnet50,42,3,15,inner_refit,d4_mean,125,400 ppm 2 2,,2.217441217,2.217441217,2.619682788848877,8,0.2664943337440491,-0.40224157184887677,3.329470757802548,3.201626017
icp_regression,resnet50,42,3,15,inner_refit,d4_mean,127,800 ppm 1 3,,3.460604121,3.460604121,3.8200361728668213,8,0.9114885330200195,-0.3594320518668215,3.329470757802548,3.201626017
icp_regression,resnet50,42,3,15,inner_refit,d4_mean,134,400 ppm 5 7,,2.419099743,2.419099743,3.7821080684661865,8,0.19134534895420074,-1.3630083254661867,3.329470757802548,3.201626017
icp_regression,resnet50,42,3,15,inner_refit,d4_mean,135,1000 ppm 3 1,,3.435150907,3.435150907,3.9534757137298584,8,0.3869767189025879,-0.5183248067298583,3.329470757802548,3.201626017
icp_regression,resnet50,42,3,15,inner_refit,d4_mean,136,1000 ppm 2 9,,4.12892976,4.12892976,4.5315775871276855,8,0.5296289920806885,-0.40264782712768543,3.329470757802548,3.201626017
icp_regression,resnet50,42,3,15,inner_refit,d4_mean,140,1000 ppm 2 6,,3.276631573,3.276631573,3.8050851821899414,8,0.29479169845581055,-0.5284536091899414,3.329470757802548,3.201626017
icp_regression,resnet50,42,3,15,inner_refit,d4_mean,141,400 ppm 2 1,,2.012764258,2.012764258,2.637989044189453,8,0.3363077640533447,-0.6252247861894533,3.329470757802548,3.201626017
icp_regression,resnet50,42,3,15,inner_refit,d4_mean,142,800 ppm 4 2,,7.228369165,7.228369165,6.159328460693359,8,0.6026455760002136,1.0690407043066408,3.329470757802548,3.201626017
icp_regression,resnet50,42,3,15,inner_refit,d4_mean,153,800 ppm 1 6,,3.837716068,3.837716068,3.4305379390716553,8,0.25593894720077515,0.40717812892834493,3.329470757802548,3.201626017
icp_regression,resnet50,42,3,15,inner_refit,d4_mean,168,800 ppm 4 3,,2.561965594,2.561965594,3.6072535514831543,8,0.2763146460056305,-1.0452879574831542,3.329470757802548,3.201626017
icp_regression,resnet50,42,3,15,inner_refit,d4_mean,169,1000 ppm 5 5,,4.025481166,4.025481166,4.911011695861816,8,0.49471452832221985,-0.8855305298618168,3.329470757802548,3.201626017
icp_regression,resnet50,42,3,15,inner_refit,d4_mean,170,600 ppm 5 6,,1.95587148,1.95587148,2.896416425704956,8,0.35724613070487976,-0.940544945704956,3.329470757802548,3.201626017
icp_regression,resnet50,42,3,15,inner_refit,d4_mean,174,400 ppm 5 3,,4.283341707,4.283341707,4.586578369140625,8,0.3333391547203064,-0.30323666214062506,3.329470757802548,3.201626017
icp_regression,resnet50,42,3,15,inner_refit,d4_mean,176,600 ppm 1 6,,3.100781702,3.100781702,5.268815517425537,8,0.3122013807296753,-2.168033815425537,3.329470757802548,3.201626017
icp_regression,resnet50,42,3,15,inner_refit,d4_mean,181,1000 ppm 1 6,,4.975119308,4.975119308,4.531485080718994,8,0.47366029024124146,0.4436342272810059,3.329470757802548,3.201626017
icp_regression,resnet50,42,3,15,inner_refit,d4_mean,182,800 ppm 5 2,,3.095231637,3.095231637,3.860891342163086,8,0.5022568702697754,-0.765659705163086,3.329470757802548,3.201626017
icp_regression,resnet50,42,3,15,inner_refit,d4_mean,195,c 2,,0.515980941,0.515980941,1.8808073997497559,8,0.2812149226665497,-1.3648264587497558,3.329470757802548,3.201626017
icp_regression,resnet50,42,3,15,inner_refit,d4_mean,196,800 ppm 2 2,,4.193172849,4.193172849,3.2399864196777344,8,0.35693565011024475,0.9531864293222654,3.329470757802548,3.201626017
icp_regression,resnet50,42,3,15,inner_refit,d4_mean,199,400 ppm 5 9,,4.94470606,4.94470606,4.922550678253174,8,0.23809760808944702,0.022155381746825853,3.329470757802548,3.201626017
icp_regression,resnet50,42,3,15,inner_refit,d4_mean,200,400 ppm 2 8,,1.868843053,1.868843053,2.8759028911590576,8,0.18382611870765686,-1.0070598381590576,3.329470757802548,3.201626017
icp_regression,resnet50,42,3,15,inner_refit,d4_mean,206,400 ppm 1 4,,2.032189725,2.032189725,3.5892810821533203,8,0.31245157122612,-1.5570913571533205,3.329470757802548,3.201626017
icp_regression,resnet50,42,3,15,inner_refit,d4_mean,207,1000 ppm 2 2,,2.770922415,2.770922415,3.5328617095947266,8,0.49755698442459106,-0.7619392945947268,3.329470757802548,3.201626017
icp_regression,resnet50,42,4,28,inner_refit,single,10,1000 ppm 1 3,,5.010887657,5.010887657,3.2978579998016357,1,0.0,1.7130296571983639,3.337741305152866,3.100781702
icp_regression,resnet50,42,4,28,inner_refit,single,16,400 ppm 4 6,,2.232310918,2.232310918,2.559018850326538,1,0.0,-0.32670793232653805,3.337741305152866,3.100781702
icp_regression,resnet50,42,4,28,inner_refit,single,18,600 ppm 3 1,,3.464453659,3.464453659,4.145866394042969,1,0.0,-0.6814127350429686,3.337741305152866,3.100781702
icp_regression,resnet50,42,4,28,inner_refit,single,19,400 ppm 3 5,,1.728051929,1.728051929,2.3418564796447754,1,0.0,-0.6138045506447753,3.337741305152866,3.100781702
icp_regression,resnet50,42,4,28,inner_refit,single,23,c 10,,0.034792218,0.034792218,1.2048228979110718,1,0.0,-1.1700306799110718,3.337741305152866,3.100781702
icp_regression,resnet50,42,4,28,inner_refit,single,25,400 ppm 1 2,,2.105801382,2.105801382,2.774064064025879,1,0.0,-0.6682626820258788,3.337741305152866,3.100781702
icp_regression,resnet50,42,4,28,inner_refit,single,36,800 ppm 2 4,,0.010515853,0.010515853,2.32511568069458,1,0.0,-2.3145998276945803,3.337741305152866,3.100781702
icp_regression,resnet50,42,4,28,inner_refit,single,37,800 ppm 5 4,,4.51159952,4.51159952,5.045987129211426,1,0.0,-0.5343876092114259,3.337741305152866,3.100781702
icp_regression,resnet50,42,4,28,inner_refit,single,39,1000 ppm 1 4,,5.546186906,5.546186906,3.6722614765167236,1,0.0,1.8739254294832763,3.337741305152866,3.100781702
icp_regression,resnet50,42,4,28,inner_refit,single,41,1000 ppm 4 2,,4.700168169,4.700168169,4.533807754516602,1,0.0,0.16636041448339878,3.337741305152866,3.100781702
icp_regression,resnet50,42,4,28,inner_refit,single,46,400 ppm 2 3,,1.537357234,1.537357234,2.6212124824523926,1,0.0,-1.0838552484523927,3.337741305152866,3.100781702
icp_regression,resnet50,42,4,28,inner_refit,single,52,600 ppm 1 3,,2.7476069,2.7476069,3.1636226177215576,1,0.0,-0.41601571772155754,3.337741305152866,3.100781702
icp_regression,resnet50,42,4,28,inner_refit,single,55,400 ppm 5 5,,3.964413323,3.964413323,2.8639557361602783,1,0.0,1.1004575868397217,3.337741305152866,3.100781702
icp_regression,resnet50,42,4,28,inner_refit,single,56,800 ppm 3 7,,3.154045927,3.154045927,1.8006629943847656,1,0.0,1.3533829326152342,3.337741305152866,3.100781702
icp_regression,resnet50,42,4,28,inner_refit,single,59,400 ppm 1 9,,1.257349885,1.257349885,3.564373254776001,1,0.0,-2.307023369776001,3.337741305152866,3.100781702
icp_regression,resnet50,42,4,28,inner_refit,single,62,800 ppm 5 3,,3.435802073,3.435802073,4.272734642028809,1,0.0,-0.8369325690288085,3.337741305152866,3.100781702
icp_regression,resnet50,42,4,28,inner_refit,single,64,800 ppm 3 6,,2.688094559,2.688094559,3.204354763031006,1,0.0,-0.5162602040310058,3.337741305152866,3.100781702
icp_regression,resnet50,42,4,28,inner_refit,single,68,1000 ppm 4 8,,5.826586722,5.826586722,4.59522819519043,1,0.0,1.2313585268095704,3.337741305152866,3.100781702
icp_regression,resnet50,42,4,28,inner_refit,single,69,800 ppm 4 8,,4.813344078,4.813344078,2.9712305068969727,1,0.0,1.8421135711030274,3.337741305152866,3.100781702
icp_regression,resnet50,42,4,28,inner_refit,single,82,400 ppm 4 9,,2.624535347,2.624535347,3.1201119422912598,1,0.0,-0.49557659529125964,3.337741305152866,3.100781702
icp_regression,resnet50,42,4,28,inner_refit,single,84,c 7,,0.024246817,0.024246817,1.3779993057250977,1,0.0,-1.3537524887250976,3.337741305152866,3.100781702
icp_regression,resnet50,42,4,28,inner_refit,single,90,800 ppm 1 5,,3.533211084,3.533211084,4.475549697875977,1,0.0,-0.9423386138759766,3.337741305152866,3.100781702
icp_regression,resnet50,42,4,28,inner_refit,single,97,600 ppm 2 7,,5.389042573,5.389042573,4.452188491821289,1,0.0,0.9368540811787112,3.337741305152866,3.100781702
icp_regression,resnet50,42,4,28,inner_refit,single,100,600 ppm 1 7,,4.294644495,4.294644495,3.4307327270507812,1,0.0,0.8639117679492188,3.337741305152866,3.100781702
icp_regression,resnet50,42,4,28,inner_refit,single,102,1000 ppm 3 6,,3.90202355,3.90202355,3.440826416015625,1,0.0,0.461197133984375,3.337741305152866,3.100781702
icp_regression,resnet50,42,4,28,inner_refit,single,106,1000 ppm 1 9,,5.438409112,5.438409112,4.472718238830566,1,0.0,0.965690873169434,3.337741305152866,3.100781702
icp_regression,resnet50,42,4,28,inner_refit,single,112,800 ppm 2 7,,3.993865756,3.993865756,6.238827705383301,1,0.0,-2.244961949383301,3.337741305152866,3.100781702
icp_regression,resnet50,42,4,28,inner_refit,single,116,800 ppm 3 2,,4.960180046,4.960180046,3.167281150817871,1,0.0,1.7928988951821285,3.337741305152866,3.100781702
icp_regression,resnet50,42,4,28,inner_refit,single,123,1000 ppm 4 6,,3.570549353,3.570549353,3.847900867462158,1,0.0,-0.2773515144621581,3.337741305152866,3.100781702
icp_regression,resnet50,42,4,28,inner_refit,single,128,600 ppm 1 4,,3.074620336,3.074620336,2.2755513191223145,1,0.0,0.7990690168776857,3.337741305152866,3.100781702
icp_regression,resnet50,42,4,28,inner_refit,single,129,600 ppm 3 10,,3.257108041,3.257108041,1.1997827291488647,1,0.0,2.057325311851135,3.337741305152866,3.100781702
icp_regression,resnet50,42,4,28,inner_refit,single,144,600 ppm 5 8,,1.745539039,1.745539039,1.8932403326034546,1,0.0,-0.14770129360345452,3.337741305152866,3.100781702
icp_regression,resnet50,42,4,28,inner_refit,single,145,c 5,,0.262646502,0.262646502,1.789656639099121,1,0.0,-1.5270101370991211,3.337741305152866,3.100781702
icp_regression,resnet50,42,4,28,inner_refit,single,150,600 ppm 3 9,,2.924303323,2.924303323,2.875908374786377,1,0.0,0.04839494821362322,3.337741305152866,3.100781702
icp_regression,resnet50,42,4,28,inner_refit,single,152,1000 ppm 5 10,,4.866749998,4.866749998,4.512983322143555,1,0.0,0.3537666758564457,3.337741305152866,3.100781702
icp_regression,resnet50,42,4,28,inner_refit,single,154,600 ppm 5 1,,1.92902126,1.92902126,1.7821897268295288,1,0.0,0.14683153317047126,3.337741305152866,3.100781702
icp_regression,resnet50,42,4,28,inner_refit,single,155,600 ppm 1 1,,3.201626017,3.201626017,3.317950963973999,1,0.0,-0.11632494697399887,3.337741305152866,3.100781702
icp_regression,resnet50,42,4,28,inner_refit,single,158,800 ppm 5 10,,0.75996872,0.75996872,3.000741720199585,1,0.0,-2.240773000199585,3.337741305152866,3.100781702
icp_regression,resnet50,42,4,28,inner_refit,single,159,400 ppm 4 5,,2.49284019,2.49284019,2.6459460258483887,1,0.0,-0.15310583584838877,3.337741305152866,3.100781702
icp_regression,resnet50,42,4,28,inner_refit,single,161,600 ppm 3 8,,3.047380635,3.047380635,2.9916446208953857,1,0.0,0.05573601410461437,3.337741305152866,3.100781702
icp_regression,resnet50,42,4,28,inner_refit,single,162,800 ppm 3 8,,4.614610915,4.614610915,2.718484878540039,1,0.0,1.896126036459961,3.337741305152866,3.100781702
icp_regression,resnet50,42,4,28,inner_refit,single,163,1000 ppm 5 6,,3.12203341,3.12203341,3.718045711517334,1,0.0,-0.5960123015173342,3.337741305152866,3.100781702
icp_regression,resnet50,42,4,28,inner_refit,single,165,600 ppm 4 8,,5.563645491,5.563645491,4.770808219909668,1,0.0,0.792837271090332,3.337741305152866,3.100781702
icp_regression,resnet50,42,4,28,inner_refit,single,167,800 ppm 3 5,,4.458889794,4.458889794,2.661733388900757,1,0.0,1.7971564050992432,3.337741305152866,3.100781702
icp_regression,resnet50,42,4,28,inner_refit,single,171,400 ppm 3 1,,1.246955081,1.246955081,1.90300714969635,1,0.0,-0.65605206869635,3.337741305152866,3.100781702
icp_regression,resnet50,42,4,28,inner_refit,single,172,400 ppm 3 6,,1.25800729,1.25800729,1.9953677654266357,1,0.0,-0.7373604754266359,3.337741305152866,3.100781702
icp_regression,resnet50,42,4,28,inner_refit,single,173,600 ppm 4 10,,1.599538611,1.599538611,4.217856407165527,1,0.0,-2.6183177961655275,3.337741305152866,3.100781702
icp_regression,resnet50,42,4,28,inner_refit,single,184,1000 ppm 4 1,,4.003606934,4.003606934,3.5625526905059814,1,0.0,0.4410542434940181,3.337741305152866,3.100781702
icp_regression,resnet50,42,4,28,inner_refit,single,188,400 ppm 4 10,,2.606928263,2.606928263,3.543473720550537,1,0.0,-0.9365454575505372,3.337741305152866,3.100781702
icp_regression,resnet50,42,4,28,inner_refit,single,190,600 ppm 3 3,,3.293084865,3.293084865,2.206233024597168,1,0.0,1.086851840402832,3.337741305152866,3.100781702
icp_regression,resnet50,42,4,28,inner_refit,single,201,400 ppm 3 4,,2.103673748,2.103673748,3.356757164001465,1,0.0,-1.253083416001465,3.337741305152866,3.100781702
icp_regression,resnet50,42,4,28,inner_refit,single,203,1000 ppm 2 3,,3.096861561,3.096861561,2.1634323596954346,1,0.0,0.9334292013045653,3.337741305152866,3.100781702
icp_regression,resnet50,42,4,28,inner_refit,d4_mean,10,1000 ppm 1 3,,5.010887657,5.010887657,3.7049856185913086,8,0.3582770824432373,1.305902038408691,3.337741305152866,3.100781702
icp_regression,resnet50,42,4,28,inner_refit,d4_mean,16,400 ppm 4 6,,2.232310918,2.232310918,2.9334139823913574,8,0.30825236439704895,-0.7011030643913574,3.337741305152866,3.100781702
icp_regression,resnet50,42,4,28,inner_refit,d4_mean,18,600 ppm 3 1,,3.464453659,3.464453659,4.849644660949707,8,0.5722266435623169,-1.385191001949707,3.337741305152866,3.100781702
icp_regression,resnet50,42,4,28,inner_refit,d4_mean,19,400 ppm 3 5,,1.728051929,1.728051929,2.6405234336853027,8,0.5774813294410706,-0.9124715046853027,3.337741305152866,3.100781702
icp_regression,resnet50,42,4,28,inner_refit,d4_mean,23,c 10,,0.034792218,0.034792218,1.6702170372009277,8,0.36758729815483093,-1.6354248192009277,3.337741305152866,3.100781702
icp_regression,resnet50,42,4,28,inner_refit,d4_mean,25,400 ppm 1 2,,2.105801382,2.105801382,2.826500177383423,8,0.283861368894577,-0.7206987953834227,3.337741305152866,3.100781702
icp_regression,resnet50,42,4,28,inner_refit,d4_mean,36,800 ppm 2 4,,0.010515853,0.010515853,3.2135844230651855,8,0.5984560251235962,-3.2030685700651857,3.337741305152866,3.100781702
icp_regression,resnet50,42,4,28,inner_refit,d4_mean,37,800 ppm 5 4,,4.51159952,4.51159952,4.148797035217285,8,0.5581162571907043,0.3628024847827147,3.337741305152866,3.100781702
icp_regression,resnet50,42,4,28,inner_refit,d4_mean,39,1000 ppm 1 4,,5.546186906,5.546186906,4.006360054016113,8,0.24865378439426422,1.5398268519838867,3.337741305152866,3.100781702
icp_regression,resnet50,42,4,28,inner_refit,d4_mean,41,1000 ppm 4 2,,4.700168169,4.700168169,4.800750255584717,8,0.3368128836154938,-0.10058208658471646,3.337741305152866,3.100781702
icp_regression,resnet50,42,4,28,inner_refit,d4_mean,46,400 ppm 2 3,,1.537357234,1.537357234,3.4075350761413574,8,0.5627369284629822,-1.8701778421413575,3.337741305152866,3.100781702
icp_regression,resnet50,42,4,28,inner_refit,d4_mean,52,600 ppm 1 3,,2.7476069,2.7476069,4.193139553070068,8,0.6448350548744202,-1.4455326530700683,3.337741305152866,3.100781702
icp_regression,resnet50,42,4,28,inner_refit,d4_mean,55,400 ppm 5 5,,3.964413323,3.964413323,3.3233838081359863,8,0.3857216238975525,0.6410295148640137,3.337741305152866,3.100781702
icp_regression,resnet50,42,4,28,inner_refit,d4_mean,56,800 ppm 3 7,,3.154045927,3.154045927,2.7203938961029053,8,0.5764886736869812,0.4336520308970946,3.337741305152866,3.100781702
icp_regression,resnet50,42,4,28,inner_refit,d4_mean,59,400 ppm 1 9,,1.257349885,1.257349885,3.5345685482025146,8,0.600360631942749,-2.2772186632025146,3.337741305152866,3.100781702
icp_regression,resnet50,42,4,28,inner_refit,d4_mean,62,800 ppm 5 3,,3.435802073,3.435802073,4.0784382820129395,8,0.37977421283721924,-0.6426362090129394,3.337741305152866,3.100781702
icp_regression,resnet50,42,4,28,inner_refit,d4_mean,64,800 ppm 3 6,,2.688094559,2.688094559,3.7560110092163086,8,0.4342750906944275,-1.0679164502163085,3.337741305152866,3.100781702
icp_regression,resnet50,42,4,28,inner_refit,d4_mean,68,1000 ppm 4 8,,5.826586722,5.826586722,5.1712236404418945,8,0.38745373487472534,0.6553630815581055,3.337741305152866,3.100781702
icp_regression,resnet50,42,4,28,inner_refit,d4_mean,69,800 ppm 4 8,,4.813344078,4.813344078,2.69879412651062,8,0.44604238867759705,2.11454995148938,3.337741305152866,3.100781702
icp_regression,resnet50,42,4,28,inner_refit,d4_mean,82,400 ppm 4 9,,2.624535347,2.624535347,3.3862953186035156,8,0.27394938468933105,-0.7617599716035155,3.337741305152866,3.100781702
icp_regression,resnet50,42,4,28,inner_refit,d4_mean,84,c 7,,0.024246817,0.024246817,1.7939988374710083,8,0.6732303500175476,-1.7697520204710082,3.337741305152866,3.100781702
icp_regression,resnet50,42,4,28,inner_refit,d4_mean,90,800 ppm 1 5,,3.533211084,3.533211084,4.580770015716553,8,0.3110084533691406,-1.0475589317165528,3.337741305152866,3.100781702
icp_regression,resnet50,42,4,28,inner_refit,d4_mean,97,600 ppm 2 7,,5.389042573,5.389042573,4.716497898101807,8,0.40239575505256653,0.6725446748981936,3.337741305152866,3.100781702
icp_regression,resnet50,42,4,28,inner_refit,d4_mean,100,600 ppm 1 7,,4.294644495,4.294644495,3.605980396270752,8,0.24117450416088104,0.688664098729248,3.337741305152866,3.100781702
icp_regression,resnet50,42,4,28,inner_refit,d4_mean,102,1000 ppm 3 6,,3.90202355,3.90202355,4.081899642944336,8,0.6060925722122192,-0.17987609294433593,3.337741305152866,3.100781702
icp_regression,resnet50,42,4,28,inner_refit,d4_mean,106,1000 ppm 1 9,,5.438409112,5.438409112,4.848207950592041,8,0.33376720547676086,0.5902011614079594,3.337741305152866,3.100781702
icp_regression,resnet50,42,4,28,inner_refit,d4_mean,112,800 ppm 2 7,,3.993865756,3.993865756,5.069430828094482,8,0.5739012360572815,-1.0755650720944825,3.337741305152866,3.100781702
icp_regression,resnet50,42,4,28,inner_refit,d4_mean,116,800 ppm 3 2,,4.960180046,4.960180046,3.4168026447296143,8,0.2698315680027008,1.5433774012703854,3.337741305152866,3.100781702
icp_regression,resnet50,42,4,28,inner_refit,d4_mean,123,1000 ppm 4 6,,3.570549353,3.570549353,3.9075965881347656,8,0.40657180547714233,-0.33704723513476553,3.337741305152866,3.100781702
icp_regression,resnet50,42,4,28,inner_refit,d4_mean,128,600 ppm 1 4,,3.074620336,3.074620336,2.9163689613342285,8,0.38236692547798157,0.15825137466577166,3.337741305152866,3.100781702
icp_regression,resnet50,42,4,28,inner_refit,d4_mean,129,600 ppm 3 10,,3.257108041,3.257108041,1.3585243225097656,8,0.2522340416908264,1.8985837184902343,3.337741305152866,3.100781702
icp_regression,resnet50,42,4,28,inner_refit,d4_mean,144,600 ppm 5 8,,1.745539039,1.745539039,2.5417468547821045,8,0.3934500217437744,-0.7962078157821044,3.337741305152866,3.100781702
icp_regression,resnet50,42,4,28,inner_refit,d4_mean,145,c 5,,0.262646502,0.262646502,2.2234649658203125,8,0.3926585912704468,-1.9608184638203126,3.337741305152866,3.100781702
icp_regression,resnet50,42,4,28,inner_refit,d4_mean,150,600 ppm 3 9,,2.924303323,2.924303323,3.0080952644348145,8,0.28522536158561707,-0.08379194143481428,3.337741305152866,3.100781702
icp_regression,resnet50,42,4,28,inner_refit,d4_mean,152,1000 ppm 5 10,,4.866749998,4.866749998,4.457550525665283,8,0.4582456052303314,0.4091994723347172,3.337741305152866,3.100781702
icp_regression,resnet50,42,4,28,inner_refit,d4_mean,154,600 ppm 5 1,,1.92902126,1.92902126,2.059526205062866,8,0.3028993308544159,-0.13050494506286614,3.337741305152866,3.100781702
icp_regression,resnet50,42,4,28,inner_refit,d4_mean,155,600 ppm 1 1,,3.201626017,3.201626017,3.440612554550171,8,0.28014665842056274,-0.23898653755017074,3.337741305152866,3.100781702
icp_regression,resnet50,42,4,28,inner_refit,d4_mean,158,800 ppm 5 10,,0.75996872,0.75996872,3.6231558322906494,8,0.6100902557373047,-2.8631871122906496,3.337741305152866,3.100781702
icp_regression,resnet50,42,4,28,inner_refit,d4_mean,159,400 ppm 4 5,,2.49284019,2.49284019,3.315343141555786,8,0.3994981050491333,-0.8225029515557862,3.337741305152866,3.100781702
icp_regression,resnet50,42,4,28,inner_refit,d4_mean,161,600 ppm 3 8,,3.047380635,3.047380635,2.8098537921905518,8,0.35387125611305237,0.23752684280944836,3.337741305152866,3.100781702
icp_regression,resnet50,42,4,28,inner_refit,d4_mean,162,800 ppm 3 8,,4.614610915,4.614610915,3.2912638187408447,8,0.5176798701286316,1.3233470962591554,3.337741305152866,3.100781702
icp_regression,resnet50,42,4,28,inner_refit,d4_mean,163,1000 ppm 5 6,,3.12203341,3.12203341,3.9439053535461426,8,0.27814334630966187,-0.8218719435461428,3.337741305152866,3.100781702
icp_regression,resnet50,42,4,28,inner_refit,d4_mean,165,600 ppm 4 8,,5.563645491,5.563645491,4.750378131866455,8,0.5907948613166809,0.8132673591335449,3.337741305152866,3.100781702
icp_regression,resnet50,42,4,28,inner_refit,d4_mean,167,800 ppm 3 5,,4.458889794,4.458889794,2.5134470462799072,8,0.28342539072036743,1.9454427477200928,3.337741305152866,3.100781702
icp_regression,resnet50,42,4,28,inner_refit,d4_mean,171,400 ppm 3 1,,1.246955081,1.246955081,2.231182813644409,8,0.3460078537464142,-0.9842277326444091,3.337741305152866,3.100781702
icp_regression,resnet50,42,4,28,inner_refit,d4_mean,172,400 ppm 3 6,,1.25800729,1.25800729,2.5569424629211426,8,0.4836463928222656,-1.2989351729211427,3.337741305152866,3.100781702
icp_regression,resnet50,42,4,28,inner_refit,d4_mean,173,600 ppm 4 10,,1.599538611,1.599538611,4.307136058807373,8,0.22737383842468262,-2.707597447807373,3.337741305152866,3.100781702
icp_regression,resnet50,42,4,28,inner_refit,d4_mean,184,1000 ppm 4 1,,4.003606934,4.003606934,4.074382781982422,8,0.70734703540802,-0.07077584798242231,3.337741305152866,3.100781702
icp_regression,resnet50,42,4,28,inner_refit,d4_mean,188,400 ppm 4 10,,2.606928263,2.606928263,3.5846376419067383,8,0.21319809556007385,-0.9777093789067384,3.337741305152866,3.100781702
icp_regression,resnet50,42,4,28,inner_refit,d4_mean,190,600 ppm 3 3,,3.293084865,3.293084865,2.429417133331299,8,0.15119175612926483,0.8636677316687011,3.337741305152866,3.100781702
icp_regression,resnet50,42,4,28,inner_refit,d4_mean,201,400 ppm 3 4,,2.103673748,2.103673748,3.8516242504119873,8,0.3749822974205017,-1.7479505024119875,3.337741305152866,3.100781702
icp_regression,resnet50,42,4,28,inner_refit,d4_mean,203,1000 ppm 2 3,,3.096861561,3.096861561,2.6815879344940186,8,0.31206953525543213,0.4152736265059813,3.337741305152866,3.100781702
