stage,epoch,train_loss,train_accuracy,train_macro_f1,train_uar,validation_loss,validation_accuracy,validation_macro_f1,validation_uar
head,1,1.1057523774529645,0.2754491017964072,0.24348711721759175,0.27424242424242423,1.0953514405659266,0.38095238095238093,0.35185185185185186,0.38095238095238093
head,2,1.0824305254542186,0.4251497005988024,0.4189738137617582,0.4243506493506494,1.0899192038036527,0.5238095238095238,0.5424242424242425,0.5238095238095238
head,3,1.071478641675618,0.48502994011976047,0.47564102564102567,0.4858225108225109,1.0895260799498785,0.42857142857142855,0.43532763532763535,0.42857142857142855
head,4,1.0559382067469065,0.46107784431137727,0.4250384246239756,0.4610389610389611,1.0885710773013888,0.38095238095238093,0.3757575757575758,0.38095238095238093
head,5,1.0516032230354355,0.49700598802395207,0.49389185977421274,0.49642857142857144,1.0912102971758162,0.38095238095238093,0.3757575757575758,0.38095238095238093
head,6,1.0424479917137923,0.5449101796407185,0.544778955060285,0.5451298701298701,1.0825843867801486,0.38095238095238093,0.3861693861693862,0.38095238095238093
head,7,1.0295086970586262,0.5329341317365269,0.527231040564374,0.5322510822510823,1.0737467039199102,0.38095238095238093,0.3814102564102564,0.38095238095238093
head,8,1.0182458201568283,0.5389221556886228,0.5361389297987237,0.539069264069264,1.0703181596029372,0.3333333333333333,0.3398692810457517,0.3333333333333333
head,9,1.0164487233418904,0.5089820359281437,0.5046484134865467,0.5098484848484849,1.0692368972869146,0.38095238095238093,0.3814102564102564,0.38095238095238093
head,10,1.01035378828734,0.5089820359281437,0.497251258226868,0.5077922077922078,1.0711442743028914,0.42857142857142855,0.4000544662309368,0.4285714285714286
full,11,1.0755588822735997,0.437125748502994,0.39592365557649906,0.43636363636363634,1.0900599786213465,0.38095238095238093,0.38232323232323234,0.38095238095238093
full,12,1.0592673824218932,0.437125748502994,0.42573218514798694,0.43647186147186146,1.0837103923161824,0.42857142857142855,0.40896140896140903,0.42857142857142855
full,13,1.0629419309650352,0.47904191616766467,0.4767716727716728,0.4785714285714286,1.0800077688126337,0.3333333333333333,0.34250063661828367,0.3333333333333333
full,14,1.0468802844692846,0.5449101796407185,0.5451418362021725,0.5451298701298701,1.0782918646222068,0.38095238095238093,0.3855921855921856,0.38095238095238093
full,15,1.0353781327516018,0.5449101796407185,0.5437483928049965,0.5444805194805195,1.0768931593213762,0.42857142857142855,0.4074074074074074,0.42857142857142855
full,16,1.0274120176623682,0.562874251497006,0.5568896411313072,0.5621212121212121,1.0712738377707345,0.47619047619047616,0.46565656565656566,0.4761904761904761
full,17,0.9978982709838958,0.5868263473053892,0.5810526315789474,0.5859307359307359,1.0658322005044847,0.42857142857142855,0.4231990231990232,0.42857142857142855
full,18,0.9954883648963746,0.5688622754491018,0.5684662422110455,0.5686147186147187,1.0558772030330839,0.5238095238095238,0.5115255115255115,0.5238095238095238
