No.,Name,Line,Conc.2,SD2,Unit2,Conc.1,Unit1,Ints.,RSD%,Rem.,Total mg,Area mm²,Area cm²,mg / cm²,,,,,,,
34,800 ppm 1,Cu327.396,7.492,0.0635,mg/L,7.492,mg/L,2215897,0.85,,1.1238,417.36,4.1736,0.269263945,quartiles:,Q1,Median,Q3,,,
38,1000 ppm 4,Cu327.396,7.284,0.0362,mg/L,7.284,mg/L,2154532,0.5,,1.0926,456.32,4.5632,0.239437237,,0.079864384,0.109143842,0.147127382,,,
50,1000 ppm 6,Cu327.396,2.483,0.0267,mg/L,2.483,mg/L,736985,1.07,,0.37245,156.52,1.5652,0.237956811,tertiles:,T1,T2,,,,
45,1000 ppm 1,Cu327.396,6.775,0.0749,mg/L,6.775,mg/L,2004234,1.1,,1.01625,444.22,4.4422,0.22877178,,0.090190705,0.125392336,,,,
29,600 ppm 6,Cu327.396,4.573,0.0476,mg/L,4.573,mg/L,1354186,1.04,,0.68595,322.14,3.2214,0.21293537,,Bin 1,,Bin 2,,Bin 3,
54,1000 ppm 9,Cu327.396,6.087,0.0584,mg/L,6.087,mg/L,1801097,0.96,,0.91305,446,4.46,0.204719731,,0.047508538,0.090190705,0.090190705,0.125392336,0.125392336,0.269263945
53,1000 ppm 8,Cu327.396,3.986,0.0698,mg/L,3.986,mg/L,1180713,2.24,,0.5979,355.51,3.5551,0.168180923,,,,,,,
52,1000 ppm 7,Cu327.396,6.023,0.0708,mg/L,6.023,mg/L,1782048,1.17,,0.90345,553.75,5.5375,0.163151242,,,,,,,
43,800 ppm 9,Cu327.396,3.931,0.0393,mg/L,3.931,mg/L,1164526,1,,0.58965,366.83,3.6683,0.160742033,,,,,,,
47,1000 ppm 3,Cu327.396,5.701,0.0493,mg/L,5.701,mg/L,1686947,0.86,,0.85515,599.73,5.9973,0.142589165,,,,,,,
25,600 ppm 3,Cu327.396,2.258,0.0254,mg/L,2.258,mg/L,670671,1.12,,0.3387,250.8,2.508,0.135047847,,,,,,,
27,600 ppm 4,Cu327.396,2.32,0.0174,mg/L,2.32,mg/L,689072,0.75,,0.348,258.87,2.5887,0.134430409,,,,,,,
23,600 ppm 1,Cu327.396,2.89,0.0302,mg/L,2.89,mg/L,857171,1.04,,0.4335,358.64,3.5864,0.120873299,,,,,,,
35,800 ppm 2,Cu327.396,2.667,0.0619,mg/L,2.667,mg/L,791342,2.31,,0.40005,334.57,3.3457,0.11957139,,,,,,,
24,600 ppm 2,Cu327.396,2.56,0.0156,mg/L,2.56,mg/L,759709,0.61,,0.384,324.71,3.2471,0.11825937,,,,,,,
36,800 ppm 3,Cu327.396,3.029,0.0227,mg/L,3.029,mg/L,896374,0.74,,0.45435,400.85,4.0085,0.113346638,,,,,,,
42,800 ppm 8,Cu327.396,4.985,0.0234,mg/L,4.985,mg/L,1475756,0.47,,0.74775,678.65,6.7865,0.110181979,,,,,,,
49,1000 ppm 5,Cu327.396,2.345,0.0268,mg/L,2.345,mg/L,696308,1.22,,0.35175,320.81,3.2081,0.109644338,,,,,,,
41,800 ppm 7,Cu327.396,4.696,0.556,mg/L,4.696,mg/L,1390255,1.18,,0.7044,648.36,6.4836,0.108643346,,,,,,,
37,800 ppm 4,Cu327.396,3.306,0.0338,mg/L,3.306,mg/L,980044,1.02,,0.4959,459.91,4.5991,0.107825444,,,,,,,
46,1000 ppm 2,Cu327.396,2.535,0.0197,mg/L,2.535,mg/L,752520,0.77,,0.38025,357.88,3.5788,0.106250699,,,,,,,
22,400 ppm 9,Cu327.396,2.942,0.0963,mg/L,2.942,mg/L,872473,3.26,RSD!,0.4413,454.62,4.5462,0.097070081,,,,,,,
17,400 ppm 5,Cu327.396,2.181,0.0121,mg/L,2.181,mg/L,647961,0.55,,0.32715,338.44,3.3844,0.096664106,,,,,,,
31,600 ppm 8,Cu327.396,2.055,0.011,mg/L,2.055,mg/L,610637,0.53,,0.30825,336.02,3.3602,0.091735611,,,,,,,
21,400 ppm 8,Cu327.396,3.139,0.0219,mg/L,3.139,mg/L,930789,0.69,,0.47085,540.58,5.4058,0.087100892,,,,,,,
30,600 ppm 7,Cu327.396,2.397,0.0255,mg/L,2.397,mg/L,711678,1.06,,0.35955,423.43,4.2343,0.084913681,,,,,,,
13,400 ppm 1,Cu327.396,2.236,0.0297,mg/L,2.236,mg/L,664019,1.32,,0.3354,419.03,4.1903,0.080042002,,,,,,,
40,800 ppm 6,Cu327.396,2.402,0.0174,mg/L,2.402,mg/L,713287,0.72,,0.3603,454.17,4.5417,0.079331528,,,,,,,
38,800 ppm 5,Cu327.396,2.757,0.0338,mg/L,2.757,mg/L,818076,1.22,,0.41355,537.92,5.3792,0.076879462,,,,,,,
32,600 ppm 9,Cu327.396,2.785,0.034,mg/L,2.785,mg/L,826186,1.21,,0.41775,565.93,5.6593,0.07381655,,,,,,,
28,600 ppm 5,Cu327.396,2.217,0.0484,mg/L,2.217,mg/L,658515,2.17,,0.33255,458.16,4.5816,0.072583814,,,,,,,
18,400 ppm 6,Cu327.396,3.727,0.0338,mg/L,3.727,mg/L,1104311,0.9,,0.55905,777.36,7.7736,0.071916487,,,,,,,
20,400 ppm 7,Cu327.396,2.938,0.0322,mg/L,2.938,mg/L,871335,1.09,,0.4407,668.25,6.6825,0.065948373,,,,,,,
16,400 ppm 4,Cu327.396,2.33,0.0239,mg/L,2.33,mg/L,691802,1.02,,0.3495,576.02,5.7602,0.060674977,,,,,,,
14,400 ppm 2,Cu327.396,2.269,0.0262,mg/L,2.269,mg/L,673845,1.15,,0.34035,564.69,5.6469,0.060272008,,,,,,,
15,400 ppm 3,Cu327.396,2.17,0.0152,mg/L,2.17,mg/L,644689,0.69,,0.3255,685.14,6.8514,0.047508538,,,,,,,
1,Blank,Cu327.396,,,,0,mg/L,3851,1.26,,,,,,,,,,,,
2,0.625 ppm,Cu327.396,,,,0.625,mg/L,196108,0.75,,,,,,,,,,,,
3,1.25 ppm,Cu327.396,,,,1.25,mg/L,404505,1.12,,,,,,,,,,,,
4,2.5 ppm,Cu327.396,,,,2.5,mg/L,758877,1.02,,,,,,,,,,,,
5,5 ppm,Cu327.396,,,,5,mg/L,1386159,0.87,,,,,,,,,,,,
6,10 ppm,Cu327.396,,,,10,mg/L,2994629,1.24,,,,,,,,,,,,
7,Compute calib.,Cu327.396,,,,,mg/L,,,,,,,,,,,,,,
8,QC std 3,Cu327.396,,,mg/L,1.38,mg/L,411371,1.85,,,,,,,,,,,,
9,control 1,Cu327.396,0.0741,0.011,mg/L,0.0741,mg/L,25931,1.26,,0.011115,,,,,,,,,,
10,control 2,Cu327.396,0.0645,0.0005,mg/L,0.0645,mg/L,23094,0.62,,0.009675,,,,,,,,,,
11,control 3,Cu327.396,0.0403,0.0006,mg/L,0.0403,mg/L,15949,1.11,,0.006045,,,,,,,,,,
12,QC std 2,Cu327.396,,,mg/L,1.373,mg/L,409417,1.66,,0,,,,,,,,,,
19,QC std 5,Cu327.396,,,mg/L,9.945,mg/L,2940064,0.7,,0,,,,,,ppm,average mg / cm²,,stdev,avg
26,QC std 2,Cu327.396,,,mg/L,1.356,mg/L,404390,0.66,,0,,,,,,400,0.074133051,,0.017287464,0.074133051
33,QC std 3,Cu327.396,,,mg/L,2.555,mg/L,758203,0.85,,0,,,,,,600,0.116066217,,0.043799699,0.116066217
39,QC std 1,Cu327.396,,,mg/L,0.6461,mg/L,194786,1.06,,0,,,,,,800,0.12730953,,0.058512946,0.127309529
44,QC std 4,Cu327.396,,,mg/L,4.615,mg/L,1366473,2.29,,0,,,,,,1000,0.177855769,,0.052502583,0.177855769
51,QC std 4,Cu327.396,,,mg/L,4.705,mg/L,1392944,1.34,,0,,,,,,,,,,
