image_path,sample_id,nominal_treatment,total_mg,area_cm2,mg_cm2,residue_bin
/home/david/dev/agai-reu-pesticide/datasets/agai_correct/v3/coco_json_masks/val/largest_leaf_crop/ICP_800ppm_2_jpg.rf.2444cad122d79491f0c4cbc7837c1e9a.jpg,800 ppm 2,800,0.40005,3.3457,0.11957139,medium
/home/david/dev/agai-reu-pesticide/datasets/agai_correct/v3/coco_json_masks/val/largest_leaf_crop/ICP_600ppm_6_jpg.rf.c47dba635832504a95fea979a5fc326a.jpg,600 ppm 6,600,0.68595,3.2214,0.21293537,high
/home/david/dev/agai-reu-pesticide/datasets/agai_correct/v3/coco_json_masks/val/largest_leaf_crop/ICP_600ppm_9_jpg.rf.d94597aeb9834b968d2074b6696a2c31.jpg,600 ppm 9,600,0.41775,5.6593,0.07381655,low
/home/david/dev/agai-reu-pesticide/datasets/agai_correct/v3/coco_json_masks/val/largest_leaf_crop/ICP_1Kppm_4_jpg.rf.7d980177dfafe9e19af17c0fe5d0c658.jpg,1000 ppm 4,1000,1.0926,4.5632,0.239437237,high
/home/david/dev/agai-reu-pesticide/datasets/agai_correct/v3/coco_json_masks/val/largest_leaf_crop/ICP_1Kppm_6_jpg.rf.5893bd4a2df9c293aa2564df6978a15d.jpg,1000 ppm 6,1000,0.37245,1.5652,0.237956811,high
/home/david/dev/agai-reu-pesticide/datasets/agai_correct/v3/coco_json_masks/val/largest_leaf_crop/ICP_400ppm_6_jpg.rf.cfa1b75bc282189cd59afdb373242909.jpg,400 ppm 6,400,0.55905,7.7736,0.071916487,low
/home/david/dev/agai-reu-pesticide/datasets/agai_correct/v3/coco_json_masks/val/largest_leaf_crop/ICP_1Kppm_9_jpg.rf.7bd48893fed359aae98d7eb0e890c256.jpg,1000 ppm 9,1000,0.91305,4.46,0.204719731,high
/home/david/dev/agai-reu-pesticide/datasets/agai_correct/v3/coco_json_masks/val/largest_leaf_crop/ICP_600ppm_1_jpg.rf.08e5e0ea3e025b586c9b4bd69f0dacc5.jpg,600 ppm 1,600,0.4335,3.5864,0.120873299,medium
/home/david/dev/agai-reu-pesticide/datasets/agai_correct/v3/coco_json_masks/val/largest_leaf_crop/ICP_400ppm_3_jpg.rf.abfcd913ec3d3cfa9ec84d261eec1dfb.jpg,400 ppm 3,400,0.3255,6.8514,0.047508538,low
/home/david/dev/agai-reu-pesticide/datasets/agai_correct/v3/coco_json_masks/val/largest_leaf_crop/ICP_800ppm_9_jpg.rf.7b27b9a5391d6fe2de7fad852c9595a4.jpg,800 ppm 9,800,0.58965,3.6683,0.160742033,high
/home/david/dev/agai-reu-pesticide/datasets/agai_correct/v3/coco_json_masks/val/largest_leaf_crop/ICP_1Kppm_1_jpg.rf.f29f3945a86f0983ed2e4cdeb348ed24.jpg,1000 ppm 1,1000,1.01625,4.4422,0.22877178,high
/home/david/dev/agai-reu-pesticide/datasets/agai_correct/v3/coco_json_masks/train/largest_leaf_crop/ICP_400ppm_5_jpg.rf.0fc19b292dc1517d9bfd6665fb534934.jpg,400 ppm 5,400,0.32715,3.3844,0.096664106,medium
/home/david/dev/agai-reu-pesticide/datasets/agai_correct/v3/coco_json_masks/train/largest_leaf_crop/ICP_1Kppm_8_jpg.rf.b9378ecc3fd978100cc2bcf403c3e253.jpg,1000 ppm 8,1000,0.5979,3.5551,0.168180923,high
/home/david/dev/agai-reu-pesticide/datasets/agai_correct/v3/coco_json_masks/train/largest_leaf_crop/ICP_1Kppm_2_jpg.rf.ca5aface4646e59540bd497e1ce176fb.jpg,1000 ppm 2,1000,0.38025,3.5788,0.106250699,medium
/home/david/dev/agai-reu-pesticide/datasets/agai_correct/v3/coco_json_masks/train/largest_leaf_crop/ICP_800ppm_7_jpg.rf.d794b72b0b7cf79570d52ecb1b0d0a4e.jpg,800 ppm 7,800,0.7044,6.4836,0.108643346,medium
/home/david/dev/agai-reu-pesticide/datasets/agai_correct/v3/coco_json_masks/train/largest_leaf_crop/ICP_800ppm_6_jpg.rf.a42c88fd80c9891328b182086bfab922.jpg,800 ppm 6,800,0.3603,4.5417,0.079331528,low
/home/david/dev/agai-reu-pesticide/datasets/agai_correct/v3/coco_json_masks/train/largest_leaf_crop/ICP_600ppm_8_jpg.rf.29d2cca01bb56ea71de0a7dd0b5c3ffc.jpg,600 ppm 8,600,0.30825,3.3602,0.091735611,medium
/home/david/dev/agai-reu-pesticide/datasets/agai_correct/v3/coco_json_masks/train/largest_leaf_crop/ICP_800ppm_8_jpg.rf.ca45682c50ed5ac36540fe76a603b09b.jpg,800 ppm 8,800,0.74775,6.7865,0.110181979,medium
/home/david/dev/agai-reu-pesticide/datasets/agai_correct/v3/coco_json_masks/train/largest_leaf_crop/ICP_800ppm_1_jpg.rf.f01b8b1000f283fd99159a4e7e5e1425.jpg,800 ppm 1,800,1.1238,4.1736,0.269263945,high
/home/david/dev/agai-reu-pesticide/datasets/agai_correct/v3/coco_json_masks/train/largest_leaf_crop/ICP_400ppm_4_jpg.rf.2275560fdbe4fb3ea02d6746e716e3e7.jpg,400 ppm 4,400,0.3495,5.7602,0.060674977,low
/home/david/dev/agai-reu-pesticide/datasets/agai_correct/v3/coco_json_masks/train/largest_leaf_crop/ICP_400ppm_1_jpg.rf.07059b370636f99a5814d306c41ffec4.jpg,400 ppm 1,400,0.3354,4.1903,0.080042002,low
/home/david/dev/agai-reu-pesticide/datasets/agai_correct/v3/coco_json_masks/train/largest_leaf_crop/ICP_600ppm_4_jpg.rf.7e7383a82fd37a49e34669e30683eff3.jpg,600 ppm 4,600,0.348,2.5887,0.134430409,high
/home/david/dev/agai-reu-pesticide/datasets/agai_correct/v3/coco_json_masks/train/largest_leaf_crop/ICP_600ppm_2_jpg.rf.22e99716fa83fe3964280020675cd247.jpg,600 ppm 2,600,0.384,3.2471,0.11825937,medium
/home/david/dev/agai-reu-pesticide/datasets/agai_correct/v3/coco_json_masks/train/largest_leaf_crop/ICP_400ppm_2_jpg.rf.e565865954816342374137255e987f74.jpg,400 ppm 2,400,0.34035,5.6469,0.060272008,low
/home/david/dev/agai-reu-pesticide/datasets/agai_correct/v3/coco_json_masks/train/largest_leaf_crop/ICP_600ppm_5_jpg.rf.162c80840a85c32274cd06e4ba8a41bb.jpg,600 ppm 5,600,0.33255,4.5816,0.072583814,low
/home/david/dev/agai-reu-pesticide/datasets/agai_correct/v3/coco_json_masks/train/largest_leaf_crop/ICP_400ppm_7_jpg.rf.3e34b9ce27a8950c8184c2e3caa66f4d.jpg,400 ppm 7,400,0.4407,6.6825,0.065948373,low
/home/david/dev/agai-reu-pesticide/datasets/agai_correct/v3/coco_json_masks/train/largest_leaf_crop/ICP_400ppm_9_jpg.rf.29028b326d6a60d5082f3b2b453a8a3e.jpg,400 ppm 9,400,0.4413,4.5462,0.097070081,medium
/home/david/dev/agai-reu-pesticide/datasets/agai_correct/v3/coco_json_masks/train/largest_leaf_crop/ICP_800ppm_5_jpg.rf.ec1354aea29b95efb2ce0d97638e8d21.jpg,800 ppm 5,800,0.41355,5.3792,0.076879462,low
/home/david/dev/agai-reu-pesticide/datasets/agai_correct/v3/coco_json_masks/train/largest_leaf_crop/ICP_800ppm_3_jpg.rf.81dcadfb32fa6139e8674e7cc34f26dd.jpg,800 ppm 3,800,0.45435,4.0085,0.113346638,medium
/home/david/dev/agai-reu-pesticide/datasets/agai_correct/v3/coco_json_masks/train/largest_leaf_crop/ICP_400ppm_8_jpg.rf.ee2f9ab51f6b5de3c54b95e236cdc732.jpg,400 ppm 8,400,0.47085,5.4058,0.087100892,low
/home/david/dev/agai-reu-pesticide/datasets/agai_correct/v3/coco_json_masks/train/largest_leaf_crop/ICP_800ppm_4_jpg.rf.43684dd82650cbc9a895e6f218f46a47.jpg,800 ppm 4,800,0.4959,4.5991,0.107825444,medium
/home/david/dev/agai-reu-pesticide/datasets/agai_correct/v3/coco_json_masks/train/largest_leaf_crop/ICP_600ppm_7_jpg.rf.61c405f290bbc3b863ca8527cb5211ae.jpg,600 ppm 7,600,0.35955,4.2343,0.084913681,low
/home/david/dev/agai-reu-pesticide/datasets/agai_correct/v3/coco_json_masks/train/largest_leaf_crop/ICP_1Kppm_3_jpg.rf.1b4ea19d3a3809938467808d35662762.jpg,1000 ppm 3,1000,0.85515,5.9973,0.142589165,high
/home/david/dev/agai-reu-pesticide/datasets/agai_correct/v3/coco_json_masks/train/largest_leaf_crop/ICP_600ppm_3_jpg.rf.f824ab9238a2b11e44f40fecdfa4190d.jpg,600 ppm 3,600,0.3387,2.508,0.135047847,high
/home/david/dev/agai-reu-pesticide/datasets/agai_correct/v3/coco_json_masks/train/largest_leaf_crop/ICP_1Kppm_5_jpg.rf.b6ceeace419a94b99d535d8e584bffb7.jpg,1000 ppm 5,1000,0.35175,3.2081,0.109644338,medium
/home/david/dev/agai-reu-pesticide/datasets/agai_correct/v3/coco_json_masks/train/largest_leaf_crop/ICP_1Kppm_7_jpg.rf.e8d3a1493113b55aefee4a349c2aa2ec.jpg,1000 ppm 7,1000,0.90345,5.5375,0.163151242,high
