filename,ppm_bin,sample_ID,width,height,num_leaf,num_residue,set
ICP_1Kppm_1_jpg.rf.f29f3945a86f0983ed2e4cdeb348ed24.jpg,1000,1,2084,4624,11,73,val
ICP_1Kppm_2_jpg.rf.ca5aface4646e59540bd497e1ce176fb.jpg,1000,2,4624,2084,12,43,train
ICP_1Kppm_3_jpg.rf.1b4ea19d3a3809938467808d35662762.jpg,1000,3,2084,4624,17,132,train
ICP_1Kppm_4_jpg.rf.7d980177dfafe9e19af17c0fe5d0c658.jpg,1000,4,2084,4624,26,191,val
ICP_1Kppm_5_jpg.rf.b6ceeace419a94b99d535d8e584bffb7.jpg,1000,5,2084,4624,28,182,train
ICP_1Kppm_6_jpg.rf.5893bd4a2df9c293aa2564df6978a15d.jpg,1000,6,2084,4624,21,117,val
ICP_1Kppm_7_jpg.rf.e8d3a1493113b55aefee4a349c2aa2ec.jpg,1000,7,2084,4624,15,151,train
ICP_1Kppm_8_jpg.rf.b9378ecc3fd978100cc2bcf403c3e253.jpg,1000,8,2084,4624,22,82,train
ICP_1Kppm_9_jpg.rf.7bd48893fed359aae98d7eb0e890c256.jpg,1000,9,2084,4624,12,159,val
ICP_800ppm_1_jpg.rf.f01b8b1000f283fd99159a4e7e5e1425.jpg,800,1,3024,4032,23,165,train
ICP_800ppm_2_jpg.rf.2444cad122d79491f0c4cbc7837c1e9a.jpg,800,2,3024,4032,10,65,val
ICP_800ppm_3_jpg.rf.81dcadfb32fa6139e8674e7cc34f26dd.jpg,800,3,3024,4032,7,94,train
ICP_800ppm_4_jpg.rf.43684dd82650cbc9a895e6f218f46a47.jpg,800,4,3024,4032,35,38,train
ICP_800ppm_5_jpg.rf.ec1354aea29b95efb2ce0d97638e8d21.jpg,800,5,3024,4032,54,188,train
ICP_800ppm_6_jpg.rf.a42c88fd80c9891328b182086bfab922.jpg,800,6,3024,4032,27,282,train
ICP_800ppm_7_jpg.rf.d794b72b0b7cf79570d52ecb1b0d0a4e.jpg,800,7,3024,4032,24,210,train
ICP_800ppm_8_jpg.rf.ca45682c50ed5ac36540fe76a603b09b.jpg,800,8,3024,4032,17,121,train
ICP_800ppm_9_jpg.rf.7b27b9a5391d6fe2de7fad852c9595a4.jpg,800,9,3024,4032,17,16,val
ICP_600ppm_1_jpg.rf.08e5e0ea3e025b586c9b4bd69f0dacc5.jpg,600,1,2084,4624,49,27,val
ICP_600ppm_2_jpg.rf.22e99716fa83fe3964280020675cd247.jpg,600,2,4624,2084,12,80,train
ICP_600ppm_3_jpg.rf.f824ab9238a2b11e44f40fecdfa4190d.jpg,600,3,2084,4624,16,72,train
ICP_600ppm_4_jpg.rf.7e7383a82fd37a49e34669e30683eff3.jpg,600,4,2084,4624,19,33,train
ICP_600ppm_5_jpg.rf.162c80840a85c32274cd06e4ba8a41bb.jpg,600,5,2084,4624,8,180,train
ICP_600ppm_6_jpg.rf.c47dba635832504a95fea979a5fc326a.jpg,600,6,2084,4624,19,122,val
ICP_600ppm_7_jpg.rf.61c405f290bbc3b863ca8527cb5211ae.jpg,600,7,2084,4624,19,4,train
ICP_600ppm_8_jpg.rf.29d2cca01bb56ea71de0a7dd0b5c3ffc.jpg,600,8,2084,4624,18,17,train
ICP_600ppm_9_jpg.rf.d94597aeb9834b968d2074b6696a2c31.jpg,600,9,2084,4624,14,16,val
ICP_400ppm_1_jpg.rf.07059b370636f99a5814d306c41ffec4.jpg,400,1,3024,4032,18,160,train
ICP_400ppm_2_jpg.rf.e565865954816342374137255e987f74.jpg,400,2,3024,4032,16,156,train
ICP_400ppm_3_jpg.rf.abfcd913ec3d3cfa9ec84d261eec1dfb.jpg,400,3,3024,4032,10,65,val
ICP_400ppm_4_jpg.rf.2275560fdbe4fb3ea02d6746e716e3e7.jpg,400,4,3024,4032,20,147,train
ICP_400ppm_5_jpg.rf.0fc19b292dc1517d9bfd6665fb534934.jpg,400,5,3024,4032,9,78,train
ICP_400ppm_6_jpg.rf.cfa1b75bc282189cd59afdb373242909.jpg,400,6,3024,4032,11,145,val
ICP_400ppm_7_jpg.rf.3e34b9ce27a8950c8184c2e3caa66f4d.jpg,400,7,3024,4032,12,87,train
ICP_400ppm_8_jpg.rf.ee2f9ab51f6b5de3c54b95e236cdc732.jpg,400,8,3024,4032,13,117,train
ICP_400ppm_9_jpg.rf.29028b326d6a60d5082f3b2b453a8a3e.jpg,400,9,3024,4032,15,131,train
