stage,epoch,learning_rate,objective,rps_weight,selection_metric,train_accuracy,train_macro_f1,train_log_loss,train_rps,train_low_to_high_count,train_high_to_low_count,train_brier,train_ordinal_mae,train_extreme_error_rate,train_recall_low,train_recall_medium,train_recall_high,train_precision_low,train_precision_medium,train_precision_high,train_f1_low,train_f1_medium,train_f1_high,train_support_low,train_predicted_low,train_support_medium,train_predicted_medium,train_support_high,train_predicted_high,train_loss,validation_accuracy,validation_macro_f1,validation_log_loss,validation_rps,validation_low_to_high_count,validation_high_to_low_count,validation_brier,validation_ordinal_mae,validation_extreme_error_rate,validation_recall_low,validation_recall_medium,validation_recall_high,validation_precision_low,validation_precision_medium,validation_precision_high,validation_f1_low,validation_f1_medium,validation_f1_high,validation_support_low,validation_predicted_low,validation_support_medium,validation_predicted_medium,validation_support_high,validation_predicted_high,validation_loss
inner_candidate_1,1,0.0001,coral,1.0,macro_f1,0.275,0.2074074074074074,1.1099323474623155,0.22737962127064443,16,32,0.6741783092320364,1.125,0.4,0.6,0.0,0.21951219512195122,0.3,0.0,0.225,0.4,0.0,0.2222222222222222,40,80,39,0,41,40,1.2958202163378398,0.4,0.3154701718907988,1.088174069954858,0.21596923509591148,2,8,0.6597946764944032,0.85,0.25,0.8461538461538461,0.0,0.38461538461538464,0.36666666666666664,0.0,0.5,0.5116279069767442,0.0,0.43478260869565216,13,30,14,0,13,10,1.2457222759723663
inner_candidate_1,2,0.0001,coral,1.0,macro_f1,0.31666666666666665,0.18560706401766003,1.105401132201004,0.22587436925475007,38,5,0.6710874505591865,1.0416666666666667,0.35833333333333334,0.05,0.0,0.8780487804878049,0.2,0.0,0.32727272727272727,0.08,0.0,0.4768211920529801,40,10,39,0,41,110,1.2891066710154215,0.35,0.21437908496732025,1.0835577428594312,0.21444051637479475,12,0,0.6564626458336098,0.95,0.3,0.07692307692307693,0.0,1.0,0.5,0.0,0.34210526315789475,0.13333333333333333,0.0,0.5098039215686274,13,2,14,0,13,38,1.2390865623950957
inner_candidate_1,3,0.0001,coral,1.0,macro_f1,0.36666666666666664,0.29193899782135074,1.094772751429322,0.22233128887161804,18,19,0.6640900916795791,0.9416666666666667,0.30833333333333335,0.55,0.0,0.5365853658536586,0.3548387096774194,0.0,0.3793103448275862,0.43137254901960786,0.0,0.4444444444444444,40,62,39,0,41,58,1.273060886065165,0.475,0.3870767319043182,1.0777614970437863,0.2125012847452851,3,4,0.6526684649805745,0.7,0.175,0.7692307692307693,0.0,0.6923076923076923,0.4166666666666667,0.0,0.5625,0.5405405405405406,0.0,0.6206896551724138,13,24,14,0,13,16,1.2303100883960725
inner_candidate_1,4,0.0001,coral,1.0,macro_f1,0.4166666666666667,0.3197674418604651,1.0787621325987047,0.2170070224629962,25,6,0.6533236540129121,0.8416666666666667,0.25833333333333336,0.375,0.0,0.8536585365853658,0.46875,0.0,0.3977272727272727,0.4166666666666667,0.0,0.5426356589147286,40,32,39,0,41,88,1.249149469534556,0.4,0.3190883190883191,1.0729960805960537,0.21092497958332634,7,3,0.6492575427286045,0.85,0.25,0.46153846153846156,0.0,0.7692307692307693,0.42857142857142855,0.0,0.38461538461538464,0.4444444444444444,0.0,0.5128205128205128,13,14,14,0,13,26,1.2234293818473816
inner_candidate_1,5,0.0001,coral,1.0,macro_f1,0.45,0.3515943833437089,1.0688224589856845,0.21370664467731285,21,6,0.6463533185225014,0.775,0.225,0.475,0.0,0.8536585365853658,0.48717948717948717,0.0,0.43209876543209874,0.4810126582278481,0.0,0.5737704918032787,40,39,39,0,41,81,1.2346335490544638,0.4,0.3182957393483709,1.0694375557398712,0.2097496851862294,7,3,0.646757080749004,0.85,0.25,0.46153846153846156,0.0,0.7692307692307693,0.4,0.0,0.4,0.42857142857142855,0.0,0.5263157894736842,13,15,14,0,13,25,1.218236768245697
inner_candidate_1,6,0.0001,coral,1.0,macro_f1,0.4083333333333333,0.300533766535159,1.0664667428802912,0.21298300096608838,29,3,0.6445854825718295,0.8583333333333333,0.26666666666666666,0.275,0.0,0.926829268292683,0.5,0.0,0.3877551020408163,0.3548387096774194,0.0,0.5467625899280576,40,22,39,0,41,98,1.2313546101252237,0.425,0.33618233618233617,1.0654823090984142,0.20844889092887234,7,2,0.6439745417837963,0.8,0.225,0.46153846153846156,0.0,0.8461538461538461,0.42857142857142855,0.0,0.4230769230769231,0.4444444444444444,0.0,0.5641025641025641,13,14,14,0,13,26,1.2124771893024444
inner_candidate_1,7,0.0001,coral,1.0,macro_f1,0.48333333333333334,0.38225753061900036,1.0577430909044714,0.21004025621877856,16,7,0.638953838365125,0.7083333333333334,0.19166666666666668,0.6,0.0,0.8292682926829268,0.43636363636363634,0.0,0.5230769230769231,0.5052631578947369,0.0,0.6415094339622641,40,55,39,0,41,65,1.218037337064743,0.425,0.3460702081391737,1.062105406174327,0.2073259440108471,4,5,0.6417670729727222,0.8,0.225,0.6923076923076923,0.0,0.6153846153846154,0.375,0.0,0.5,0.4864864864864865,0.0,0.5517241379310345,13,24,14,0,13,16,1.2073630928993224
inner_candidate_1,8,0.0001,coral,1.0,macro_f1,0.475,0.3720645293036553,1.050512824622871,0.20768439079846673,19,5,0.6336075902937102,0.725,0.2,0.525,0.0,0.8780487804878049,0.4883720930232558,0.0,0.4675324675324675,0.5060240963855421,0.0,0.6101694915254238,40,43,39,0,41,77,1.2078280707200368,0.45,0.3666666666666667,1.059501709878037,0.20648041077091683,4,4,0.6398960917048641,0.75,0.2,0.6923076923076923,0.0,0.6923076923076923,0.391304347826087,0.0,0.5294117647058824,0.5,0.0,0.6,13,23,14,0,13,17,1.203630554676056
inner_candidate_1,9,0.0001,coral,1.0,macro_f1,0.49166666666666664,0.3893893893893894,1.0419455424572213,0.20484370399202437,15,7,0.6279543265762528,0.6916666666666667,0.18333333333333332,0.625,0.0,0.8292682926829268,0.5,0.0,0.4857142857142857,0.5555555555555556,0.0,0.6126126126126126,40,50,39,0,41,70,1.194911209742228,0.45,0.3666666666666667,1.0560933542623376,0.20536407780586394,4,4,0.637547857673676,0.75,0.2,0.6923076923076923,0.0,0.6923076923076923,0.391304347826087,0.0,0.5294117647058824,0.5,0.0,0.6,13,23,14,0,13,17,1.1986133456230164
inner_candidate_1,10,0.0001,coral,1.0,macro_f1,0.5083333333333333,0.40483264012675785,1.0385307903660228,0.20371400851953822,10,10,0.6257350499864465,0.6583333333333333,0.16666666666666666,0.75,0.0,0.7560975609756098,0.4838709677419355,0.0,0.5344827586206896,0.5882352941176471,0.0,0.6262626262626263,40,62,39,0,41,58,1.18973455230395,0.45,0.3666666666666667,1.0539523099857946,0.20468870733426012,4,4,0.6359359880752082,0.75,0.2,0.6923076923076923,0.0,0.6923076923076923,0.391304347826087,0.0,0.5294117647058824,0.5,0.0,0.6,13,23,14,0,13,17,1.195656704902649
inner_candidate_1,11,0.0001,coral,1.0,macro_f1,0.5,0.3933658933658934,1.0279084086343917,0.2002908597250105,17,4,0.6180503824373489,0.675,0.175,0.575,0.0,0.9024390243902439,0.5227272727272727,0.0,0.4868421052631579,0.5476190476190477,0.0,0.6324786324786325,40,44,39,0,41,76,1.1745891869068146,0.45,0.35911773842808326,1.0509189176642144,0.203744168310578,6,2,0.6336713680040489,0.75,0.2,0.5384615384615384,0.0,0.8461538461538461,0.4375,0.0,0.4583333333333333,0.4827586206896552,0.0,0.5945945945945946,13,16,14,0,13,24,1.1914616763591765
inner_candidate_1,12,0.0001,coral,1.0,macro_f1,0.5,0.3989168482927152,1.0253604313540987,0.19942097890339158,12,9,0.6165597326648941,0.675,0.175,0.7,0.0,0.7804878048780488,0.4444444444444444,0.0,0.5614035087719298,0.5436893203883495,0.0,0.6530612244897959,40,63,39,0,41,57,1.1705046514670054,0.45,0.3666666666666667,1.0492263340362946,0.20318184740452683,4,4,0.6326111890197901,0.75,0.2,0.6923076923076923,0.0,0.6923076923076923,0.391304347826087,0.0,0.5294117647058824,0.5,0.0,0.6,13,23,14,0,13,17,1.1888544380664825
inner_candidate_1,13,0.0001,coral,1.0,macro_f1,0.525,0.4160714285714286,1.017917968927413,0.19702800402720774,13,5,0.6113378836770962,0.625,0.15,0.675,0.0,0.8780487804878049,0.48214285714285715,0.0,0.5625,0.5625,0.0,0.6857142857142857,40,56,39,0,41,64,1.1597205420335135,0.45,0.3666666666666667,1.047525299326828,0.20264531063531735,4,4,0.6314393383939904,0.75,0.2,0.6923076923076923,0.0,0.6923076923076923,0.391304347826087,0.0,0.5294117647058824,0.5,0.0,0.6,13,23,14,0,13,17,1.1863856792449952
inner_candidate_1,14,0.0001,coral,1.0,macro_f1,0.5166666666666667,0.40992598466825275,1.0123414418752512,0.1952097524372464,13,6,0.6076342677684515,0.6416666666666667,0.15833333333333333,0.675,0.0,0.8536585365853658,0.47368421052631576,0.0,0.5555555555555556,0.5567010309278351,0.0,0.6730769230769231,40,57,39,0,41,63,1.1513714790344238,0.475,0.3848039215686274,1.045550632502429,0.20204585469243413,4,3,0.6299613677556433,0.7,0.175,0.6923076923076923,0.0,0.7692307692307693,0.42857142857142855,0.0,0.5263157894736842,0.5294117647058824,0.0,0.625,13,21,14,0,13,19,1.1836914420127869
inner_candidate_1,15,0.0001,coral,1.0,macro_f1,0.5333333333333333,0.4255220724292889,1.006773417871921,0.19337702443007407,9,8,0.6036899263542004,0.6083333333333333,0.14166666666666666,0.775,0.0,0.8048780487804879,0.484375,0.0,0.5892857142857143,0.5961538461538461,0.0,0.6804123711340206,40,64,39,0,41,56,1.1433047533035279,0.475,0.3838383838383838,1.0439080511572114,0.20155721609161983,4,3,0.6287748664312688,0.7,0.175,0.6923076923076923,0.0,0.7692307692307693,0.45,0.0,0.5,0.5454545454545454,0.0,0.6060606060606061,13,20,14,0,13,20,1.1814287185668946
inner_candidate_1,16,0.0001,coral,1.0,macro_f1,0.525,0.4158356601515756,1.0037234536936228,0.1925453840519113,13,5,0.601388654159284,0.625,0.15,0.675,0.0,0.8780487804878049,0.5192307692307693,0.0,0.5294117647058824,0.5869565217391305,0.0,0.6605504587155964,40,52,39,0,41,68,1.139282766977946,0.475,0.3838383838383838,1.0417793111386415,0.2009077791300636,4,3,0.6272860936719038,0.7,0.175,0.6923076923076923,0.0,0.7692307692307693,0.45,0.0,0.5,0.5454545454545454,0.0,0.6060606060606061,13,20,14,0,13,20,1.1784153282642365
inner_candidate_1,17,0.0001,coral,1.0,macro_f1,0.525,0.41750841750841755,0.9953973164657797,0.18979181235300047,11,7,0.5956934623304477,0.625,0.15,0.725,0.0,0.8292682926829268,0.4915254237288136,0.0,0.5573770491803278,0.5858585858585859,0.0,0.6666666666666666,40,59,39,0,41,61,1.1269718746344248,0.45,0.3666666666666667,1.0404012751179779,0.20042909514866447,4,4,0.6265625140553178,0.75,0.2,0.6923076923076923,0.0,0.6923076923076923,0.391304347826087,0.0,0.5294117647058824,0.5,0.0,0.6,13,23,14,0,13,17,1.1760939598083495
inner_candidate_1,18,0.0001,coral,1.0,macro_f1,0.5333333333333333,0.4264725435447414,0.9979740956696878,0.19057643133064076,7,10,0.5979713485459773,0.6083333333333333,0.14166666666666666,0.825,0.0,0.7560975609756098,0.4782608695652174,0.0,0.6078431372549019,0.6055045871559633,0.0,0.6739130434782609,40,69,39,0,41,51,1.1300788978735605,0.475,0.38648233486943157,1.0387236840733614,0.19993343595654398,4,3,0.6253323348526522,0.7,0.175,0.6923076923076923,0.0,0.7692307692307693,0.4090909090909091,0.0,0.5555555555555556,0.5142857142857142,0.0,0.6451612903225806,13,22,14,0,13,18,1.1738171339035035
inner_candidate_1,19,0.0001,coral,1.0,macro_f1,0.5166666666666667,0.4066260987153482,0.995152513927259,0.19000156940013327,16,3,0.5952628677903294,0.6416666666666667,0.15833333333333333,0.6,0.0,0.926829268292683,0.5333333333333333,0.0,0.5066666666666667,0.5647058823529412,0.0,0.6551724137931034,40,45,39,0,41,75,1.127367474635442,0.475,0.3815668202764977,1.03792596983685,0.19980844276730192,5,2,0.6245993636138177,0.7,0.175,0.6153846153846154,0.0,0.8461538461538461,0.4444444444444444,0.0,0.5,0.5161290322580645,0.0,0.6285714285714286,13,18,14,0,13,22,1.173107808828354
inner_candidate_1,20,0.0001,coral,1.0,macro_f1,0.5666666666666667,0.4516129032258065,0.9853024008640681,0.18657138243847105,4,9,0.5891582711733421,0.5416666666666666,0.10833333333333334,0.9,0.0,0.7804878048780488,0.5294117647058824,0.0,0.6153846153846154,0.6666666666666666,0.0,0.6881720430107527,40,68,39,0,41,52,1.1117778937021892,0.45,0.3659147869674186,1.0366306285124043,0.19929752153307737,3,5,0.6240442949550244,0.75,0.2,0.7692307692307693,0.0,0.6153846153846154,0.4,0.0,0.5333333333333333,0.5263157894736842,0.0,0.5714285714285714,13,25,14,0,13,15,1.1706732511520386
inner_candidate_1,21,0.0001,coral,1.0,macro_f1,0.5333333333333333,0.42194344882516926,0.986901713273307,0.18732033875352094,13,4,0.5895660206820459,0.6083333333333333,0.14166666666666666,0.675,0.0,0.9024390243902439,0.5094339622641509,0.0,0.5522388059701493,0.5806451612903226,0.0,0.6851851851851852,40,53,39,0,41,67,1.1152798116207123,0.475,0.38648233486943157,1.0342597797435455,0.1985892251395377,4,3,0.6223349872233289,0.7,0.175,0.6923076923076923,0.0,0.7692307692307693,0.4090909090909091,0.0,0.5555555555555556,0.5142857142857142,0.0,0.6451612903225806,13,22,14,0,13,18,1.1674161434173584
inner_candidate_1,22,0.0001,coral,1.0,macro_f1,0.55,0.4405430711610487,0.9730062649940492,0.1826536644420854,5,10,0.580950679610703,0.575,0.125,0.875,0.0,0.7560975609756098,0.4861111111111111,0.0,0.6458333333333334,0.625,0.0,0.6966292134831461,40,72,39,0,41,48,1.0935541212558746,0.475,0.38648233486943157,1.0338153648656132,0.1984815701833785,4,3,0.6220665084580823,0.7,0.175,0.6923076923076923,0.0,0.7692307692307693,0.4090909090909091,0.0,0.5555555555555556,0.5142857142857142,0.0,0.6451612903225806,13,22,14,0,13,18,1.1668021976947784
inner_candidate_1,23,0.0001,coral,1.0,macro_f1,0.5666666666666667,0.45243296921549153,0.9722870698812849,0.18246288824170093,6,7,0.5801580171312435,0.5416666666666666,0.10833333333333334,0.85,0.0,0.8292682926829268,0.5151515151515151,0.0,0.6296296296296297,0.6415094339622641,0.0,0.7157894736842105,40,66,39,0,41,54,1.0929193596045177,0.425,0.34377967711301044,1.033644920328458,0.1984267836359062,3,6,0.6221675207007722,0.8,0.225,0.7692307692307693,0.0,0.5384615384615384,0.38461538461538464,0.0,0.5,0.5128205128205128,0.0,0.5185185185185185,13,26,14,0,13,14,1.1663050413131715
inner_candidate_1,24,0.0001,coral,1.0,macro_f1,0.5333333333333333,0.4236111111111111,0.9737761922509656,0.18315196897495287,11,6,0.5809825814786621,0.6083333333333333,0.14166666666666666,0.725,0.0,0.8536585365853658,0.5178571428571429,0.0,0.546875,0.6041666666666666,0.0,0.6666666666666666,40,56,39,0,41,64,1.0957321544488272,0.475,0.3815668202764977,1.0321842864974644,0.19817391775720933,5,2,0.6207656484246498,0.7,0.175,0.6153846153846154,0.0,0.8461538461538461,0.4444444444444444,0.0,0.5,0.5161290322580645,0.0,0.6285714285714286,13,18,14,0,13,22,1.165079230070114
inner_candidate_1,25,0.0001,coral,1.0,macro_f1,0.5583333333333333,0.4440483264012676,0.9609617462026312,0.17901376320145806,9,5,0.572080924313952,0.5583333333333333,0.11666666666666667,0.775,0.0,0.8780487804878049,0.5254237288135594,0.0,0.5901639344262295,0.6262626262626263,0.0,0.7058823529411765,40,59,39,0,41,61,1.0771046241124471,0.475,0.38648233486943157,1.0305585809491102,0.1975445575780182,4,3,0.6199326673618414,0.7,0.175,0.6923076923076923,0.0,0.7692307692307693,0.4090909090909091,0.0,0.5555555555555556,0.5142857142857142,0.0,0.6451612903225806,13,22,14,0,13,18,1.1621850073337554
inner_candidate_1,26,0.0001,coral,1.0,macro_f1,0.5583333333333333,0.44724724724724724,0.9572545835554631,0.17777453773880553,5,9,0.5698573189417329,0.5583333333333333,0.11666666666666667,0.875,0.0,0.7804878048780488,0.49295774647887325,0.0,0.6530612244897959,0.6306306306306306,0.0,0.7111111111111111,40,71,39,0,41,49,1.0711398502190908,0.475,0.38648233486943157,1.0297857614564148,0.1973235472627557,4,3,0.6195170573872001,0.7,0.175,0.6923076923076923,0.0,0.7692307692307693,0.4090909090909091,0.0,0.5555555555555556,0.5142857142857142,0.0,0.6451612903225806,13,22,14,0,13,18,1.1609892129898072
inner_candidate_1,27,0.0001,coral,1.0,macro_f1,0.55,0.43841225810712636,0.954985832088407,0.1771450898448685,8,7,0.5681904788667128,0.575,0.125,0.8,0.0,0.8292682926829268,0.5079365079365079,0.0,0.5964912280701754,0.6213592233009708,0.0,0.6938775510204082,40,63,39,0,41,57,1.068190970023473,0.475,0.38648233486943157,1.0283011665938653,0.19691525220686001,4,3,0.6184379301723117,0.7,0.175,0.6923076923076923,0.0,0.7692307692307693,0.4090909090909091,0.0,0.5555555555555556,0.5142857142857142,0.0,0.6451612903225806,13,22,14,0,13,18,1.159052813053131
inner_candidate_1,28,0.0001,coral,1.0,macro_f1,0.5416666666666666,0.43193232883954535,0.9556612238213401,0.17744575978121668,8,8,0.5689374987135817,0.5916666666666667,0.13333333333333333,0.8,0.0,0.8048780487804879,0.5,0.0,0.5892857142857143,0.6153846153846154,0.0,0.6804123711340206,40,64,39,0,41,56,1.0689484735329946,0.475,0.38648233486943157,1.0280360100374104,0.1968595882849133,4,3,0.6182977918578618,0.7,0.175,0.6923076923076923,0.0,0.7692307692307693,0.4090909090909091,0.0,0.5555555555555556,0.5142857142857142,0.0,0.6451612903225806,13,22,14,0,13,18,1.1586881756782532
inner_candidate_1,29,0.0001,coral,1.0,macro_f1,0.5166666666666667,0.411776367961935,0.9592010739233193,0.17851822639738843,9,10,0.5717366630454189,0.6416666666666667,0.15833333333333333,0.775,0.0,0.7560975609756098,0.484375,0.0,0.5535714285714286,0.5961538461538461,0.0,0.6391752577319587,40,64,39,0,41,56,1.0735467414061228,0.425,0.3460702081391737,1.0278041003448812,0.19679159453710532,4,5,0.618310572594394,0.8,0.225,0.6923076923076923,0.0,0.6153846153846154,0.375,0.0,0.5,0.4864864864864865,0.0,0.5517241379310345,13,24,14,0,13,16,1.1581766843795775
inner_candidate_1,30,0.0001,coral,1.0,macro_f1,0.55,0.4386904761904762,0.9458428429879564,0.17436925090367092,7,8,0.5623726967367724,0.575,0.125,0.825,0.0,0.8048780487804879,0.5076923076923077,0.0,0.6,0.6285714285714286,0.0,0.6875,40,65,39,0,41,55,1.0545153081417085,0.475,0.38648233486943157,1.0267171962072486,0.19652589168194912,4,3,0.6174437690188139,0.7,0.175,0.6923076923076923,0.0,0.7692307692307693,0.4090909090909091,0.0,0.5555555555555556,0.5142857142857142,0.0,0.6451612903225806,13,22,14,0,13,18,1.1569253742694854
inner_candidate_2,1,0.001,coral,1.0,macro_f1,0.3416666666666667,0.2736111111111111,1.1017057744302021,0.224636759015208,12,29,0.6683417583425528,1.0,0.3416666666666667,0.7,0.02564102564102564,0.2926829268292683,0.3181818181818182,1.0,0.3870967741935484,0.4375,0.05,0.3333333333333333,40,88,39,1,41,31,1.283859133720398,0.325,0.16352201257861634,1.0786667927815357,0.21318169651918942,13,0,0.6531399300426306,1.0,0.325,0.0,0.0,1.0,0.0,0.0,0.325,0.0,0.0,0.49056603773584906,13,0,14,0,13,40,1.2322677612304687
inner_candidate_2,2,0.001,coral,1.0,macro_f1,0.4083333333333333,0.3259303922553847,1.0806108966076153,0.2180090505512462,18,13,0.6568700840897006,0.85,0.25833333333333336,0.55,0.0,0.6585365853658537,0.41509433962264153,0.0,0.4090909090909091,0.4731182795698925,0.0,0.5046728971962616,40,53,39,1,41,66,1.2499558011690775,0.375,0.28994708994708995,1.042177237941996,0.2010490788439691,2,9,0.6286920630183289,0.9,0.275,0.8461538461538461,0.0,0.3076923076923077,0.34375,0.0,0.5,0.4888888888888889,0.0,0.38095238095238093,13,32,14,0,13,8,1.1777742564678193
inner_candidate_2,3,0.001,coral,1.0,macro_f1,0.49166666666666664,0.3970608153866992,0.9833600708373976,0.18674081653039096,8,12,0.5877238510135778,0.675,0.16666666666666666,0.75,0.0,0.7073170731707317,0.44776119402985076,0.0,0.5686274509803921,0.5607476635514018,0.0,0.6304347826086957,40,67,39,2,41,51,1.1104277531305948,0.45,0.3617886178861789,1.027146702357276,0.19699559511884895,6,1,0.6177043183552711,0.725,0.175,0.46153846153846156,0.0,0.9230769230769231,0.5454545454545454,0.0,0.42857142857142855,0.5,0.0,0.5853658536585366,13,11,14,1,13,28,1.1583531379699707
inner_candidate_2,4,0.001,coral,1.0,macro_f1,0.5416666666666666,0.43647416413373863,0.9554413280111338,0.17798507055531523,6,8,0.5702643608447552,0.575,0.11666666666666667,0.825,0.0,0.7804878048780488,0.5076923076923077,0.0,0.6037735849056604,0.6285714285714286,0.0,0.6808510638297872,40,65,39,2,41,53,1.0681413431962332,0.475,0.40883367839889573,1.0249074487046879,0.19679713769589183,7,1,0.6169163277560965,0.725,0.2,0.46153846153846156,0.07142857142857142,0.9230769230769231,0.6,1.0,0.41379310344827586,0.5217391304347826,0.13333333333333333,0.5714285714285714,13,10,14,1,13,29,1.1554842293262482
inner_candidate_2,5,0.001,coral,1.0,macro_f1,0.5166666666666667,0.4132406487917908,0.937769284963971,0.1730823946196087,10,9,0.5569994911048289,0.6416666666666667,0.15833333333333333,0.75,0.0,0.7804878048780488,0.45454545454545453,0.0,0.5925925925925926,0.5660377358490566,0.0,0.6736842105263158,40,66,39,0,41,54,1.0453864693641663,0.475,0.3815668202764977,1.0165584269506147,0.19424668593501135,5,2,0.6113589267740807,0.7,0.175,0.6153846153846154,0.0,0.8461538461538461,0.4444444444444444,0.0,0.5,0.5161290322580645,0.0,0.6285714285714286,13,18,14,0,13,22,1.1436563730239868
inner_candidate_2,6,0.001,coral,1.0,macro_f1,0.55,0.44181658917862676,0.9249184796085753,0.16824250477890107,9,4,0.5537194866070857,0.5583333333333333,0.10833333333333334,0.775,0.0,0.8536585365853658,0.543859649122807,0.0,0.5737704918032787,0.6391752577319587,0.0,0.6862745098039216,40,57,39,2,41,61,1.0167485177516937,0.4,0.29833333333333334,1.1114799251636864,0.22268337308343567,0,10,0.6821969368097727,0.85,0.25,1.0,0.0,0.23076923076923078,0.35135135135135137,0.0,1.0,0.52,0.0,0.375,13,37,14,0,13,3,1.2707695960998535
inner_candidate_2,7,0.001,coral,1.0,macro_f1,0.55,0.43775179974902584,0.9093736367738541,0.16333566705939687,6,9,0.5446587621562972,0.575,0.125,0.85,0.0,0.7804878048780488,0.5396825396825397,0.0,0.5614035087719298,0.6601941747572816,0.0,0.6530612244897959,40,63,39,0,41,57,0.9915425082047781,0.475,0.3848039215686274,1.0081009558320353,0.19169971012999718,4,3,0.6069584876046529,0.7,0.175,0.6923076923076923,0.0,0.7692307692307693,0.42857142857142855,0.0,0.5263157894736842,0.5294117647058824,0.0,0.625,13,21,14,0,13,19,1.1307346284389497
inner_candidate_2,8,0.001,coral,1.0,macro_f1,0.575,0.47465437788018433,0.8827385507629645,0.15735422700454035,5,6,0.5236636055636532,0.5166666666666667,0.09166666666666666,0.875,0.02564102564102564,0.8048780487804879,0.5384615384615384,0.3333333333333333,0.6346153846153846,0.6666666666666666,0.047619047619047616,0.7096774193548387,40,65,39,3,41,52,0.9643721719582875,0.425,0.3433333333333333,1.0278735999145105,0.19771433822273826,2,6,0.621704623116296,0.775,0.2,0.8461538461538461,0.0,0.46153846153846156,0.4074074074074074,0.0,0.5,0.55,0.0,0.48,13,27,14,1,13,12,1.1577507257461548
inner_candidate_2,9,0.001,coral,1.0,macro_f1,0.5416666666666666,0.43670715249662617,0.8709152126546014,0.15452560974520888,8,6,0.5161136581305755,0.575,0.11666666666666667,0.8,0.0,0.8048780487804879,0.5,0.0,0.6111111111111112,0.6153846153846154,0.0,0.6947368421052632,40,64,39,2,41,54,0.9487422158320745,0.425,0.3433333333333333,1.0179298259964285,0.19465191653975736,2,6,0.6152780721657953,0.775,0.2,0.8461538461538461,0.0,0.46153846153846156,0.4074074074074074,0.0,0.5,0.55,0.0,0.48,13,27,14,1,13,12,1.1431967675685883
inner_candidate_2,10,0.001,coral,1.0,macro_f1,0.5416666666666666,0.45070707070707067,0.8563342633696294,0.15024837572775848,6,7,0.5083917205138003,0.5666666666666667,0.10833333333333334,0.8,0.02564102564102564,0.7804878048780488,0.5333333333333333,0.2,0.5818181818181818,0.64,0.045454545454545456,0.6666666666666666,40,60,39,5,41,55,0.926216009259224,0.475,0.3848039215686274,1.0107307666040533,0.19281457204903446,4,3,0.6096850923872216,0.7,0.175,0.6923076923076923,0.0,0.7692307692307693,0.42857142857142855,0.0,0.5263157894736842,0.5294117647058824,0.0,0.625,13,21,14,0,13,19,1.1346397697925568
inner_candidate_2,11,0.001,coral,1.0,macro_f1,0.575,0.4589285714285714,0.8484098707286106,0.1471561998233411,6,6,0.5021951543677893,0.525,0.1,0.85,0.0,0.8536585365853658,0.5230769230769231,0.0,0.6363636363636364,0.6476190476190476,0.0,0.7291666666666666,40,65,39,0,41,55,0.9134502361218134,0.475,0.3848039215686274,1.0058184535480792,0.1913715412042095,4,3,0.6065454261684133,0.7,0.175,0.6923076923076923,0.0,0.7692307692307693,0.42857142857142855,0.0,0.5263157894736842,0.5294117647058824,0.0,0.625,13,21,14,0,13,19,1.1277677595615387
inner_candidate_2,12,0.001,coral,1.0,macro_f1,0.6083333333333333,0.5157429544301964,0.8275087477806868,0.1411862528406085,4,4,0.490023573827976,0.4583333333333333,0.06666666666666667,0.875,0.05128205128205128,0.8780487804878049,0.5223880597014925,0.5,0.7346938775510204,0.6542056074766355,0.09302325581395349,0.8,40,67,39,4,41,49,0.88244356016318,0.375,0.3058459156020132,1.0429746053049365,0.20334246407130702,6,1,0.6320802825334291,0.8,0.175,0.3076923076923077,0.0,0.8461538461538461,0.5,0.0,0.39285714285714285,0.38095238095238093,0.0,0.5365853658536586,13,8,14,4,13,28,1.181291389465332
inner_candidate_2,13,0.001,coral,1.0,macro_f1,0.6166666666666667,0.5376600817976535,0.8306156341620261,0.14221407963845661,6,4,0.4908048667404939,0.4666666666666667,0.08333333333333333,0.85,0.10256410256410256,0.8780487804878049,0.5573770491803278,0.8,0.6666666666666666,0.6732673267326733,0.18181818181818182,0.7578947368421053,40,61,39,5,41,54,0.8887854268153509,0.45,0.37566137566137564,1.0152723068826925,0.19446370623290027,2,4,0.613018943308175,0.7,0.15,0.7692307692307693,0.0,0.6153846153846154,0.43478260869565216,0.0,0.5333333333333333,0.5555555555555556,0.0,0.5714285714285714,13,23,14,2,13,15,1.1419513642787933
inner_candidate_2,14,0.001,coral,1.0,macro_f1,0.6,0.5049993687867442,0.8371632082407875,0.14422576458168485,6,3,0.4976394791778579,0.475,0.075,0.8,0.05128205128205128,0.926829268292683,0.5423728813559322,0.5,0.6666666666666666,0.6464646464646465,0.09302325581395349,0.7755102040816326,40,59,39,4,41,57,0.8949551850557327,0.45,0.39552785923753664,1.019506378623631,0.19600242375343946,5,3,0.6161488472308526,0.75,0.2,0.6153846153846154,0.07142857142857142,0.6923076923076923,0.4444444444444444,0.5,0.45,0.5161290322580645,0.125,0.5454545454545454,13,18,14,2,13,20,1.1481258928775788
inner_candidate_2,15,0.001,coral,1.0,macro_f1,0.5916666666666667,0.49884400924792605,0.8065790687149005,0.13577770975458148,6,4,0.47444237689845964,0.49166666666666664,0.08333333333333333,0.85,0.05128205128205128,0.8536585365853658,0.5483870967741935,0.5,0.6481481481481481,0.6666666666666666,0.09302325581395349,0.7368421052631579,40,62,39,4,41,54,0.8567866375048955,0.45,0.3963585434173669,1.0204047675218422,0.19633150812008432,5,2,0.617817142777821,0.725,0.175,0.5384615384615384,0.07142857142857142,0.7692307692307693,0.4666666666666667,0.3333333333333333,0.45454545454545453,0.5,0.11764705882352941,0.5714285714285714,13,15,14,3,13,22,1.1480740189552308
inner_candidate_2,16,0.001,coral,1.0,macro_f1,0.6083333333333333,0.5232297730088599,0.8050422697356179,0.135184511263622,5,3,0.47391113353898573,0.4583333333333333,0.06666666666666667,0.825,0.07692307692307693,0.9024390243902439,0.5689655172413793,0.5,0.6607142857142857,0.673469387755102,0.13333333333333333,0.7628865979381443,40,58,39,6,41,56,0.8537143488725026,0.475,0.41959203036053133,1.0071362828835786,0.19215816371310326,3,3,0.609344999282213,0.675,0.15,0.6153846153846154,0.07142857142857142,0.7692307692307693,0.4444444444444444,0.3333333333333333,0.5263157894736842,0.5161290322580645,0.11764705882352941,0.625,13,18,14,3,13,19,1.1286317229270935
inner_candidate_2,17,0.001,coral,1.0,macro_f1,0.65,0.5748751156336726,0.7875014797230012,0.13027792519842984,4,2,0.46419047441622663,0.4,0.05,0.9,0.1282051282051282,0.9024390243902439,0.6,0.7142857142857143,0.6981132075471698,0.72,0.21739130434782608,0.7872340425531915,40,60,39,7,41,53,0.8276929597059886,0.5,0.4626718310928837,1.0061515953324403,0.1918051855472387,2,3,0.6086238756575566,0.625,0.125,0.7692307692307693,0.14285714285714285,0.6153846153846154,0.5,0.4,0.5333333333333333,0.6060606060606061,0.21052631578947367,0.5714285714285714,13,20,14,5,13,15,1.1275415241718292
inner_candidate_2,18,0.001,coral,1.0,macro_f1,0.6,0.5144857892382645,0.790770876661512,0.1306012389829156,3,1,0.4681726101115088,0.43333333333333335,0.03333333333333333,0.9,0.05128205128205128,0.8292682926829268,0.5901639344262295,0.2222222222222222,0.68,0.7128712871287128,0.08333333333333333,0.7472527472527473,40,61,39,9,41,50,0.8277648498614629,0.425,0.3673202614379085,1.08144619279278,0.2143989881541994,9,1,0.6600234081279889,0.825,0.25,0.23076923076923078,0.14285714285714285,0.9230769230769231,0.6,0.6666666666666666,0.375,0.3333333333333333,0.23529411764705882,0.5333333333333333,13,5,14,3,13,32,1.2311254382133483
inner_candidate_2,19,0.001,coral,1.0,macro_f1,0.6333333333333333,0.5184553669244899,0.7788114225379862,0.12797572516253194,4,1,0.46173092621708245,0.4083333333333333,0.041666666666666664,0.875,0.02564102564102564,0.975609756097561,0.6481481481481481,0.5,0.625,0.7446808510638298,0.04878048780487805,0.7619047619047619,40,54,39,2,41,64,0.8114943792422612,0.475,0.41312872975277065,1.0219338146389405,0.1963027715647868,1,5,0.6189339703330554,0.675,0.15,0.9230769230769231,0.07142857142857142,0.46153846153846156,0.4444444444444444,0.3333333333333333,0.6,0.6,0.11764705882352941,0.5217391304347826,13,27,14,3,13,10,1.1504367470741272
inner_candidate_2,20,0.001,coral,1.0,macro_f1,0.6583333333333333,0.5930139012126591,0.7702627068555518,0.12565343298879347,1,2,0.45308972695010513,0.36666666666666664,0.025,0.9,0.15384615384615385,0.9024390243902439,0.6206896551724138,0.5454545454545454,0.7254901960784313,0.7346938775510204,0.24,0.8043478260869565,40,58,39,11,41,51,0.8047076125939687,0.475,0.44102085278555864,1.0087542078206615,0.19274090890021806,2,5,0.6105014495025035,0.7,0.175,0.6923076923076923,0.14285714285714285,0.6153846153846154,0.42857142857142855,0.5,0.5333333333333333,0.5294117647058824,0.2222222222222222,0.5714285714285714,13,21,14,4,13,15,1.1317312240600585
inner_candidate_2,21,0.001,coral,1.0,macro_f1,0.6083333333333333,0.5059848484848485,0.7900207259216363,0.13191785300074785,5,0,0.46848645835149916,0.43333333333333335,0.041666666666666664,0.825,0.02564102564102564,0.9512195121951219,0.55,0.2,0.7090909090909091,0.66,0.045454545454545456,0.8125,40,60,39,5,41,55,0.8293603102366129,0.425,0.341991341991342,1.0295387055009189,0.19834806417386314,1,6,0.6245021124908852,0.75,0.175,0.9230769230769231,0.0,0.38461538461538464,0.41379310344827586,0.0,0.5555555555555556,0.5714285714285714,0.0,0.45454545454545453,13,29,14,2,13,9,1.1603963375091553
inner_candidate_2,22,0.001,coral,1.0,macro_f1,0.65,0.5592889639322733,0.7539802410814059,0.12149356079887749,1,2,0.4432867237358688,0.375,0.025,0.925,0.07692307692307693,0.926829268292683,0.5873015873015873,0.5,0.7450980392156863,0.7184466019417476,0.13333333333333333,0.8260869565217391,40,63,39,6,41,51,0.7825178603331248,0.45,0.42517788724685274,1.0061868794128817,0.19207859843736713,2,3,0.6100019421377445,0.675,0.125,0.6153846153846154,0.14285714285714285,0.6153846153846154,0.47058823529411764,0.2857142857142857,0.5,0.5333333333333333,0.19047619047619047,0.5517241379310345,13,17,14,7,13,16,1.1267524421215058
inner_candidate_2,23,0.001,coral,1.0,macro_f1,0.6583333333333333,0.5852550310475245,0.753178278041758,0.12097807055934066,1,3,0.44241264093155624,0.375,0.03333333333333333,0.925,0.1282051282051282,0.9024390243902439,0.578125,0.625,0.7708333333333334,0.7115384615384616,0.2127659574468085,0.8314606741573034,40,64,39,8,41,48,0.7811640709638595,0.475,0.4422322775263952,1.0049857072374753,0.1916879870660067,1,4,0.6094024592570609,0.65,0.125,0.7692307692307693,0.14285714285714285,0.5384615384615384,0.47619047619047616,0.3333333333333333,0.5384615384615384,0.5882352941176471,0.2,0.5384615384615384,13,21,14,6,13,13,1.125269079208374
inner_candidate_2,24,0.001,coral,1.0,macro_f1,0.625,0.5445286195286195,0.7618533041655382,0.12449325830064648,6,2,0.4492730615652183,0.44166666666666665,0.06666666666666667,0.85,0.10256410256410256,0.9024390243902439,0.6071428571428571,0.6666666666666666,0.6379310344827587,0.7083333333333334,0.17777777777777778,0.7474747474747475,40,56,39,6,41,58,0.7945750614007314,0.425,0.3856624319419238,1.0063850295519188,0.1922777207415344,2,4,0.6103514523481056,0.725,0.15,0.6153846153846154,0.07142857142857142,0.6153846153846154,0.42105263157894735,0.2,0.5,0.5,0.10526315789473684,0.5517241379310345,13,19,14,5,13,16,1.1274921894073486
inner_candidate_2,25,0.001,coral,1.0,macro_f1,0.6416666666666667,0.5502522092008951,0.7430258685417274,0.11927668261843681,3,2,0.4359887808633685,0.4,0.041666666666666664,0.9,0.07692307692307693,0.926829268292683,0.5806451612903226,0.6,0.7169811320754716,0.7058823529411765,0.13636363636363635,0.8085106382978723,40,62,39,5,41,53,0.7703567922115326,0.55,0.5314814814814816,1.0120241330159891,0.19383315420520966,1,5,0.614377854306538,0.6,0.15,0.8461538461538461,0.2857142857142857,0.5384615384615384,0.4782608695652174,0.6666666666666666,0.6363636363636364,0.6111111111111112,0.4,0.5833333333333334,13,23,14,6,13,11,1.135206836462021
inner_candidate_2,26,0.001,coral,1.0,macro_f1,0.6666666666666666,0.5904918782887211,0.7271871693585265,0.11438502378492786,1,2,0.42491338226737735,0.35833333333333334,0.025,0.9,0.1282051282051282,0.9512195121951219,0.6,0.625,0.75,0.72,0.2127659574468085,0.8387096774193549,40,60,39,8,41,52,0.7486024737358093,0.525,0.49619047619047624,1.0079072625418013,0.1926618255000319,1,4,0.6124375778265826,0.6,0.125,0.8461538461538461,0.21428571428571427,0.5384615384615384,0.5,0.5,0.5833333333333334,0.6285714285714286,0.3,0.56,13,22,14,6,13,12,1.1284519493579865
inner_candidate_2,27,0.001,coral,1.0,macro_f1,0.6833333333333333,0.625,0.7289874271660479,0.11579929524227413,4,2,0.42390064710879594,0.36666666666666664,0.05,0.875,0.20512820512820512,0.9512195121951219,0.625,0.8888888888888888,0.7090909090909091,0.7291666666666666,0.3333333333333333,0.8125,40,56,39,9,41,55,0.7559464613596598,0.55,0.5314814814814816,1.0147629262563804,0.19460846121732506,1,5,0.6167072036446889,0.6,0.15,0.8461538461538461,0.2857142857142857,0.5384615384615384,0.4782608695652174,0.6666666666666666,0.6363636363636364,0.6111111111111112,0.4,0.5833333333333334,13,23,14,6,13,11,1.1386082291603088
inner_candidate_2,28,0.001,coral,1.0,macro_f1,0.6333333333333333,0.5470635007677122,0.7318537053503644,0.11644371646350297,2,1,0.42931094641482004,0.39166666666666666,0.025,0.85,0.07692307692307693,0.9512195121951219,0.5964912280701754,0.375,0.7090909090909091,0.7010309278350515,0.1276595744680851,0.8125,40,57,39,8,41,55,0.755296561618646,0.5,0.49212715389185985,1.0133459886394982,0.19427154287984144,1,5,0.6162122641920116,0.65,0.15,0.6923076923076923,0.2857142857142857,0.5384615384615384,0.42857142857142855,0.5,0.6363636363636364,0.5294117647058824,0.36363636363636365,0.5833333333333334,13,21,14,8,13,11,1.136099737882614
inner_candidate_2,29,0.001,coral,1.0,macro_f1,0.625,0.5580029764714874,0.7637059440518656,0.1259556942120788,4,2,0.4524607026539679,0.425,0.05,0.9,0.1282051282051282,0.8292682926829268,0.5806451612903226,0.5,0.7083333333333334,0.7058823529411765,0.20408163265306123,0.7640449438202247,40,62,39,10,41,48,0.7981828838586807,0.45,0.42517788724685274,1.006861306085293,0.1925111845098867,2,3,0.6129675027352233,0.675,0.125,0.6153846153846154,0.14285714285714285,0.6153846153846154,0.5,0.2857142857142857,0.47058823529411764,0.5517241379310345,0.19047619047619047,0.5333333333333333,13,16,14,7,13,17,1.1254908323287964
inner_candidate_2,30,0.001,coral,1.0,macro_f1,0.6666666666666666,0.6074118474118474,0.7254057332201569,0.1148123993753369,3,1,0.42461475514169866,0.36666666666666664,0.03333333333333333,0.875,0.1794871794871795,0.926829268292683,0.5932203389830508,0.6363636363636364,0.76,0.7070707070707071,0.28,0.8351648351648352,40,59,39,11,41,50,0.7470168153444926,0.45,0.38585278900917347,1.0305910150338513,0.1988968391142107,1,6,0.6276178283796474,0.725,0.175,0.9230769230769231,0.07142857142857142,0.38461538461538464,0.42857142857142855,0.3333333333333333,0.5555555555555556,0.5853658536585366,0.11764705882352941,0.45454545454545453,13,28,14,3,13,9,1.1596290946006775
inner_candidate_3,1,0.01,coral,1.0,macro_f1,0.39166666666666666,0.31493834647260965,1.467544000780095,0.2984964543104545,15,17,0.8356820162583368,0.875,0.26666666666666666,0.575,0.0,0.5853658536585366,0.40350877192982454,0.0,0.39344262295081966,0.4742268041237113,0.0,0.47058823529411764,40,57,39,2,41,61,1.8445784489313761,0.325,0.16352201257861634,2.270707120276763,0.41833892416215035,13,0,1.1475771786138032,1.0,0.325,0.0,0.0,1.0,0.0,0.0,0.325,0.0,0.0,0.49056603773584906,13,0,14,0,13,40,2.9158960580825806
inner_candidate_3,2,0.01,coral,1.0,macro_f1,0.49166666666666664,0.4286729184427394,1.1512693671845529,0.2188487525155613,10,11,0.6726540726479224,0.6833333333333333,0.175,0.725,0.07692307692307693,0.6585365853658537,0.46774193548387094,0.42857142857142855,0.5294117647058824,0.5686274509803921,0.13043478260869565,0.5869565217391305,40,62,39,7,41,51,1.3157310118277867,0.55,0.528937728937729,1.0903351642131083,0.210320405466991,5,1,0.6561157575926796,0.6,0.15,0.46153846153846156,0.2857142857142857,0.9230769230769231,0.75,0.6666666666666666,0.46153846153846156,0.5714285714285714,0.4,0.6153846153846154,13,8,14,6,13,26,1.2360345244407653
inner_candidate_3,3,0.01,coral,1.0,macro_f1,0.425,0.37654320987654327,1.2286279447197685,0.2296204526756232,11,8,0.7110783937256304,0.7333333333333333,0.15833333333333333,0.6,0.05128205128205128,0.6097560975609756,0.42857142857142855,0.13333333333333333,0.5102040816326531,0.5,0.07407407407407407,0.5555555555555556,40,56,39,15,41,49,1.3941064755121866,0.35,0.2501000400160064,1.4318287844449038,0.28644893413200206,11,0,0.8447953092899141,0.925,0.275,0.07692307692307693,0.07142857142857142,0.9230769230769231,1.0,0.3333333333333333,0.3333333333333333,0.14285714285714285,0.11764705882352941,0.4897959183673469,13,1,14,3,13,36,1.6797903239727021
inner_candidate_3,4,0.01,coral,1.0,macro_f1,0.5,0.45444400911293953,1.0275550267545603,0.19281718988889915,10,8,0.6043013169709927,0.65,0.15,0.65,0.1282051282051282,0.7073170731707317,0.4727272727272727,0.38461538461538464,0.5576923076923077,0.5473684210526316,0.19230769230769232,0.6236559139784946,40,55,39,13,41,52,1.1561132500569025,0.35,0.25354609929078015,1.5905097196664746,0.3051094501831114,0,9,0.8808730846259314,0.875,0.225,0.9230769230769231,0.0,0.15384615384615385,0.35294117647058826,0.0,0.6666666666666666,0.5106382978723404,0.0,0.25,13,34,14,3,13,3,1.942340725660324
inner_candidate_3,5,0.01,coral,1.0,macro_f1,0.5416666666666666,0.51497113997114,1.1620744314523201,0.21572848720256685,9,8,0.6488405736520152,0.6,0.14166666666666666,0.65,0.23076923076923078,0.7317073170731707,0.4642857142857143,0.5294117647058824,0.6382978723404256,0.5416666666666666,0.32142857142857145,0.6818181818181818,40,56,39,17,41,47,1.3795031552513441,0.325,0.16666666666666666,2.47272244807408,0.4117590524398862,12,0,1.1461594981911927,0.975,0.3,0.0,0.0,1.0,0.0,0.0,0.3333333333333333,0.0,0.0,0.5,13,0,14,1,13,39,3.1019182205200195
inner_candidate_3,6,0.01,coral,1.0,macro_f1,0.5333333333333333,0.48958440401548636,1.1620097567105463,0.20674302312133258,8,6,0.6653048921995909,0.5833333333333334,0.11666666666666667,0.675,0.15384615384615385,0.7560975609756098,0.5192307692307693,0.4,0.5849056603773585,0.5869565217391305,0.2222222222222222,0.6595744680851063,40,52,39,15,41,53,1.2957931369543076,0.425,0.41136641136641133,1.1237517634678313,0.2166856464310535,1,4,0.6828802346465517,0.7,0.125,0.6923076923076923,0.2857142857142857,0.3076923076923077,0.45,0.3333333333333333,0.5,0.5454545454545454,0.3076923076923077,0.38095238095238093,13,20,14,12,13,8,1.267876183986664
inner_candidate_3,7,0.01,coral,1.0,macro_f1,0.6666666666666666,0.6366271409749671,0.6563399431146214,0.10995489209362287,4,0,0.3975997472186623,0.36666666666666664,0.03333333333333333,0.8,0.3076923076923077,0.8780487804878049,0.6666666666666666,0.5714285714285714,0.7058823529411765,0.7272727272727273,0.4,0.782608695652174,40,48,39,21,41,51,0.6833511064449946,0.4,0.4058001768346596,1.1131611153496421,0.21347470516341552,1,2,0.6779416746284532,0.675,0.075,0.46153846153846156,0.2857142857142857,0.46153846153846156,0.46153846153846156,0.26666666666666666,0.5,0.46153846153846156,0.27586206896551724,0.48,13,13,14,15,13,12,1.2424397349357605
inner_candidate_3,8,0.01,coral,1.0,macro_f1,0.6166666666666667,0.6004732927653821,0.7954223125307124,0.13908193389936988,2,2,0.4866777222184429,0.4166666666666667,0.03333333333333333,0.75,0.3333333333333333,0.7560975609756098,0.6382978723404256,0.4482758620689655,0.7045454545454546,0.6896551724137931,0.38235294117647056,0.7294117647058823,40,47,39,29,41,44,0.8393210042268038,0.45,0.4051282051282052,1.3616935853643979,0.24331150390387143,6,0,0.7443897683370759,0.7,0.15,0.15384615384615385,0.35714285714285715,0.8461538461538461,1.0,0.4166666666666667,0.4230769230769231,0.26666666666666666,0.38461538461538464,0.5641025641025641,13,2,14,12,13,26,1.5538827627897263
inner_candidate_3,9,0.01,coral,1.0,macro_f1,0.7,0.6883681278375859,0.6783290681706312,0.11167724997878935,2,1,0.3967678506483594,0.325,0.025,0.775,0.46153846153846156,0.8536585365853658,0.6888888888888889,0.6,0.7777777777777778,0.7294117647058823,0.5217391304347826,0.813953488372093,40,45,39,30,41,45,0.7139413446187973,0.425,0.4249871991807475,1.0747225852921427,0.19800835821039103,1,1,0.6499882761790859,0.625,0.05,0.3076923076923077,0.35714285714285715,0.6153846153846154,0.5,0.29411764705882354,0.5333333333333333,0.38095238095238093,0.3225806451612903,0.5714285714285714,13,8,14,17,13,15,1.1764830768108367
inner_candidate_3,10,0.01,coral,1.0,macro_f1,0.7416666666666667,0.7183383408102509,0.6130564303636729,0.09882700419807611,1,2,0.3687706362947826,0.2833333333333333,0.025,0.875,0.41025641025641024,0.926829268292683,0.7142857142857143,0.7619047619047619,0.76,0.7865168539325843,0.5333333333333333,0.8351648351648352,40,49,39,21,41,50,0.6312649553020795,0.45,0.4560954816709293,1.0445546371702745,0.19447243336296796,1,1,0.6385193839768287,0.6,0.05,0.38461538461538464,0.5,0.46153846153846156,0.5,0.35,0.6,0.43478260869565216,0.4117647058823529,0.5217391304347826,13,10,14,20,13,10,1.1434374570846557
inner_candidate_3,11,0.01,coral,1.0,macro_f1,0.7916666666666666,0.7814110415577818,0.5774602099398566,0.08977029348789962,1,1,0.34509480721399477,0.225,0.016666666666666666,0.875,0.5641025641025641,0.926829268292683,0.7608695652173914,0.7857142857142857,0.8260869565217391,0.813953488372093,0.6567164179104478,0.8735632183908046,40,46,39,28,41,46,0.5853112305204073,0.4,0.3318181818181818,1.559750193388849,0.28060077784320286,0,8,0.8296034454114574,0.8,0.2,0.9230769230769231,0.14285714285714285,0.15384615384615385,0.3870967741935484,0.3333333333333333,0.6666666666666666,0.5454545454545454,0.2,0.25,13,31,14,6,13,3,1.8391862213611603
inner_candidate_3,12,0.01,coral,1.0,macro_f1,0.6833333333333333,0.6703147565631986,0.6324253444327541,0.10586138763786275,0,0,0.39338824757838287,0.31666666666666665,0.0,0.825,0.41025641025641024,0.8048780487804879,0.7021276595744681,0.5161290322580645,0.7857142857142857,0.7586206896551724,0.45714285714285713,0.7951807228915663,40,47,39,31,41,42,0.6488875636210044,0.475,0.4722783389450056,1.0534604506390168,0.1931788689000321,1,1,0.6333135005676496,0.575,0.05,0.3076923076923077,0.5,0.6153846153846154,0.5714285714285714,0.3684210526315789,0.5714285714285714,0.4,0.42424242424242425,0.5925925925925926,13,7,14,19,13,14,1.1526563555002212
inner_candidate_3,13,0.01,coral,1.0,macro_f1,0.7833333333333333,0.778271599116623,0.5336597365561532,0.08293226026677016,1,0,0.3178060727884973,0.225,0.008333333333333333,0.825,0.6153846153846154,0.9024390243902439,0.75,0.7058823529411765,0.8809523809523809,0.7857142857142857,0.6575342465753424,0.891566265060241,40,44,39,34,41,42,0.5429132995506127,0.5,0.4870837223778401,1.1565076578780742,0.20861694995346855,4,0,0.6687044644222668,0.6,0.1,0.3076923076923077,0.42857142857142855,0.7692307692307693,0.8,0.42857142857142855,0.47619047619047616,0.4444444444444444,0.42857142857142855,0.5882352941176471,13,5,14,14,13,21,1.2792367964982987
inner_candidate_3,14,0.01,coral,1.0,macro_f1,0.775,0.7687566967151057,0.5302366365625766,0.08291361813854896,0,0,0.32369189592736186,0.225,0.0,0.825,0.5897435897435898,0.9024390243902439,0.7674418604651163,0.6764705882352942,0.8604651162790697,0.7951807228915663,0.6301369863013698,0.8809523809523809,40,43,39,34,41,43,0.5348315075039863,0.475,0.4857397504456327,1.069124444890445,0.19833354921582075,0,1,0.659122318097513,0.55,0.025,0.46153846153846156,0.5,0.46153846153846156,0.5454545454545454,0.35,0.6666666666666666,0.5,0.4117647058823529,0.5454545454545454,13,11,14,20,13,9,1.1602428734302521
inner_candidate_3,15,0.01,coral,1.0,macro_f1,0.8333333333333334,0.8279973109808617,0.4953588045914537,0.0742987045333542,0,0,0.291900705735572,0.16666666666666666,0.0,0.9,0.6666666666666666,0.926829268292683,0.8571428571428571,0.7878787878787878,0.8444444444444444,0.8780487804878049,0.7222222222222222,0.8837209302325582,40,42,39,33,41,45,0.4987800796826681,0.4,0.4107284020327498,1.065924157323631,0.197330882011314,1,0,0.6637771924538072,0.625,0.025,0.38461538461538464,0.42857142857142855,0.38461538461538464,0.5555555555555556,0.2857142857142857,0.5,0.45454545454545453,0.34285714285714286,0.43478260869565216,13,9,14,21,13,10,1.1488189220428466
inner_candidate_3,16,0.01,coral,1.0,macro_f1,0.8166666666666667,0.8106864155377457,0.49495654132780975,0.07416169008496248,1,0,0.2911061032309757,0.19166666666666668,0.008333333333333333,0.875,0.6410256410256411,0.926829268292683,0.8536585365853658,0.78125,0.8085106382978723,0.8641975308641975,0.704225352112676,0.8636363636363636,40,41,39,32,41,47,0.49905702819426856,0.45,0.45543672014260245,1.096439820012834,0.20210743682212967,1,1,0.6728260498792088,0.6,0.05,0.46153846153846156,0.5,0.38461538461538464,0.5454545454545454,0.35,0.5555555555555556,0.5,0.4117647058823529,0.45454545454545453,13,11,14,20,13,9,1.1873928666114808
inner_candidate_3,17,0.01,coral,1.0,macro_f1,0.7583333333333333,0.7436001809136137,0.5655461488380179,0.08987072261666447,0,0,0.3523685662769026,0.24166666666666667,0.0,0.95,0.48717948717948717,0.8292682926829268,0.7916666666666666,0.6785714285714286,0.7727272727272727,0.8636363636363636,0.5671641791044776,0.8,40,48,39,28,41,44,0.5669902483622233,0.45,0.454320987654321,1.1658221785180571,0.2137489795633945,0,1,0.7049074647576995,0.575,0.025,0.5384615384615384,0.5,0.3076923076923077,0.5,0.3333333333333333,0.8,0.5185185185185185,0.4,0.4444444444444444,13,14,14,21,13,5,1.267741173505783
inner_candidate_3,18,0.01,coral,1.0,macro_f1,0.85,0.8436974789915966,0.43555240599962297,0.06245313036885579,0,0,0.2574922601016233,0.15,0.0,0.925,0.6666666666666666,0.9512195121951219,0.8222222222222222,0.8387096774193549,0.8863636363636364,0.8705882352941177,0.7428571428571429,0.9176470588235294,40,45,39,31,41,44,0.4304013763864835,0.425,0.4363772175536882,1.1143126084510266,0.20513019409985062,0,1,0.6863392332488136,0.6,0.025,0.46153846153846156,0.42857142857142855,0.38461538461538464,0.5,0.3,0.625,0.48,0.35294117647058826,0.47619047619047616,13,12,14,20,13,8,1.203902018070221
inner_candidate_3,19,0.01,coral,1.0,macro_f1,0.8083333333333333,0.8049185359323473,0.4310760607427111,0.062284986017459215,0,0,0.25263761516997263,0.19166666666666668,0.0,0.875,0.6666666666666666,0.8780487804878049,0.813953488372093,0.7222222222222222,0.8780487804878049,0.8433734939759037,0.6933333333333334,0.8780487804878049,40,43,39,36,41,41,0.4291754002372424,0.475,0.48340874811463047,1.1964475076840184,0.2178870350539493,0,1,0.7147875972007393,0.55,0.025,0.5384615384615384,0.5,0.38461538461538464,0.5384615384615384,0.35,0.7142857142857143,0.5384615384615384,0.4117647058823529,0.5,13,13,14,20,13,7,1.3047981023788453
inner_candidate_3,20,0.01,coral,1.0,macro_f1,0.8166666666666667,0.8108465608465608,0.4253772769027883,0.06147825701670073,0,0,0.25171212696563694,0.18333333333333332,0.0,0.925,0.6410256410256411,0.8780487804878049,0.8409090909090909,0.7575757575757576,0.8372093023255814,0.8809523809523809,0.6944444444444444,0.8571428571428571,40,44,39,33,41,43,0.4220913887023926,0.475,0.44722222222222224,1.4005759590373452,0.24035326333758783,7,0,0.7300195365902382,0.7,0.175,0.23076923076923078,0.35714285714285715,0.8461538461538461,1.0,0.5,0.4074074074074074,0.375,0.4166666666666667,0.55,13,3,14,10,13,27,1.5927473604679108
inner_candidate_3,21,0.01,coral,1.0,macro_f1,0.8583333333333333,0.856249265138154,0.39844941292145986,0.05459702917241167,0,0,0.22227985631659478,0.14166666666666666,0.0,0.9,0.7435897435897436,0.926829268292683,0.8181818181818182,0.8055555555555556,0.95,0.8571428571428571,0.7733333333333333,0.9382716049382716,40,44,39,36,41,40,0.39669545193513234,0.425,0.4363772175536882,1.1308587875657363,0.20710482719149076,0,1,0.6896216817855431,0.6,0.025,0.46153846153846156,0.42857142857142855,0.38461538461538464,0.5,0.3,0.625,0.48,0.35294117647058826,0.47619047619047616,13,12,14,20,13,8,1.223798108100891
inner_candidate_3,22,0.01,coral,1.0,macro_f1,0.8916666666666667,0.8914439756211907,0.38862430884648036,0.05215813206889607,0,0,0.21646221839491767,0.10833333333333334,0.0,0.9,0.8461538461538461,0.926829268292683,0.8780487804878049,0.825,0.9743589743589743,0.8888888888888888,0.8354430379746836,0.95,40,41,39,40,41,39,0.3848048428694407,0.425,0.43188153940842106,1.1566819476843362,0.20663144888159612,2,0,0.6704006883735807,0.625,0.05,0.38461538461538464,0.35714285714285715,0.5384615384615384,0.5555555555555556,0.29411764705882354,0.5,0.45454545454545453,0.3225806451612903,0.5185185185185185,13,9,14,17,13,14,1.2642594665288924
inner_candidate_3,23,0.01,coral,1.0,macro_f1,0.9083333333333333,0.9067384987102883,0.36505693010775697,0.04742722180929769,0,0,0.20067841678500867,0.09166666666666666,0.0,0.95,0.8205128205128205,0.9512195121951219,0.8837209302325582,0.8888888888888888,0.9512195121951219,0.9156626506024096,0.8533333333333334,0.9512195121951219,40,43,39,36,41,41,0.3582073529561361,0.475,0.4222222222222222,1.464451121482611,0.24705174793493404,6,0,0.7486633615198003,0.675,0.15,0.15384615384615385,0.35714285714285715,0.9230769230769231,1.0,0.45454545454545453,0.4444444444444444,0.26666666666666666,0.4,0.6,13,2,14,11,13,27,1.6708136051893234
inner_candidate_3,24,0.01,coral,1.0,macro_f1,0.7083333333333334,0.7000583059819316,0.6266273065928881,0.10358319926567201,0,0,0.3965181389813195,0.2916666666666667,0.0,0.775,0.48717948717948717,0.8536585365853658,0.7380952380952381,0.5588235294117647,0.7954545454545454,0.7560975609756098,0.5205479452054794,0.8235294117647058,40,42,39,34,41,44,0.6368548999230067,0.45,0.4565696649029982,1.159494865778785,0.2059226805610516,2,0,0.6730293975530763,0.6,0.05,0.38461538461538464,0.42857142857142855,0.5384615384615384,0.625,0.3333333333333333,0.5,0.47619047619047616,0.375,0.5185185185185185,13,8,14,18,13,14,1.261409693956375
inner_candidate_3,25,0.01,coral,1.0,macro_f1,0.6916666666666667,0.68652557319224,0.5692542225389464,0.09647388318994352,0,0,0.3728199262606766,0.30833333333333335,0.0,0.775,0.48717948717948717,0.8048780487804879,0.7045454545454546,0.5277777777777778,0.825,0.7380952380952381,0.5066666666666667,0.8148148148148148,40,44,39,36,41,40,0.5758539396027724,0.4,0.40614608416466,1.245206559389656,0.22459878454203994,0,2,0.7334770676736337,0.65,0.05,0.46153846153846156,0.42857142857142855,0.3076923076923077,0.42857142857142855,0.3,0.6666666666666666,0.4444444444444444,0.35294117647058826,0.42105263157894735,13,14,14,20,13,6,1.3586106181144715
inner_candidate_3,26,0.01,coral,1.0,macro_f1,0.875,0.8717439883473883,0.3859227777497324,0.055304134002209154,0,0,0.2242937445159012,0.125,0.0,0.925,0.7435897435897436,0.9512195121951219,0.8409090909090909,0.8529411764705882,0.9285714285714286,0.8809523809523809,0.7945205479452054,0.9397590361445783,40,44,39,34,41,42,0.38341204399863876,0.45,0.45543672014260245,1.1770698612584922,0.21015337932194678,1,1,0.6987375629386964,0.6,0.05,0.46153846153846156,0.5,0.38461538461538464,0.5454545454545454,0.35,0.5555555555555556,0.5,0.4117647058823529,0.45454545454545453,13,11,14,20,13,9,1.2704625189304353
inner_candidate_3,27,0.01,coral,1.0,macro_f1,0.825,0.8249446027223805,0.41777062468304094,0.061697204752815274,0,0,0.2448581449448179,0.175,0.0,0.8,0.7692307692307693,0.9024390243902439,0.8421052631578947,0.7142857142857143,0.925,0.8205128205128205,0.7407407407407407,0.9135802469135802,40,38,39,42,41,40,0.41927972907821337,0.45,0.44366635543106137,1.3572422805802904,0.2300341782461545,4,0,0.7219458596163872,0.65,0.1,0.3076923076923077,0.35714285714285715,0.6923076923076923,0.8,0.35714285714285715,0.42857142857142855,0.4444444444444444,0.35714285714285715,0.5294117647058824,13,5,14,14,13,21,1.5151942491531372
inner_candidate_3,28,0.01,coral,1.0,macro_f1,0.825,0.822946330777656,0.4500830310511224,0.0673693913744402,0,0,0.26188689420754696,0.175,0.0,0.85,0.717948717948718,0.9024390243902439,0.85,0.7368421052631579,0.8809523809523809,0.85,0.7272727272727273,0.891566265060241,40,40,39,38,41,42,0.4545833123847842,0.475,0.479047619047619,1.2162390755630137,0.21198695311031662,2,0,0.6905214533078249,0.575,0.05,0.38461538461538464,0.5714285714285714,0.46153846153846156,0.7142857142857143,0.38095238095238093,0.5,0.5,0.45714285714285713,0.48,13,7,14,21,13,12,1.3263663470745086
inner_candidate_3,29,0.01,coral,1.0,macro_f1,0.825,0.8227121715493807,0.40754974276639744,0.06195493464719169,0,0,0.2498849440003085,0.175,0.0,0.825,0.717948717948718,0.926829268292683,0.8918918918918919,0.7368421052631579,0.8444444444444444,0.8571428571428571,0.7272727272727273,0.8837209302325582,40,37,39,38,41,45,0.40591767032941184,0.475,0.4777777777777777,1.2309620116218352,0.21718681183391642,1,1,0.7151654087001329,0.575,0.05,0.46153846153846156,0.5714285714285714,0.38461538461538464,0.5454545454545454,0.38095238095238093,0.625,0.5,0.45714285714285713,0.47619047619047616,13,11,14,21,13,8,1.333957701921463
inner_candidate_3,30,0.01,coral,1.0,macro_f1,0.9166666666666666,0.9159821102592187,0.3171826614388745,0.04126162159072407,0,0,0.173536675974796,0.08333333333333333,0.0,0.875,0.8974358974358975,0.975609756097561,0.9459459459459459,0.8536585365853658,0.9523809523809523,0.9090909090909091,0.875,0.963855421686747,40,37,39,41,41,42,0.3121763437986374,0.5,0.5030248033877798,1.2727860915059057,0.21457366824222257,4,0,0.6837388959318405,0.6,0.1,0.38461538461538464,0.5714285714285714,0.5384615384615384,0.8333333333333334,0.4444444444444444,0.4375,0.5263157894736842,0.5,0.4827586206896552,13,6,14,18,13,16,1.4023987412452699
outer_refit,1,0.001,coral,1.0,macro_f1,0.34375,0.26950925181013674,1.115481541210724,0.22812779822673787,33,19,0.6781384752246786,0.98125,0.325,0.37735849056603776,0.0,0.6481481481481481,0.3333333333333333,0.0,0.35,0.35398230088495575,0.0,0.45454545454545453,53,60,53,0,54,100,1.2994617089629172,,,,,,,,,,,,,,,,,,,,,,,,,
outer_refit,2,0.001,coral,1.0,macro_f1,0.45625,0.36325654923215894,1.0386432291641892,0.20307129231269633,21,13,0.6263704608105645,0.75625,0.2125,0.6037735849056604,0.0,0.7592592592592593,0.45714285714285713,0.0,0.45555555555555555,0.5203252032520326,0.0,0.5694444444444444,53,70,53,0,54,90,1.185408429801464,,,,,,,,,,,,,,,,,,,,,,,,,
outer_refit,3,0.001,coral,1.0,macro_f1,0.5,0.40811287477954145,0.9934115161171437,0.1893400686769658,16,12,0.5961575457900595,0.675,0.175,0.6981132075471698,0.018867924528301886,0.7777777777777778,0.5068493150684932,1.0,0.4883720930232558,0.5873015873015873,0.037037037037037035,0.6,53,73,53,1,54,86,1.1198475405573844,,,,,,,,,,,,,,,,,,,,,,,,,
outer_refit,4,0.001,coral,1.0,macro_f1,0.49375,0.4005085823267642,0.9551927195536368,0.17792831592434827,10,15,0.5702406005919778,0.6625,0.15625,0.7735849056603774,0.0,0.7037037037037037,0.45555555555555555,0.0,0.5671641791044776,0.5734265734265734,0.0,0.628099173553719,53,90,53,3,54,67,1.065495951473713,,,,,,,,,,,,,,,,,,,,,,,,,
outer_refit,5,0.001,coral,1.0,macro_f1,0.525,0.42921510318103984,0.9596389362272998,0.179063481573818,13,11,0.5781912019123248,0.625,0.15,0.7547169811320755,0.018867924528301886,0.7962962962962963,0.47619047619047616,1.0,0.5733333333333334,0.583941605839416,0.037037037037037035,0.6666666666666666,53,84,53,1,54,75,1.0649545937776566,,,,,,,,,,,,,,,,,,,,,,,,,
outer_refit,6,0.001,coral,1.0,macro_f1,0.56875,0.4821129062508373,0.9107770456459278,0.16403338030202894,11,6,0.5413565786165049,0.5375,0.10625,0.7735849056603774,0.05660377358490566,0.8703703703703703,0.5324675324675324,0.6,0.6025641025641025,0.6307692307692307,0.10344827586206896,0.7121212121212122,53,77,53,5,54,78,1.0000709503889085,,,,,,,,,,,,,,,,,,,,,,,,,
outer_refit,7,0.001,coral,1.0,macro_f1,0.55,0.4624577765820704,0.900725670778702,0.1615709831758431,9,8,0.5371746571648781,0.55625,0.10625,0.8113207547169812,0.03773584905660377,0.7962962962962963,0.524390243902439,0.3333333333333333,0.5972222222222222,0.6370370370370371,0.06779661016949153,0.6825396825396826,53,82,53,6,54,72,0.9838714122772216,,,,,,,,,,,,,,,,,,,,,,,,,
outer_refit,8,0.001,coral,1.0,macro_f1,0.55625,0.4641740322028092,0.8981741749429887,0.1606700066800648,9,10,0.5348623085968907,0.5625,0.11875,0.8301886792452831,0.03773584905660377,0.7962962962962963,0.5116279069767442,0.6666666666666666,0.6056338028169014,0.6330935251798561,0.07142857142857142,0.688,53,86,53,3,54,71,0.9805584281682969,,,,,,,,,,,,,,,,,,,,,,,,,
outer_refit,9,0.001,coral,1.0,macro_f1,0.5625,0.45562995459093364,0.88056780730668,0.15541991887806322,6,8,0.5259329387818388,0.525,0.0875,0.8867924528301887,0.0,0.7962962962962963,0.5280898876404494,0.0,0.6323529411764706,0.6619718309859155,0.0,0.7049180327868853,53,89,53,3,54,68,0.9516153663396836,,,,,,,,,,,,,,,,,,,,,,,,,
outer_refit,10,0.001,coral,1.0,macro_f1,0.59375,0.5341405508072175,0.8677287300709328,0.15198019037994132,6,8,0.5158907560940834,0.49375,0.0875,0.8113207547169812,0.1320754716981132,0.8333333333333334,0.524390243902439,0.5833333333333334,0.6818181818181818,0.6370370370370371,0.2153846153846154,0.75,53,82,53,12,54,66,0.9368151396512985,,,,,,,,,,,,,,,,,,,,,,,,,
outer_refit,11,0.001,coral,1.0,macro_f1,0.6,0.5321421343279267,0.853214461145124,0.14789227161011056,7,6,0.50461703424218,0.48125,0.08125,0.8301886792452831,0.11320754716981132,0.8518518518518519,0.5365853658536586,0.6,0.6764705882352942,0.6518518518518519,0.19047619047619047,0.7540983606557377,53,82,53,10,54,68,0.9188110888004303,,,,,,,,,,,,,,,,,,,,,,,,,
outer_refit,12,0.001,coral,1.0,macro_f1,0.575,0.4840226201546057,0.8493806383026887,0.14706378802575762,8,5,0.5054157914694947,0.50625,0.08125,0.8301886792452831,0.03773584905660377,0.8518518518518519,0.5238095238095238,0.3333333333333333,0.6571428571428571,0.6423357664233577,0.06779661016949153,0.7419354838709677,53,84,53,6,54,70,0.9102659367024899,,,,,,,,,,,,,,,,,,,,,,,,,
outer_refit,13,0.001,coral,1.0,macro_f1,0.61875,0.5454922665570522,0.8503521483985903,0.14619130947690545,7,4,0.5045635489928152,0.45,0.06875,0.8490566037735849,0.11320754716981132,0.8888888888888888,0.5769230769230769,0.6666666666666666,0.6575342465753424,0.6870229007633588,0.1935483870967742,0.7559055118110236,53,78,53,9,54,73,0.9091181173920632,,,,,,,,,,,,,,,,,,,,,,,,,
outer_refit,14,0.001,coral,1.0,macro_f1,0.60625,0.5242125132619528,0.8316856959113157,0.1415769103578275,5,5,0.4930547437923867,0.45625,0.0625,0.8867924528301887,0.07547169811320754,0.8518518518518519,0.5529411764705883,0.5,0.6865671641791045,0.6811594202898551,0.13114754098360656,0.7603305785123967,53,85,53,8,54,67,0.8849331177771091,,,,,,,,,,,,,,,,,,,,,,,,,
outer_refit,15,0.001,coral,1.0,macro_f1,0.575,0.48253232082964265,0.8046052478816531,0.13410382744786514,10,3,0.47479807960451115,0.50625,0.08125,0.7735849056603774,0.03773584905660377,0.9074074074074074,0.5256410256410257,0.3333333333333333,0.6447368421052632,0.6259541984732825,0.06779661016949153,0.7538461538461538,53,78,53,6,54,76,0.8486746996641159,,,,,,,,,,,,,,,,,,,,,,,,,
outer_refit,16,0.001,coral,1.0,macro_f1,0.63125,0.557736468015309,0.8200185072177575,0.13821971484717127,3,6,0.4869350327877264,0.425,0.05625,0.9245283018867925,0.11320754716981132,0.8518518518518519,0.5632183908045977,0.6666666666666666,0.71875,0.7,0.1935483870967742,0.7796610169491526,53,87,53,9,54,64,0.866327029466629,,,,,,,,,,,,,,,,,,,,,,,,,
outer_refit,17,0.001,coral,1.0,macro_f1,0.58125,0.5148578220149409,0.8083726826801195,0.13673426456114285,5,5,0.479838178664535,0.48125,0.0625,0.7924528301886793,0.09433962264150944,0.8518518518518519,0.5384615384615384,0.35714285714285715,0.6764705882352942,0.6412213740458015,0.14925373134328357,0.7540983606557377,53,78,53,14,54,68,0.8551298901438713,,,,,,,,,,,,,,,,,,,,,,,,,
outer_refit,18,0.001,coral,1.0,macro_f1,0.58125,0.49619376260626735,0.7901855910204796,0.13146583580150734,8,4,0.46428632200697073,0.49375,0.075,0.8113207547169812,0.05660377358490566,0.8703703703703703,0.5584415584415584,0.375,0.6266666666666667,0.6615384615384615,0.09836065573770492,0.7286821705426356,53,77,53,8,54,75,0.833696985989809,,,,,,,,,,,,,,,,,,,,,,,,,
outer_refit,19,0.001,coral,1.0,macro_f1,0.6,0.5207885304659499,0.7945549061856397,0.1322828249140423,5,5,0.47047235490063877,0.4625,0.0625,0.8679245283018868,0.07547169811320754,0.8518518518518519,0.5411764705882353,0.4444444444444444,0.696969696969697,0.6666666666666666,0.12903225806451613,0.7666666666666667,53,85,53,9,54,66,0.835865817964077,,,,,,,,,,,,,,,,,,,,,,,,,
outer_refit,20,0.001,coral,1.0,macro_f1,0.63125,0.5708256715173352,0.7880428891577073,0.1302645551728713,5,3,0.46621677683017315,0.41875,0.05,0.8301886792452831,0.1509433962264151,0.9074074074074074,0.5714285714285714,0.5714285714285714,0.7101449275362319,0.676923076923077,0.23880597014925373,0.7967479674796748,53,77,53,14,54,69,0.8262168243527412,,,,,,,,,,,,,,,,,,,,,,,,,
outer_refit,21,0.001,coral,1.0,macro_f1,0.625,0.553213587487781,0.7770706872299755,0.1275004321774609,5,3,0.4597059853942563,0.425,0.05,0.8490566037735849,0.11320754716981132,0.9074074074074074,0.569620253164557,0.5454545454545454,0.7,0.6818181818181818,0.1875,0.7903225806451613,53,79,53,11,54,70,0.8114674277603626,,,,,,,,,,,,,,,,,,,,,,,,,
outer_refit,22,0.001,coral,1.0,macro_f1,0.64375,0.5862368536331276,0.7638635232565983,0.1242726447791412,6,0,0.44755413672334826,0.39375,0.0375,0.8679245283018868,0.16981132075471697,0.8888888888888888,0.647887323943662,0.5625,0.6575342465753424,0.7419354838709677,0.2608695652173913,0.7559055118110236,53,71,53,16,54,73,0.7991465166211128,,,,,,,,,,,,,,,,,,,,,,,,,
outer_refit,23,0.001,coral,1.0,macro_f1,0.6375,0.5712559636004612,0.7752918982627313,0.1274010181284237,4,2,0.46126730442859004,0.4,0.0375,0.8679245283018868,0.1320754716981132,0.9074074074074074,0.575,0.5384615384615384,0.7313432835820896,0.6917293233082706,0.21212121212121213,0.8099173553719008,53,80,53,13,54,67,0.8068085476756096,,,,,,,,,,,,,,,,,,,,,,,,,
outer_refit,24,0.001,coral,1.0,macro_f1,0.63125,0.5765830346475508,0.7743321373072304,0.12724846908837822,4,3,0.460724259250365,0.4125,0.04375,0.8301886792452831,0.16981132075471697,0.8888888888888888,0.6027397260273972,0.5294117647058824,0.6857142857142857,0.6984126984126984,0.2571428571428571,0.7741935483870968,53,73,53,17,54,70,0.8048706591129303,,,,,,,,,,,,,,,,,,,,,,,,,
outer_refit,25,0.001,coral,1.0,macro_f1,0.65625,0.5992426591496359,0.8012090010686116,0.13442057065337468,7,2,0.477230811093054,0.4,0.05625,0.8301886792452831,0.18867924528301888,0.9444444444444444,0.6111111111111112,0.7692307692307693,0.68,0.704,0.30303030303030304,0.7906976744186046,53,72,53,13,54,75,0.842719429731369,,,,,,,,,,,,,,,,,,,,,,,,,
