Name,area quant,subgrou,num,reference,leaf,Area cm²,Total mg,mg / cm²,,,,,,,,,,,
400 ppm 1 1,4,1,1,63.7,841.379,8.453415385,9.778,1.156692243,,,,2.385750805,,,,,,,
400 ppm 1 2,4,1,2,63.835,302.523,3.033049581,6.387,2.105801382,,,,,,,,400,2.356119081,,0.965496468
400 ppm 1 3,4,1,3,64.28,597.778,5.951741133,12.78,2.14727081,,,,,,,,600,3.303437032,,
400 ppm 1 4,4,1,4,64,398.388,3.98388,8.096,2.032189725,,,,,,,,800,3.604194088,,
400 ppm 1 5,4,1,5,64,388.88,3.8888,9.105,2.341339231,,,,,,,,1000,4.570274963,,
400 ppm 1 6,4,1,6,64.133,397.94,3.971147459,8.463,2.131122072,,,,,,,,,,,
400 ppm 1 7,4,1,7,64.337,339.693,3.379136733,4.334,1.282576096,,,,,,,,,,,
400 ppm 1 8,4,1,8,64.047,358.88,3.586166409,9.546,2.661895437,,,,,,,,,,,
400 ppm 1 9,4,1,9,63.535,440.803,4.440291493,5.583,1.257349885,,,,,,,,,,,
400 ppm 1 10,4,1,10,64.16,408.915,4.078952618,9.949,2.439106538,,,,,,,,,,,
400 ppm 2 1,4,2,1,64.583,355.21,3.520034684,7.085,2.012764258,,,,,,,,,,,
400 ppm 2 2,4,2,2,64.547,424.033,4.204395557,9.323,2.217441217,,,,,,,,,,,
400 ppm 2 3,4,2,3,64.61,699.35,6.927472527,10.65,1.537357234,,,,,,,,,,,
400 ppm 2 4,4,2,4,64.345,413.093,4.108781102,8.805,2.142971305,,,,,,,,,,,
400 ppm 2 5,4,2,5,63.91,424.92,4.255183852,11.46,2.693185629,,,,,,,,,,,
400 ppm 2 6,4,2,6,64.4,539.85,5.364968944,10.44,1.94595721,,,,,,,,,,,
400 ppm 2 7,4,2,7,63.6,783.36,7.882867925,16.53,2.096952551,,,,,,,,,,,
400 ppm 2 8,4,2,8,64.2,576.483,5.746871028,10.74,1.868843053,,,,,,,,,,,
400 ppm 2 9,4,2,9,63.6,696.298,7.006772327,21.67,3.092722153,,,,,,,,,,,
400 ppm 2 10,4,2,10,63.998,609.935,6.099540611,12.37,2.028021582,,,,,,,,,,,
400 ppm 3 1,4,3,1,63.838,418.6,4.196622701,5.233,1.246955081,,,,,,,,,,,
400 ppm 3 2,4,3,2,63.73,485.188,4.872435588,9.378,1.924704767,,,,,,,,,,,
400 ppm 3 3,4,3,3,64.12,467.87,4.669943855,2.859,0.612212928,,,,,,,,,,,
400 ppm 3 4,4,3,4,64,380.81,3.8081,8.011,2.103673748,,,,,,,,,,,
400 ppm 3 5,4,3,5,64.2,488.138,4.866173209,8.409,1.728051929,,,,,,,,,,,
400 ppm 3 6,4,3,6,63.925,444.468,4.44989472,5.598,1.25800729,,,,,,,,,,,
400 ppm 3 7,4,3,7,63.6,500.448,5.035954717,4.511,0.89575865,,,,,,,,,,,
400 ppm 3 8,4,3,8,64,471.935,4.71935,12.74,2.699524299,,,,,,,,,,,
400 ppm 3 9,4,3,9,63.745,523.665,5.257598243,8.33,1.584373627,,,,,,,,,,,
400 ppm 3 10,4,3,10,64.143,406.335,4.054291193,12.6,3.10781821,,,,,,,,,,,
400 ppm 4 1,4,4,1,63.853,316.038,3.167655709,10.81,3.41261835,,,,,,,,,,,
400 ppm 4 2,4,4,2,63.733,252.973,2.540327931,9.568,3.766442861,,,,,,,,,,,
400 ppm 4 3,4,4,3,63.803,580.52,5.823124304,11.17,1.918214246,,,,,,,,,,,
400 ppm 4 4,4,4,4,63.575,419.72,4.225258356,10.52,2.489788579,,,,,,,,,,,
400 ppm 4 5,4,4,5,64.4,481.158,4.78169441,11.92,2.49284019,,,,,,,,,,,
400 ppm 4 6,4,4,6,64.4,295.387,2.935522981,6.553,2.232310918,,,,,,,,,,,
400 ppm 4 7,4,4,7,64.065,459.565,4.590987279,12.73,2.772824063,,,,,,,,,,,
400 ppm 4 8,4,4,8,63.908,887.403,8.886804782,22.74,2.558849953,,,,,,,,,,,
400 ppm 4 9,4,4,9,63.663,339.255,3.410508459,8.951,2.624535347,,,,,,,,,,,
400 ppm 4 10,4,4,10,64.803,355.78,3.513713871,9.16,2.606928263,,,,,,,,,,,
400 ppm 5 1,4,5,1,64.365,965.51,9.600348015,23.89,2.488451456,,,,,,,,,,,
400 ppm 5 2,4,5,2,63.883,538.013,5.389983564,12.71,2.358077692,,,,,,,,,,,
400 ppm 5 3,4,5,3,63.883,508.018,5.089484213,21.8,4.283341707,,,,,,,,,,,
400 ppm 5 4,4,5,4,63.875,463.558,4.644651585,10.72,2.308031034,,,,,,,,,,,
400 ppm 5 5,4,5,5,64.458,391.998,3.892126966,15.43,3.964413323,,,,,,,,,,,
400 ppm 5 6,4,5,6,64.278,295.123,2.938466038,9.343,3.179550105,,,,,,,,,,,
400 ppm 5 7,4,5,7,63.928,459.158,4.596751345,11.12,2.419099743,,,,,,,,,,,
400 ppm 5 8,4,5,8,64.053,887.503,8.867686447,17.41,1.963308029,,,,,,,,,,,
400 ppm 5 9,4,5,9,64.335,338.283,3.365215202,16.64,4.94470606,,,,,,,,,,,
400 ppm 5 10,4,5,10,64.5,354.75,3.52,21.65,6.150568182,,,,3.354786659,,,,,,,
600 ppm 1 1,6,1,1,63.925,441.445,4.419629253,14.15,3.201626017,,,,,,,,,,,
600 ppm 1 2,6,1,2,63.6,338.078,3.402042767,12.62,3.709535965,,,,,,,,,,,
600 ppm 1 3,6,1,3,63.833,535.067,5.364668432,14.74,2.7476069,,,,,,,,,,,
600 ppm 1 4,6,1,4,64.123,393.975,3.932192817,12.09,3.074620336,,,,,,,,,,,
600 ppm 1 5,6,1,5,64,477.828,4.77828,12.32,2.578333626,,,,,,,,,,,
600 ppm 1 6,6,1,6,63.833,544.245,5.456688547,16.92,3.100781702,,,,,,,,,,,
600 ppm 1 7,6,1,7,64.223,595.598,5.935299192,25.49,4.294644495,,,,,,,,,,,
600 ppm 1 8,6,1,8,64.03,540.695,5.40441668,18.24,3.375017339,,,,,,,,,,,
600 ppm 1 9,6,1,9,64.2,564.715,5.629557632,13,2.309240059,,,,,,,,,,,
600 ppm 1 10,6,1,10,63.31,445.498,4.503533723,10.72,2.380352998,,,,,,,,,,,
600 ppm 2 1,6,2,1,63.913,323.615,3.24055513,15.6,4.813990004,,,,,,,,,,,
600 ppm 2 2,6,2,2,64,446.62,4.4662,17.81,3.987730061,,,,,,,,,,,
600 ppm 2 3,6,2,3,64.803,428,4.226964801,18.86,4.461830388,,,,,,,,,,,
600 ppm 2 4,6,2,4,63.808,391.49,3.92668004,20.53,5.228335334,,,,,,,,,,,
600 ppm 2 5,6,2,5,63.958,278.308,2.784907596,20.51,7.364696779,,,,,,,,,,,
600 ppm 2 6,6,2,6,64,180.603,1.80603,9.336,5.169349346,,,,,,,,,,,
600 ppm 2 7,6,2,7,64,341.248,3.41248,18.39,5.389042573,,,,,,,,,,,
600 ppm 2 8,6,2,8,64,453.875,4.53875,11.01,2.425778023,,,,,,,,,,,
600 ppm 2 9,6,2,9,64.11,447.818,4.470496334,15.72,3.516388075,,,,,,,,,,,
600 ppm 2 10,6,2,10,63.528,227.135,2.288225664,13.16,5.751181016,,,,,,,,,,,
600 ppm 3 1,6,3,1,64.043,609.163,6.087539934,21.09,3.464453659,,,,,,,,,,,
600 ppm 3 2,6,3,2,64.068,904.545,9.03584941,17.29,1.913489171,,,,,,,,,,,
600 ppm 3 3,6,3,3,63.434,256.165,2.584506731,8.511,3.293084865,,,,,,,,,,,
600 ppm 3 4,6,3,4,64.22,634.633,6.324589225,17.46,2.760653598,,,,,,,,,,,
600 ppm 3 5,6,3,5,64.803,506.463,5.001872136,17.01,3.400726676,,,,,,,,,,,
600 ppm 3 6,6,3,6,64.133,498.078,4.970450782,12.87,2.589302372,,,,,,,,,,,
600 ppm 3 7,6,3,7,64.368,595.033,5.916311211,14.84,2.508319707,,,,,,,,,,,
600 ppm 3 8,6,3,8,63.94,597.33,5.978905224,18.22,3.047380635,,,,,,,,,,,
600 ppm 3 9,6,3,9,64.24,615.78,6.134794521,17.94,2.924303323,,,,,,,,,,,
600 ppm 3 10,6,3,10,64.268,837.977,8.344826041,27.18,3.257108041,,,,,,,,,,,
600 ppm 4 1,6,4,1,64,451.898,4.51898,10.42,2.305830077,,,,,,,,,,,
600 ppm 4 2,6,4,2,64,479.375,4.79375,13.46,2.807822686,,,,,,,,,,,
600 ppm 4 3,6,4,3,64.44,528.84,5.252290503,15.13,2.880647975,,,,,,,,,,,
600 ppm 4 4,6,4,4,63.788,440.043,4.415054869,20.85,4.722478116,,,,,,,,,,,
600 ppm 4 5,6,4,5,64.458,218.955,2.173992367,6.657,3.062108267,,,,,,,,,,,
600 ppm 4 6,6,4,6,63.9,560.48,5.613571205,16.38,2.917928606,,,,,,,,,,,
600 ppm 4 7,6,4,7,64.193,353.66,3.525967006,12.11,3.434518809,,,,,,,,,,,
600 ppm 4 8,6,4,8,64.1,282.63,2.821890796,15.7,5.563645491,,,,,,,,,,,
600 ppm 4 9,6,4,9,64.4,444.618,4.418563975,29.81,6.74653579,,,,,,,,,,,
600 ppm 4 10,6,4,10,63.665,1005.625,10.10916516,16.17,1.599538611,,,,,,,,,,,
600 ppm 5 1,6,5,1,64,1341.613,13.41613,25.88,1.92902126,,,,,,,,,,,
600 ppm 5 2,6,5,2,63.6,880.925,8.864654088,20.1,2.267431961,,,,,,,,,,,
600 ppm 5 3,6,5,3,63.795,701.423,7.036769653,24.95,3.545661039,,,,,,,,,,,
600 ppm 5 4,6,5,4,64.09,881.827,8.805886722,15.98,1.814695158,,,,,,,,,,,
600 ppm 5 5,6,5,5,63.78,297.818,2.988452807,9.182,3.07249289,,,,,,,,,,,
600 ppm 5 6,6,5,6,63.998,976.005,9.760355011,19.09,1.95587148,,,,,,,,,,,
600 ppm 5 7,6,5,7,63.6,788.528,7.934872956,17.45,2.199153042,,,,,,,,,,,
600 ppm 5 8,6,5,8,63.768,990.93,9.945351901,17.36,1.745539039,,,,,,,,,,,
600 ppm 5 9,6,5,9,64.42,411.58,4.08896616,14.26,3.487434095,,,,,,,,,,,
600 ppm 5 10,6,5,10,64.128,857.577,8.558652695,20.25,2.366026608,,,,,,,,,,,
800 ppm 1 1,8,1,1,63.53,506.715,5.104637179,16.37,3.206888056,,,,3.604194088,,,,,,,
800 ppm 1 2,8,1,2,64.228,530.67,5.287861992,12.87,2.433875926,,,,,,,,,,,
800 ppm 1 3,8,1,3,64.11,420.88,4.201578537,14.54,3.460604121,,,,,,,,,,,
800 ppm 1 4,8,1,4,64.9,459.27,4.529010786,15.97,3.526156319,,,,,,,,,,,
800 ppm 1 5,8,1,5,64.07,676.045,6.753063836,23.86,3.533211084,,,,,,,,,,,
800 ppm 1 6,8,1,6,64.023,694.673,6.944234416,26.65,3.837716068,,,,,,,,,,,
800 ppm 1 7,8,1,7,64.385,368.078,3.65877021,11.85,3.238793179,,,,,,,,,,,
800 ppm 1 8,8,1,8,63.54,790.945,7.966710733,30.51,3.829685929,,,,,,,,,,,
800 ppm 1 9,8,1,9,65.2,803.193,7.884103067,33.15,4.20466345,,,,,,,,,,,
800 ppm 1 10,8,1,10,64.65,353.243,3.496914462,11.56,3.305771452,,,,,,,,,,,
800 ppm 2 1,8,2,1,63.678,579.865,5.827971984,23.69,4.06487884,,,,,,,,,,,
800 ppm 2 2,8,2,2,63.753,323.085,3.243367371,13.6,4.193172849,,,,,,,,,,,
800 ppm 2 3,8,2,3,64.515,340.678,3.379584903,13.8,4.083341711,,,,,,,,,,,
800 ppm 2 4,8,2,4,64.24,595.615,5.933897883,0.0624,0.010515853,,,,,,,,,,,
800 ppm 2 5,8,2,5,63.783,618.578,6.206825016,13.18,2.123468918,,,,,,,,,,,
800 ppm 2 6,8,2,6,63.358,449.815,4.543729284,11.7,2.574977352,,,,,,,,,,,
800 ppm 2 7,8,2,7,63.695,845.255,8.49302457,33.92,3.993865756,,,,,,,,,,,
800 ppm 2 8,8,2,8,64.55,546.962,5.423015957,15,2.765988542,,,,,,,,,,,
800 ppm 2 9,8,2,9,64.1,564.18,5.63299844,25.46,4.519795322,,,,,,,,,,,
800 ppm 2 10,8,2,10,63.698,807.908,8.117383905,31.17,3.839907089,,,,,,,,,,,
800 ppm 3 1,8,3,1,63.85,711.625,7.132967894,25.93,3.635232962,,,,,,,,,,,
800 ppm 3 2,8,3,2,63.703,660.405,6.634839803,32.91,4.960180046,,,,,,,,,,,
800 ppm 3 3,8,3,3,63.458,853.893,8.611861704,33.49,3.888822319,,,,,,,,,,,
800 ppm 3 4,8,3,4,63.6,643.69,6.477383648,21.62,3.337767404,,,,,,,,,,,
800 ppm 3 5,8,3,5,63.998,442.473,4.424868277,19.73,4.458889794,,,,,,,,,,,
800 ppm 3 6,8,3,6,63.998,412.175,4.121878809,11.08,2.688094559,,,,,,,,,,,
800 ppm 3 7,8,3,7,64,585.28,5.8528,18.46,3.154045927,,,,,,,,,,,
800 ppm 3 8,8,3,8,64.068,187.17,1.869713429,8.628,4.614610915,,,,,,,,,,,
800 ppm 3 9,8,3,9,64.803,292.548,2.889229202,9.772,3.382216957,,,,,,,,,,,
800 ppm 3 10,8,3,10,64.46,546.538,5.426377909,13.92,2.565247064,,,,,,,,,,,
800 ppm 4 1,8,4,1,63.73,554.573,5.569225169,21.8,3.914368577,,,,,,,,,,,
800 ppm 4 2,8,4,2,64.693,523.288,5.176824695,37.42,7.228369165,,,,,,,,,,,
800 ppm 4 3,8,4,3,63.033,314.385,3.192080339,8.178,2.561965594,,,,,,,,,,,
800 ppm 4 4,8,4,4,63.49,618.468,6.234360057,18.37,2.946573479,,,,,,,,,,,
800 ppm 4 5,8,4,5,63.095,324.198,3.288481179,8.293,2.521832891,,,,,,,,,,,
800 ppm 4 6,8,4,6,63.713,484.38,4.865619261,13.99,2.875276352,,,,,,,,,,,
800 ppm 4 7,8,4,7,63.898,259.788,2.602026981,6.331,2.433103134,,,,,,,,,,,
800 ppm 4 8,8,4,8,63.933,341.608,3.419659957,16.46,4.813344078,,,,,,,,,,,
800 ppm 4 9,8,4,9,64.085,161.395,1.611809316,2.582,1.601926465,,,,,,,,,,,
800 ppm 4 10,8,4,10,64.08,284.062,2.837073658,5.079,1.790224933,,,,,,,,,,,
800 ppm 5 1,8,5,1,62.945,452.613,4.601990944,15.27,3.318129085,,,,,,,,,,,
800 ppm 5 2,8,5,2,64.235,507.473,5.056164396,15.65,3.095231637,,,,,,,,,,,
800 ppm 5 3,8,5,3,64.02,437.298,4.371613871,15.02,3.435802073,,,,,,,,,,,
800 ppm 5 4,8,5,4,63.6,183.305,1.844578616,8.322,4.51159952,,,,,,,,,,,
800 ppm 5 5,8,5,5,64.79,588.328,5.811543757,12.35,2.12508079,,,,,,,,,,,
800 ppm 5 6,8,5,6,63.603,430.24,4.329254909,17.47,4.035336418,,,,,,,,,,,
800 ppm 5 7,8,5,7,63.878,397.918,3.986779799,15.55,3.900390988,,,,,,,,,,,
800 ppm 5 8,8,5,8,63.923,600.388,6.011112119,10.9,1.813308383,,,,,,,,,,,
800 ppm 5 9,8,5,9,63.8,232.778,2.335077116,10.8,4.625114916,,,,,,,,,,,
800 ppm 5 10,8,5,10,63.103,453.312,4.597557644,3.494,0.75996872,,,,,,,,,,,
1000 ppm 1 1,10,1,1,63.36,535.48,5.408888889,31.18,5.764585045,,,,4.570274963,,,,,,,
1000 ppm 1 2,10,1,2,64.668,921.98,9.12456238,25.91,2.839588237,,,,,,,,,,,
1000 ppm 1 3,10,1,3,63.915,254.108,2.54445936,12.75,5.010887657,,,,,,,,,,,
1000 ppm 1 4,10,1,4,64.153,403.22,4.022583511,22.31,5.546186906,,,,,,,,,,,
1000 ppm 1 5,10,1,5,63.65,445.198,4.476460644,25.22,5.633915275,,,,,,,,,,,
1000 ppm 1 6,10,1,6,64.965,376.233,3.706443777,18.44,4.975119308,,,,,,,,,,,
1000 ppm 1 7,10,1,7,63.603,121.789,1.225491879,16.2,13.21918184,,,,,,,,,,,
1000 ppm 1 8,10,1,8,64.297,1049.112,10.44265953,28.65,2.743553968,,,,,,,,,,,
1000 ppm 1 9,10,1,9,64.103,668.733,6.676584871,36.31,5.438409112,,,,,,,,,,,
1000 ppm 1 10,10,1,10,63.53,441.995,4.452649142,30.5,6.849854778,,,,,,,,,,,
1000 ppm 2 1,10,2,1,64.065,845.635,8.447770233,30.72,3.63646254,,,,,,,,,,,
1000 ppm 2 2,10,2,2,64.045,400.148,3.998668436,11.08,2.770922415,,,,,,,,,,,
1000 ppm 2 3,10,2,3,64.22,756.905,7.543120523,23.36,3.096861561,,,,,,,,,,,
1000 ppm 2 4,10,2,4,64.297,576.085,5.734239545,14.77,2.575755666,,,,,,,,,,,
1000 ppm 2 5,10,2,5,64.803,764.812,7.553349073,28.86,3.820821694,,,,,,,,,,,
1000 ppm 2 6,10,2,6,64.555,391.57,3.882035474,12.72,3.276631573,,,,,,,,,,,
1000 ppm 2 7,10,2,7,64.353,469.675,4.67098659,13.76,2.945844467,,,,,,,,,,,
1000 ppm 2 8,10,2,8,64.02,147.909,1.478627929,13.19,8.920432073,,,,,,,,,,,
1000 ppm 2 9,10,2,9,64.56,446.115,4.422453532,18.26,4.12892976,,,,,,,,,,,
1000 ppm 2 10,10,2,10,64.193,554.337,5.526703535,16.7,3.02169275,,,,,,,,,,,
1000 ppm 3 1,10,3,1,64.158,601.163,5.996825337,20.6,3.435150907,,,,,,,,,,,
1000 ppm 3 2,10,3,2,64.5,491.19,4.873823256,25.19,5.16842706,,,,,,,,,,,
1000 ppm 3 3,10,3,3,64.585,540.335,5.35440737,18.81,3.51299382,,,,,,,,,,,
1000 ppm 3 4,10,3,4,64.373,707.943,7.038409271,25.79,3.664180216,,,,,,,,,,,
1000 ppm 3 5,10,3,5,64.13,400.623,3.998108841,14.28,3.571688657,,,,,,,,,,,
1000 ppm 3 6,10,3,6,63.595,663.123,6.673460492,26.04,3.90202355,,,,,,,,,,,
1000 ppm 3 7,10,3,7,62.853,513.348,5.227160517,23.29,4.455573905,,,,,,,,,,,
1000 ppm 3 8,10,3,8,64.418,755.77,7.50865907,24.83,3.306848768,,,,,,,,,,,
1000 ppm 3 9,10,3,9,64.112,306.998,3.06461692,19.63,6.405368276,,,,,,,,,,,
1000 ppm 3 10,10,3,10,64.098,716.818,7.157220506,30.32,4.236281385,,,,,,,,,,,
1000 ppm 4 1,10,4,1,63.178,703.948,7.131069676,28.55,4.003606934,,,,,,,,,,,
1000 ppm 4 2,10,4,2,63.905,839.148,8.40395462,39.5,4.700168169,,,,,,,,,,,
1000 ppm 4 3,10,4,3,63.863,329.078,3.297839438,23.71,7.189555601,,,,,,,,,,,
1000 ppm 4 4,10,4,4,65.773,680.303,6.619645143,32.52,4.912650043,,,,,,,,,,,
1000 ppm 4 5,10,4,5,63.85,320.625,3.213782302,17.68,5.501306043,,,,,,,,,,,
1000 ppm 4 6,10,4,6,64.1,470.69,4.699556942,16.78,3.570549353,,,,,,,,,,,
1000 ppm 4 7,10,4,7,64.758,384.715,3.802118657,18.27,4.80521563,,,,,,,,,,,
1000 ppm 4 8,10,4,8,63.483,423.048,4.264932659,24.85,5.826586722,,,,,,,,,,,
1000 ppm 4 9,10,4,9,64.27,469.312,4.673404077,29.74,6.363669718,,,,,,,,,,,
1000 ppm 4 10,10,4,10,63.79,477.533,4.791050635,22.32,4.658685892,,,,,,,,,,,
1000 ppm 5 1,10,5,1,64.513,681.278,6.758605552,20.68,3.059802771,,,,,,,,,,,
1000 ppm 5 2,10,5,2,64.4,491.705,4.886509317,23.25,4.757997682,,,,,,,,,,,
1000 ppm 5 3,10,5,3,64.422,510.145,5.06803266,17.64,3.480640553,,,,,,,,,,,
1000 ppm 5 4,10,5,4,64.388,458.608,4.558444431,22.32,4.896407171,,,,,,,,,,,
1000 ppm 5 5,10,5,5,64.665,588.843,5.827874739,23.46,4.025481166,,,,,,,,,,,
1000 ppm 5 6,10,5,6,64.938,440.373,4.340120115,13.55,3.12203341,,,,,,,,,,,
1000 ppm 5 7,10,5,7,64.398,596.623,5.929356812,20.28,3.420269793,,,,,,,,,,,
1000 ppm 5 8,10,5,8,63.003,615.9,6.256463978,22.34,3.570707045,,,,,,,,,,,
1000 ppm 5 9,10,5,9,63.505,518.798,5.22841855,20.43,3.907491301,,,,,,,,,,,
1000 ppm 5 10,10,5,10,64.318,598.015,5.950583041,28.96,4.866749998,,,,,,,,,,,
c 2,c,,2,62.093,622.57,6.416903677,3.311,0.515980941,,,,,,,,,,,
c 3,c,,3,64.24,397.738,3.962520548,0.1453,0.03666858,,,,,,,,,,,
c 4,c,,4,64.76,633.35,6.259172329,0.1801,0.028773772,,,,,,,,,,,
c 5,c,,5,63.565,452.648,4.557456462,1.197,0.262646502,,,,,,,,,,,
c 6,c,,6,63.56,508.4,5.119194462,0.3264,0.063760031,,,,,,,,,,,
c 7,c,,7,63.933,508.4,5.08932789,0.1234,0.024246817,,,,,,,,,,,
c 8,c,,8,64.043,639.15,6.387208594,0.1689,0.026443476,,,,,,,,,,,
c 9,c,,9,63.593,618.663,6.226224899,0.3604,0.057884192,,,,,,,,,,,
c 10,c,,10,63.723,628.73,6.31463051,0.2197,0.034792218,,,,,,,,,,,
