stage,epoch,train_mae,train_rmse,train_r2,train_pearson_r,train_spearman_r,train_residual_mean,train_target_std,train_prediction_std,train_negative_predictions,train_loss,validation_mae,validation_rmse,validation_r2,validation_pearson_r,validation_spearman_r,validation_residual_mean,validation_target_std,validation_prediction_std,validation_negative_predictions,validation_loss
inner_selection,1,1.4861556492894887,2.006729369958937,-0.336730023413381,0.11651735521756985,0.10036251920122886,0.30740305985510347,1.7356691952656285,1.1824487238218497,0,1.0649166846275329,1.164600458170753,1.5569811320828892,-0.13633289254685588,0.4754890871457591,0.3735337243401759,0.8090537523967214,1.4605975259782995,0.35010761168322,0,0.7590221092104912
inner_selection,2,1.0729709335416555,1.6344017265899657,0.11328569764905627,0.3837617329293787,0.3796866359447004,0.2013755439668894,1.735669195265628,0.41741404181451724,0,0.6962722318172455,1.0862045885878615,1.4288454441105898,0.04300561982387063,0.635195346172358,0.6099706744868034,0.7330108730238862,1.4605975259782995,0.4464159547964456,0,0.6882398538291454
inner_selection,3,1.0760603109449147,1.5285011101372465,0.22447177987030642,0.5096445845295257,0.4510783410138248,0.26416318072378636,1.7356691952656285,0.693635196143195,0,0.67019540309906,0.8764763848739676,1.1450257272664566,0.38543281352531844,0.6787904756203131,0.6733870967741935,0.14428850990952924,1.4605975259782995,0.6174446803819537,0,0.5104958359152079
inner_selection,4,1.0105096856206655,1.4678026493939602,0.2848429517036677,0.5398316156884647,0.549069124423963,-0.0026348477452993392,1.7356691952656285,0.7962522792899644,0,0.6156875870227814,0.8215110005694441,1.0966380209655149,0.43627736061825706,0.6923742901182998,0.6711876832844574,0.1325865907710977,1.4605975259782995,0.7385564966713877,0,0.4782494744285941
inner_selection,5,0.8634871741384268,1.31044286180409,0.4299640213219208,0.7087130992277937,0.6823717357910906,0.239742236033082,1.7356691952656285,0.8296396447772172,0,0.4973900308907032,0.8646731005865149,1.1020343625727316,0.4307157723496815,0.681877316600383,0.6612903225806451,-0.22035972046433017,1.4605975259782995,0.8394578862015055,0,0.4936341745778918
inner_selection,6,0.8566309157460928,1.2663575649420997,0.46767264157716204,0.707680020932813,0.6619231950844853,0.09050331009924412,1.7356691952656285,0.9255773068789782,0,0.48981536948680876,0.7915709225344472,1.075014940324757,0.45828872032826373,0.6870071621153285,0.6502932551319648,0.1399886550498195,1.4605975259782995,0.9054158200008244,0,0.4555317619815469
inner_selection,7,0.8235460754483939,1.2487627409768542,0.48236223509239873,0.7211974158602276,0.7021935483870967,0.04262525404989719,1.7356691952656282,0.917174783538758,0,0.4751279650330544,0.8946296872454695,1.1408459384699714,0.389911442243817,0.698823007956662,0.629398826979472,0.4530441759270616,1.4605975259782995,0.9516914380726379,0,0.5016925930976868
inner_selection,8,0.76701506100595,1.2048099814062943,0.5181596092326671,0.7583158364471182,0.751121351766513,0.2311413568407297,1.7356691952656285,0.9727654102037365,0,0.4197416477501392,0.7960163282114081,1.0605243073069002,0.4727942567534378,0.6925573905282961,0.6370967741935483,-0.12048899399815127,1.4605975259782995,1.0203592825494034,0,0.45060558430850506
inner_selection,9,0.7372254038900137,1.1323825518327462,0.5743502068874324,0.7764469347610304,0.7761658986175114,0.11055511559545994,1.7356691952656285,1.0761880395528403,0,0.39143145573139193,0.7805697928997688,1.078093983954351,0.4551811517427107,0.6873374977777857,0.6407624633431084,0.1889220912125893,1.4605975259782995,1.0372737078270655,0,0.4524917285889387
inner_selection,10,0.7172179456800223,1.1229048137441038,0.58144553818844,0.792096535303729,0.7887434715821812,0.10398699702322484,1.7356691952656285,1.0174974165195916,0,0.37147380149364473,0.7919571885722689,1.0575112377256208,0.47578570355424143,0.6910099007324383,0.6524926686217007,-0.030238826002459973,1.4605975259782995,1.0615506865131952,0,0.44593285024166107
inner_selection,11,0.6909586069434881,1.0996873648147751,0.5985748679160388,0.7930313339924869,0.7974254992319507,0.10310970856249332,1.735669195265628,1.0923267625387054,0,0.3582221539020538,0.7880700027453713,1.0675845296887265,0.4657513636883398,0.6866611442670163,0.6517595307917887,0.05761025269748643,1.4605975259782995,1.0975527365370017,0,0.45013979729264975
inner_selection,12,0.7418827811330557,1.1396031093126708,0.5689046486818892,0.7711878865753388,0.7442334869431643,0.1890144452005625,1.7356691952656285,1.1334029078437498,0,0.403066180229187,0.830475177790504,1.0736695356509918,0.45964379883471373,0.6975075879559491,0.6451612903225806,-0.23075530322967097,1.4605975259782995,1.0826640959557674,0,0.46490536257624626
inner_selection,13,0.7446460701674223,1.0943081944274857,0.6024924412406454,0.7836353392218651,0.7543410138248846,0.024308845415711402,1.7356691952656285,1.174847501802079,1,0.38525763526558876,0.7620787463965826,1.0668266191496047,0.4665096529494539,0.6929051456294915,0.6631231671554252,0.1354052357492037,1.4605975259782995,1.1154757693088135,0,0.44781472720205784
inner_selection,14,0.6472183595448733,1.0457137218955341,0.6370124726487244,0.8135008827520291,0.792301075268817,0.07185696603357791,1.7356691952656282,1.1484138069674066,1,0.32762103393673897,0.8175586240249686,1.1043577134600935,0.4283128686147546,0.695431669699829,0.6418621700879765,0.332969231356401,1.4605975259782995,1.1001957574559242,0,0.4734354503452778
inner_selection,15,0.6736745124608279,1.0612042692866497,0.626178680852421,0.8111657668170658,0.7852350230414744,0.17383565847575663,1.7356691952656285,1.1517631780130198,0,0.3451734464764595,0.9323175327735953,1.1686362991683645,0.3598266034519626,0.677951391382172,0.6675219941348973,-0.4181191587704234,1.4605975259782995,1.1853193510352422,0,0.5368958376348019
inner_selection,16,0.6504679694920779,1.0458636313023588,0.6369083922600898,0.8093398542768784,0.8033179723502302,0.03540330983698368,1.7356691952656285,1.173787767134741,2,0.3330337882041931,0.8404255767236464,1.1396971006579255,0.39113954829892794,0.6826452799194366,0.658357771260997,0.36318057373864576,1.4605975259782995,1.1638417612172927,0,0.4912235327064991
inner_selection,17,0.6345367212146521,1.0357968890768574,0.6438644782551934,0.81855220947604,0.8005837173579108,0.08254568864405155,1.7356691952656282,1.1523998374505156,0,0.3186515694379341,0.8551646882551722,1.1112215093183766,0.42118449390476287,0.6767103012366235,0.6546920821114368,-0.18979443627176806,1.4605975259782995,1.1942739084869833,0,0.48100605979561806
inner_selection,18,0.6250580972582102,1.0164909007367025,0.6570166172379757,0.8316164146169073,0.8144946236559139,0.14389473189413549,1.7356691952656285,1.154558440600028,1,0.3143389291167259,0.8396881522494368,1.1057779988205965,0.4268414595358967,0.6722855003220393,0.6466275659824046,-0.053923491563182324,1.4605975259782995,1.2070949292214237,0,0.47393506951630116
inner_selection,19,0.6225977796465159,1.0123034107471869,0.6598366742541424,0.822825896816304,0.8319447004608295,0.005084927186369896,1.7356691952656285,1.20054121480541,0,0.30570657513476907,0.8037460597115569,1.1048885022387098,0.42776319520166595,0.6811722687627592,0.6616568914956011,0.16511660238029435,1.4605975259782995,1.218598792223213,0,0.4668139349669218
inner_selection,20,0.6337669722586871,0.9717286237129692,0.6865588008885075,0.8447554120961424,0.8110967741935483,0.14869732184708118,1.7356691952656282,1.222520910586384,1,0.3073599776029587,0.8602029105531983,1.1216808700787813,0.4102370240515375,0.6726320055369154,0.6638563049853371,-0.13973240199266002,1.4605975259782995,1.2479539163811422,0,0.4858755823224783
inner_selection,21,0.5697410583049058,0.9351740904811285,0.7096973364150541,0.8563692572300821,0.8400061443932411,0.0866019829660654,1.7356691952656285,1.233767298073589,1,0.27065643575787546,0.8543540045502596,1.1175660889343813,0.4145560678961233,0.6777102375577497,0.6594574780058651,-0.16810007131425664,1.4605975259782995,1.2490486437051427,0,0.4847750077024102
inner_selection,22,0.6101683628112078,0.9425252158804931,0.7051154326244733,0.8506807701875735,0.8239938556067588,0.031592278078198435,1.7356691952656282,1.242274855342205,1,0.2915418064594269,0.8472544182441197,1.1431627239041293,0.387431038150317,0.6711838375652428,0.6374633431085043,0.24717654107371345,1.4605975259782995,1.251300804718501,1,0.49140168353915215
inner_selection,23,0.5800759229511022,0.9376695541111889,0.7081459540338857,0.8582428485764234,0.8351889400921658,0.06273052622377873,1.7356691952656285,1.2037477842815794,0,0.273807246953249,0.8660850414889865,1.1572920612661306,0.3721949184786685,0.6687608142825998,0.6385630498533724,0.2669227903825231,1.4605975259782995,1.2748700340850065,1,0.5046783313155174
inner_selection,24,0.5788199623674154,0.9390072624265566,0.7073126240576516,0.8525404023082818,0.8334746543778802,0.1026465106755495,1.7356691952656285,1.2600782364251242,1,0.26951244539022445,0.8605746968532912,1.1397315392847167,0.3911027514435961,0.663868505288554,0.6411290322580644,-0.0883006674121134,1.4605975259782995,1.2827847259969785,0,0.4973274748772383
inner_selection,25,0.5551068457812071,0.9277737210368429,0.7142736963918355,0.8628548954225133,0.8556682027649769,0.11460125125944615,1.7356691952656285,1.2183804606584303,1,0.2574048293083906,0.8545371039654128,1.148790704171179,0.3813846331559658,0.6592652728763138,0.6341642228739002,0.03509423910873011,1.4605975259782995,1.2981236011794817,0,0.4992055809125304
inner_selection,26,0.5205481814295053,0.881038963269496,0.7423344725598997,0.8798091184991312,0.8621628264208908,0.07570820607244969,1.7356691952656285,1.2272989586185385,1,0.23826081413030625,0.9328633958357386,1.2031457356485178,0.32146016184190185,0.6588475184371425,0.6337976539589442,-0.34998850169358775,1.4605975259782995,1.3054803203569816,0,0.5487315151840448
inner_selection,27,0.5623856476694346,0.900057114019435,0.7310904496606245,0.8634588262803192,0.8328356374807986,0.005466114178299904,1.7356691952656282,1.2899595087473146,1,0.26018877094238996,0.8496421689051203,1.1571011184627658,0.3724020657962833,0.6567942478080835,0.6191348973607037,0.04533288424136117,1.4605975259782995,1.3111108750651492,0,0.5034535732120275
inner_selection,28,0.540325102224946,0.8670768589592673,0.7504363780095307,0.8821963931005758,0.856516129032258,0.07975978071987629,1.7356691952656285,1.2528309881201796,3,0.23842512023448945,0.8327989694080316,1.1422408825396548,0.388418585615776,0.667774261464565,0.6422287390029325,-0.034101342724170536,1.4605975259782995,1.3239361781943575,0,0.49267787206918
inner_selection,29,0.49936930753290654,0.8603827617179647,0.7542749174744204,0.8791422470761959,0.881069124423963,0.07794537545740604,1.7356691952656285,1.3022785046989138,1,0.2200900210868567,0.8655041648889892,1.170858433805713,0.35738973929909834,0.6608894445658497,0.629398826979472,-0.1444082182715647,1.4605975259782995,1.3506532195771308,0,0.510961227118969
inner_selection,30,0.5238836034685374,0.8592114401964257,0.7549435202632493,0.8770211527291089,0.8514961597542241,0.025318056240677834,1.7356691952656285,1.316779554198238,2,0.23294485149963293,0.8649172004661523,1.1748260125272445,0.3530272535703719,0.6561298020212195,0.629765395894428,-0.056070854829158634,1.4605975259782995,1.3610146864855515,1,0.5110662113875151
outer_refit,1,1.4573529580263955,1.905093651825939,-0.2806253390502156,0.16340417202352717,0.16141566246379596,0.23178689027572894,1.6834696239280638,1.1791097265474995,0,1.0244125541608045,,,,,,,,,,
outer_refit,2,1.0599712510444936,1.4950297126026135,0.21134133541980626,0.5037892886968318,0.4667791291188856,0.20631314033440723,1.6834696239280638,0.5692303836881386,0,0.6535195537433502,,,,,,,,,,
outer_refit,3,0.9351837541314827,1.3732088128023625,0.3346309511058072,0.6352501687868479,0.6140170802349307,0.11120373758066232,1.6834696239280638,0.641715740837684,0,0.5619602333635662,,,,,,,,,,
outer_refit,4,0.8958890135548297,1.2859836469996393,0.4164738502858373,0.6752070369945513,0.6302848566413833,0.0911028839552858,1.6834696239280638,0.8150547079633409,0,0.5200865584763752,,,,,,,,,,
outer_refit,5,0.8257924059441515,1.2252137955971556,0.4703204725611668,0.7053912209498199,0.6659834159229467,0.1790169523732298,1.6834696239280638,0.9749036634178168,0,0.46132652869649754,,,,,,,,,,
outer_refit,6,0.813110133383874,1.218624542160879,0.4760024318312611,0.7024955426661533,0.6943171317113105,0.10403843088799221,1.6834696239280638,0.9857408470106162,0,0.4563473560936322,,,,,,,,,,
outer_refit,7,0.7526023097953219,1.1392722602284517,0.5420221467648458,0.7567528669108672,0.7326949435310315,0.11893222635244108,1.6834696239280638,1.004290695665606,0,0.40507353212281016,,,,,,,,,,
outer_refit,8,0.7063983740035895,1.0827036014855782,0.5863732726646285,0.7745136131227334,0.7397900011783749,0.08476191329633355,1.6834696239280635,1.1276036477245688,1,0.3807619649940615,,,,,,,,,,
outer_refit,9,0.75755880300881,1.1279096326739084,0.5511119517723195,0.7523954252686486,0.7178133081946676,0.10890980385196437,1.6834696239280638,1.091670142916964,0,0.4060537120101938,,,,,,,,,,
outer_refit,10,0.6985056521074408,1.0688998279060666,0.5968529879989288,0.785002301278616,0.7498371981964661,0.0670349796059405,1.6834696239280638,1.09698758012833,0,0.3713503294184309,,,,,,,,,,
