seed,fold,role,class,n,residue_min,residue_max,residue_mean,residue_std
42,1,outer_train,low,52,0.010515853,2.561965594,1.6628313573461537,0.7516268861685066
42,1,outer_train,medium,52,2.565247064,3.635232962,3.0989078888846158,0.316556904922481
42,1,outer_train,high,52,3.709535965,8.920432073,4.892572282711539,1.0161404256078332
42,1,outer_test,low,17,0.028773772,2.558849953,1.8709406470588235,0.8765521528117894
42,1,outer_test,medium,19,2.575755666,3.63646254,3.1711788959473686,0.33359388703357706
42,1,outer_test,high,17,3.664180216,13.21918184,5.351324261764707,2.2619894312044853
42,1,inner_train,low,42,0.024246817,2.561965594,1.7139422160714286,0.7261207084863148
42,1,inner_train,medium,41,2.565247064,3.570707045,3.1100492046585364,0.3115779726510226
42,1,inner_train,high,41,3.820821694,8.920432073,4.880904523463415,0.9746224675863656
42,1,inner_validation,low,10,0.010515853,2.49284019,1.4481657506999999,0.8162077059539848
42,1,inner_validation,medium,11,2.578333626,3.635232962,3.0573811664545456,0.33117664266030855
42,1,inner_validation,high,11,3.709535965,7.228369165,4.936061203545456,1.1568105871558199
42,2,outer_train,low,53,0.010515853,2.574977352,1.7085727319622643,0.8077502123596315
42,2,outer_train,medium,52,2.575755666,3.63646254,3.1072032373461536,0.31463422813287484
42,2,outer_train,high,52,3.664180216,13.21918184,4.889613257865384,1.489439051864774
42,2,outer_test,low,18,0.026443476,2.439106538,1.825505066888889,0.7323433298961497
42,2,outer_test,medium,17,2.578333626,3.635232962,3.2165186168823534,0.2949310420485506
42,2,outer_test,high,17,3.709535965,8.920432073,5.3603753965882355,1.2168660474196935
42,2,inner_train,low,42,0.010515853,2.574977352,1.7187827870714283,0.7994486115506019
42,2,inner_train,medium,41,2.575755666,3.63646254,3.080830316317073,0.3191771178128823
42,2,inner_train,high,42,3.664180216,13.21918184,5.000118815714286,1.6154679695468872
42,2,inner_validation,low,11,0.024246817,2.508319707,1.6695888851818181,0.8375476424306771
42,2,inner_validation,medium,11,2.770922415,3.571688657,3.2055023066363635,0.27569455924178904
42,2,inner_validation,high,10,3.766442861,5.633915275,4.4254899149,0.5551901501995011
42,3,outer_train,low,53,0.010515853,2.575755666,1.6899897084339623,0.841950649336124
42,3,outer_train,medium,52,2.578333626,3.63646254,3.176917407634616,0.30588565773976023
42,3,outer_train,high,52,3.664180216,13.21918184,5.153033639057693,1.5347944608391668
42,3,outer_test,low,19,0.515980941,2.574977352,1.916828795631579,0.5990947242257512
42,3,outer_test,medium,16,2.661895437,3.487434095,3.029995247875,0.28870770595099093
42,3,outer_test,high,17,3.766442861,7.228369165,4.554618936470588,0.9789491846360666
42,3,inner_train,low,42,0.010515853,2.575755666,1.663319137,0.8734450754338071
42,3,inner_train,medium,41,2.589302372,3.63646254,3.1759578095853658,0.2858088856089962
42,3,inner_train,high,42,3.664180216,8.920432073,5.014631372357142,1.055829659008969
42,3,inner_validation,low,11,0.057884192,2.49284019,1.7918227993636364,0.6996543117575154
42,3,inner_validation,medium,11,2.578333626,3.571688657,3.180494091272727,0.3712509437589928
42,3,inner_validation,high,10,3.90202355,13.21918184,5.7343231592,2.6737014362027476
42,4,outer_train,low,53,0.026443476,2.565247064,1.8586764522452828,0.7410933747606412
42,4,outer_train,medium,52,2.574977352,3.635232962,3.122147197846154,0.31909144254233995
42,4,outer_train,high,52,3.63646254,13.21918184,5.060843820230769,1.6278343451546589
42,4,outer_test,low,17,0.010515853,2.49284019,1.3134480398235293,0.796051501410986
42,4,outer_test,medium,17,2.606928263,3.570549353,3.108367373705882,0.2996578697530184
42,4,outer_test,high,18,3.90202355,5.826586722,4.7699363910555554,0.5913625943704968
42,4,inner_train,low,42,0.028773772,2.561965594,1.8136749876666667,0.7538665028120803
42,4,inner_train,medium,42,2.578333626,3.635232962,3.1343873482380955,0.30348671672637195
42,4,inner_train,high,41,3.63646254,13.21918184,5.065818515195122,1.760849240153868
42,4,inner_validation,low,11,0.026443476,2.565247064,2.030500226090909,0.6626117104717953
42,4,inner_validation,medium,10,2.574977352,3.545661039,3.0707385662,0.3732973748979511
42,4,inner_validation,high,11,3.907491301,6.849854778,5.042301775363636,0.9845595984693982
