stage,epoch,train_accuracy,train_macro_f1,train_log_loss,train_brier,train_ordinal_mae,train_extreme_error_rate,train_recall_low,train_recall_medium,train_recall_high,train_precision_low,train_precision_medium,train_precision_high,train_f1_low,train_f1_medium,train_f1_high,train_support_low,train_predicted_low,train_support_medium,train_predicted_medium,train_support_high,train_predicted_high,train_loss,validation_accuracy,validation_macro_f1,validation_log_loss,validation_brier,validation_ordinal_mae,validation_extreme_error_rate,validation_recall_low,validation_recall_medium,validation_recall_high,validation_precision_low,validation_precision_medium,validation_precision_high,validation_f1_low,validation_f1_medium,validation_f1_high,validation_support_low,validation_predicted_low,validation_support_medium,validation_predicted_medium,validation_support_high,validation_predicted_high,validation_loss
inner_selection,1,0.3790322580645161,0.3820314052872193,1.1205637066138139,0.6818029728400051,0.7903225806451613,0.1693548387096774,0.3333333333333333,0.34146341463414637,0.4634146341463415,0.3181818181818182,0.32558139534883723,0.5135135135135135,0.32558139534883723,0.3333333333333333,0.48717948717948717,42,44,41,43,41,37,1.120563724348622,0.34375,0.2222222222222222,1.1135545363052937,0.6759719684389291,0.9375,0.28125,1.0,0.0,0.09090909090909091,0.3333333333333333,0.0,1.0,0.5,0.0,0.16666666666666666,10,30,11,1,11,1,1.1135545298457146
inner_selection,2,0.4596774193548387,0.45915602013163,1.0286340248069274,0.6194220909685961,0.6774193548387096,0.13709677419354838,0.4523809523809524,0.3902439024390244,0.5365853658536586,0.475,0.3902439024390244,0.5116279069767442,0.4634146341463415,0.3902439024390244,0.5238095238095238,42,40,41,41,41,43,1.028634029050027,0.34375,0.2490842490842491,1.2146561478046967,0.7193471300484429,0.96875,0.3125,0.9,0.0,0.18181818181818182,0.3103448275862069,0.0,0.6666666666666666,0.46153846153846156,0.0,0.2857142857142857,10,29,11,0,11,3,1.214656189084053
inner_selection,3,0.5564516129032258,0.5574712643678161,0.9190570667304669,0.5496314615530808,0.5403225806451613,0.0967741935483871,0.5238095238095238,0.5365853658536586,0.6097560975609756,0.6285714285714286,0.4782608695652174,0.5813953488372093,0.5714285714285714,0.5057471264367817,0.5952380952380952,42,35,41,46,41,43,0.9190570731316844,0.4375,0.3666666666666667,1.1447777804155854,0.6702728866065668,0.75,0.1875,0.8,0.0,0.5454545454545454,0.36363636363636365,0.0,0.6666666666666666,0.5,0.0,0.6,10,22,11,1,11,9,1.1447778046131134
inner_selection,4,0.7338709677419355,0.7338331102186523,0.7884786402875521,0.4516817244931704,0.3467741935483871,0.08064516129032258,0.7380952380952381,0.6341463414634146,0.8292682926829268,0.6458333333333334,0.7647058823529411,0.8095238095238095,0.6888888888888889,0.6933333333333334,0.8192771084337349,42,48,41,34,41,42,0.7884786475089288,0.53125,0.5370370370370371,1.1146659009534658,0.6493617624022248,0.5,0.03125,0.5,0.6363636363636364,0.45454545454545453,0.625,0.4117647058823529,0.7142857142857143,0.5555555555555556,0.5,0.5555555555555556,10,8,11,17,11,7,1.114665910601616
inner_selection,5,0.717741935483871,0.7205055480917549,0.750842545444773,0.4358021216990125,0.3467741935483871,0.06451612903225806,0.6666666666666666,0.7317073170731707,0.7560975609756098,0.6666666666666666,0.6521739130434783,0.8611111111111112,0.6666666666666666,0.6896551724137931,0.8051948051948052,42,42,41,46,41,36,0.7508425529926054,0.4375,0.37878787878787873,1.1858667474613518,0.6839188106105627,0.6875,0.125,0.7,0.0,0.6363636363636364,0.5833333333333334,0.0,0.4117647058823529,0.6363636363636364,0.0,0.5,10,12,11,3,11,17,1.1858667433261871
inner_selection,6,0.6693548387096774,0.6685771744595274,0.724725021684394,0.41811137401426113,0.4112903225806452,0.08064516129032258,0.5952380952380952,0.6585365853658537,0.7560975609756098,0.6944444444444444,0.6136363636363636,0.7045454545454546,0.6410256410256411,0.6352941176470588,0.7294117647058823,42,36,41,44,41,44,0.7247250205086123,0.46875,0.4253968253968254,1.1852601013213657,0.6733438778605476,0.65625,0.125,0.8,0.09090909090909091,0.5454545454545454,0.4444444444444444,0.25,0.6,0.5714285714285714,0.13333333333333333,0.5714285714285714,10,18,11,4,11,10,1.1852601021528244
inner_selection,7,0.7741935483870968,0.7722489116638792,0.6861009867867146,0.38813069641903836,0.27419354838709675,0.04838709677419355,0.7619047619047619,0.6585365853658537,0.9024390243902439,0.7111111111111111,0.7714285714285715,0.8409090909090909,0.735632183908046,0.7105263157894737,0.8705882352941177,42,45,41,35,41,44,0.6861009924642502,0.5,0.4933747412008282,1.1736443451891385,0.6620719664988436,0.5625,0.0625,0.7,0.2727272727272727,0.5454545454545454,0.5384615384615384,0.3333333333333333,0.6,0.6086956521739131,0.3,0.5714285714285714,10,13,11,9,11,10,1.1736443266272545
inner_selection,8,0.782258064516129,0.7805321293693387,0.6575850789406491,0.37135443361168335,0.27419354838709675,0.056451612903225805,0.7142857142857143,0.7073170731707317,0.926829268292683,0.7142857142857143,0.7837837837837838,0.8444444444444444,0.7142857142857143,0.7435897435897436,0.8837209302325582,42,42,41,37,41,45,0.6575850834769588,0.5,0.49059829059829063,1.235293775350188,0.6836054630973027,0.625,0.125,0.7,0.2727272727272727,0.5454545454545454,0.4375,0.42857142857142855,0.6666666666666666,0.5384615384615384,0.3333333333333333,0.6,10,16,11,7,11,9,1.2352937757968903
inner_selection,9,0.7661290322580645,0.7646825396825396,0.6505485825439359,0.36975680601512945,0.27419354838709675,0.04032258064516129,0.6428571428571429,0.7317073170731707,0.926829268292683,0.7105263157894737,0.6976744186046512,0.8837209302325582,0.675,0.7142857142857143,0.9047619047619048,42,38,41,43,41,43,0.6505485849995767,0.4375,0.4190110826939471,1.242936291111853,0.6921316466048646,0.71875,0.15625,0.6,0.18181818181818182,0.5454545454545454,0.46153846153846156,0.3333333333333333,0.46153846153846156,0.5217391304347826,0.23529411764705882,0.5,10,13,11,6,11,13,1.2429363131523132
inner_selection,10,0.8306451612903226,0.8274349640203648,0.6100629475129966,0.3411108322776249,0.21774193548387097,0.04838709677419355,0.6666666666666666,0.9024390243902439,0.926829268292683,0.9032258064516129,0.7708333333333334,0.8444444444444444,0.7671232876712328,0.8314606741573034,0.8837209302325582,42,31,41,48,41,45,0.6100629510418061,0.53125,0.5151779230210604,1.2759404711547317,0.6961263806714995,0.59375,0.125,0.8,0.2727272727272727,0.5454545454545454,0.47058823529411764,0.5,0.6666666666666666,0.5925925925925926,0.35294117647058826,0.6,10,17,11,6,11,9,1.2759404852986336
inner_selection,11,0.782258064516129,0.7813761638271118,0.6227311044635913,0.3569444197950881,0.28225806451612906,0.06451612903225806,0.6666666666666666,0.8292682926829268,0.8536585365853658,0.7567567567567568,0.7391304347826086,0.8536585365853658,0.7088607594936709,0.7816091954022989,0.8536585365853658,42,37,41,46,41,41,0.622731105935189,0.5,0.49059829059829063,1.2678214779977566,0.6884752675007609,0.625,0.125,0.7,0.2727272727272727,0.5454545454545454,0.4375,0.42857142857142855,0.6666666666666666,0.5384615384615384,0.3333333333333333,0.6,10,16,11,7,11,9,1.267821490764618
inner_selection,12,0.8306451612903226,0.8314900055406383,0.5700883582382897,0.3138120701698826,0.21774193548387097,0.04838709677419355,0.8333333333333334,0.7804878048780488,0.8780487804878049,0.7608695652173914,0.8421052631578947,0.9,0.7954545454545454,0.810126582278481,0.8888888888888888,42,46,41,38,41,40,0.5700883567333221,0.46875,0.4675324675324675,1.2705704994899636,0.6862786941002528,0.59375,0.0625,0.6,0.2727272727272727,0.5454545454545454,0.5454545454545454,0.3,0.5454545454545454,0.5714285714285714,0.2857142857142857,0.5454545454545454,10,11,11,10,11,11,1.2705704867839813
inner_selection,13,0.7983870967741935,0.7961659108020039,0.5653166295993303,0.31531430806635796,0.2661290322580645,0.06451612903225806,0.7857142857142857,0.6829268292682927,0.926829268292683,0.75,0.875,0.7916666666666666,0.7674418604651163,0.7671232876712328,0.8539325842696629,42,44,41,32,41,48,0.565316637677531,0.5,0.49059829059829063,1.3058258926561017,0.695050216211836,0.625,0.125,0.7,0.2727272727272727,0.5454545454545454,0.4375,0.42857142857142855,0.6666666666666666,0.5384615384615384,0.3333333333333333,0.6,10,16,11,7,11,9,1.305825911462307
inner_selection,14,0.7903225806451613,0.7874308216262239,0.5819697424067033,0.32984831736455705,0.24193548387096775,0.03225806451612903,0.7142857142857143,0.7073170731707317,0.9512195121951219,0.7692307692307693,0.7435897435897436,0.8478260869565217,0.7407407407407407,0.725,0.896551724137931,42,39,41,39,41,46,0.5819697456975137,0.5,0.49059829059829063,1.330042803515902,0.7066575555735541,0.625,0.125,0.7,0.2727272727272727,0.5454545454545454,0.4375,0.42857142857142855,0.6666666666666666,0.5384615384615384,0.3333333333333333,0.6,10,16,11,7,11,9,1.33004280179739
inner_selection,15,0.8145161290322581,0.8147570429192664,0.5511312278768072,0.30724646632100266,0.20967741935483872,0.024193548387096774,0.7142857142857143,0.8048780487804879,0.926829268292683,0.7894736842105263,0.7333333333333333,0.926829268292683,0.75,0.7674418604651163,0.926829268292683,42,38,41,45,41,41,0.5511312316502294,0.53125,0.5151779230210604,1.3502141663512877,0.7140078338970557,0.59375,0.125,0.8,0.2727272727272727,0.5454545454545454,0.47058823529411764,0.5,0.6666666666666666,0.5925925925925926,0.35294117647058826,0.6,10,17,11,6,11,9,1.3502141684293747
inner_selection,16,0.7983870967741935,0.7934956858777511,0.5286754794604069,0.2910141686688272,0.25,0.04838709677419355,0.6428571428571429,0.7804878048780488,0.975609756097561,0.7941176470588235,0.7619047619047619,0.8333333333333334,0.7105263157894737,0.7710843373493976,0.898876404494382,42,34,41,42,41,48,0.5286754735054509,0.40625,0.3474816072439162,1.4552189768700785,0.7572239821133148,0.75,0.15625,0.8,0.0,0.45454545454545453,0.38095238095238093,0.0,0.625,0.5161290322580645,0.0,0.5263157894736842,10,21,11,3,11,8,1.4552189707756042
inner_selection,17,0.8145161290322581,0.8149438637243516,0.5273238636521093,0.2940827401457869,0.24193548387096775,0.056451612903225805,0.7619047619047619,0.8048780487804879,0.8780487804878049,0.7619047619047619,0.8048780487804879,0.8780487804878049,0.7619047619047619,0.8048780487804879,0.8780487804878049,42,42,41,41,41,41,0.5273238656020933,0.53125,0.5151779230210604,1.401305653477392,0.7299286421908647,0.59375,0.125,0.8,0.2727272727272727,0.5454545454545454,0.47058823529411764,0.5,0.6666666666666666,0.5925925925925926,0.35294117647058826,0.6,10,17,11,6,11,9,1.40130565315485
inner_selection,18,0.8306451612903226,0.830426252898163,0.5081880300787508,0.2819122401437781,0.21774193548387097,0.04838709677419355,0.8333333333333334,0.7317073170731707,0.926829268292683,0.7446808510638298,0.8823529411764706,0.8837209302325582,0.7865168539325843,0.8,0.9047619047619048,42,47,41,34,41,43,0.5081880390644073,0.46875,0.4675324675324675,1.3647866510712119,0.7104139057021432,0.59375,0.0625,0.6,0.2727272727272727,0.5454545454545454,0.5,0.3,0.6,0.5454545454545454,0.2857142857142857,0.5714285714285714,10,12,11,10,11,10,1.3647866547107697
inner_selection,19,0.8467741935483871,0.8462846093368181,0.4875338905914664,0.26511424530928546,0.18548387096774194,0.03225806451612903,0.8095238095238095,0.8048780487804879,0.926829268292683,0.8292682926829268,0.825,0.8837209302325582,0.8192771084337349,0.8148148148148148,0.9047619047619048,42,41,41,40,41,43,0.4875338904319271,0.4375,0.4358178053830228,1.3764546664596349,0.7177021848595979,0.65625,0.09375,0.5,0.2727272727272727,0.5454545454545454,0.5,0.3,0.5,0.5,0.2857142857142857,0.5217391304347826,10,10,11,10,11,12,1.3764547258615494
inner_selection,20,0.8790322580645161,0.8787502952988424,0.45921279677208804,0.24361989652014043,0.1532258064516129,0.03225806451612903,0.8095238095238095,0.9024390243902439,0.926829268292683,0.8947368421052632,0.8409090909090909,0.9047619047619048,0.85,0.8705882352941177,0.9156626506024096,42,38,41,44,41,42,0.4592127948999405,0.46875,0.4643892339544513,1.4064578958717613,0.7289296251075326,0.625,0.09375,0.6,0.2727272727272727,0.5454545454545454,0.46153846153846156,0.3333333333333333,0.6,0.5217391304347826,0.3,0.5714285714285714,10,13,11,9,11,10,1.4064579010009766
inner_selection,21,0.8548387096774194,0.8539100554404236,0.46088028530969377,0.2480118651723718,0.1774193548387097,0.03225806451612903,0.7857142857142857,0.8292682926829268,0.9512195121951219,0.8461538461538461,0.8292682926829268,0.8863636363636364,0.8148148148148148,0.8292682926829268,0.9176470588235294,42,39,41,41,41,44,0.4608802867512549,0.5,0.4919298245614035,1.4423338431871464,0.7382818447435031,0.59375,0.09375,0.7,0.2727272727272727,0.5454545454545454,0.4666666666666667,0.375,0.6666666666666666,0.56,0.3157894736842105,0.6,10,15,11,8,11,9,1.442333847284317
inner_selection,22,0.8629032258064516,0.8610771113831089,0.4545283974798306,0.24341893563268435,0.16129032258064516,0.024193548387096774,0.8571428571428571,0.7560975609756098,0.975609756097561,0.8181818181818182,0.8857142857142857,0.8888888888888888,0.8372093023255814,0.8157894736842105,0.9302325581395349,42,44,41,35,41,45,0.45452839280328444,0.46875,0.4691511387163561,1.4410410730125642,0.7329628085138684,0.59375,0.0625,0.6,0.2727272727272727,0.5454545454545454,0.46153846153846156,0.3,0.6666666666666666,0.5217391304347826,0.2857142857142857,0.6,10,13,11,10,11,9,1.4410410672426224
inner_selection,23,0.8548387096774194,0.8556974599120193,0.454908595733772,0.2476940122507773,0.18548387096774194,0.04032258064516129,0.8571428571428571,0.8292682926829268,0.8780487804878049,0.8,0.85,0.9230769230769231,0.8275862068965517,0.8395061728395061,0.9,42,45,41,40,41,39,0.454908600257289,0.46875,0.4636363636363636,1.435881990660969,0.7342981620655662,0.625,0.09375,0.6,0.2727272727272727,0.5454545454545454,0.5,0.3333333333333333,0.5454545454545454,0.5454545454545454,0.3,0.5454545454545454,10,12,11,9,11,11,1.435882031917572
inner_selection,24,0.8467741935483871,0.8447346799406724,0.4347020795646715,0.2295718420321534,0.1935483870967742,0.04032258064516129,0.7857142857142857,0.7804878048780488,0.975609756097561,0.8461538461538461,0.8648648648648649,0.8333333333333334,0.8148148148148148,0.8205128205128205,0.898876404494382,42,39,41,37,41,48,0.43470207890195234,0.4375,0.4402607308785798,1.471028794988472,0.7384508562483878,0.625,0.0625,0.6,0.2727272727272727,0.45454545454545453,0.46153846153846156,0.2727272727272727,0.625,0.5217391304347826,0.2727272727272727,0.5263157894736842,10,13,11,11,11,8,1.471028782427311
inner_selection,25,0.8629032258064516,0.8623693379790941,0.4285444802794384,0.22854666380467273,0.16129032258064516,0.024193548387096774,0.8095238095238095,0.8292682926829268,0.9512195121951219,0.85,0.8292682926829268,0.9069767441860465,0.8292682926829268,0.8292682926829268,0.9285714285714286,42,40,41,41,41,43,0.428544478551034,0.46875,0.4666666666666666,1.4791397575216447,0.7449884788154739,0.625,0.09375,0.6,0.2727272727272727,0.5454545454545454,0.42857142857142855,0.3333333333333333,0.6666666666666666,0.5,0.3,0.6,10,14,11,9,11,9,1.4791397452354431
inner_selection,26,0.9032258064516129,0.9026714279792255,0.4119295901974493,0.21665167719728703,0.12096774193548387,0.024193548387096774,0.9047619047619048,0.8292682926829268,0.975609756097561,0.8636363636363636,0.9444444444444444,0.9090909090909091,0.8837209302325582,0.8831168831168831,0.9411764705882353,42,44,41,36,41,44,0.4119296001811181,0.46875,0.4675324675324675,1.471687039933055,0.7402527741927192,0.59375,0.0625,0.6,0.2727272727272727,0.5454545454545454,0.5454545454545454,0.3,0.5454545454545454,0.5714285714285714,0.2857142857142857,0.5454545454545454,10,11,11,10,11,11,1.4716870486736298
inner_selection,27,0.8870967741935484,0.8872050114836659,0.42101219131614454,0.2256917970779311,0.13709677419354838,0.024193548387096774,0.8333333333333334,0.9024390243902439,0.926829268292683,0.8974358974358975,0.8409090909090909,0.926829268292683,0.8641975308641975,0.8705882352941177,0.926829268292683,42,39,41,44,41,41,0.42101219152250596,0.5,0.4919298245614035,1.5224397371689093,0.7611474639366034,0.59375,0.09375,0.7,0.2727272727272727,0.5454545454545454,0.4666666666666667,0.375,0.6666666666666666,0.56,0.3157894736842105,0.6,10,15,11,8,11,9,1.5224397778511047
inner_selection,28,0.8870967741935484,0.8864249052791706,0.4083771258122432,0.21610095470936883,0.1532258064516129,0.04032258064516129,0.8333333333333334,0.8536585365853658,0.975609756097561,0.875,0.9210526315789473,0.8695652173913043,0.8536585365853658,0.8860759493670886,0.9195402298850575,42,40,41,38,41,46,0.4083771297047215,0.46875,0.4666666666666666,1.5368488601679475,0.761273171846747,0.625,0.09375,0.6,0.2727272727272727,0.5454545454545454,0.42857142857142855,0.3333333333333333,0.6666666666666666,0.5,0.3,0.6,10,14,11,9,11,9,1.5368488356471062
inner_selection,29,0.9032258064516129,0.9027777777777777,0.39690373081845925,0.20902567060029514,0.11290322580645161,0.016129032258064516,0.8333333333333334,0.9024390243902439,0.975609756097561,0.9210526315789473,0.8604651162790697,0.9302325581395349,0.875,0.8809523809523809,0.9523809523809523,42,38,41,43,41,43,0.39690374030220893,0.5,0.4919298245614035,1.5568792062954537,0.7709732938556773,0.59375,0.09375,0.7,0.2727272727272727,0.5454545454545454,0.4666666666666667,0.375,0.6666666666666666,0.56,0.3157894736842105,0.6,10,15,11,8,11,9,1.5568792521953583
inner_selection,30,0.8629032258064516,0.862012315474713,0.41609824542934065,0.22391372133220336,0.1532258064516129,0.016129032258064516,0.8333333333333334,0.7804878048780488,0.975609756097561,0.813953488372093,0.8421052631578947,0.9302325581395349,0.8235294117647058,0.810126582278481,0.9523809523809523,42,43,41,38,41,43,0.41609824088311964,0.46875,0.47308488612836436,1.5234208540976337,0.7401213194577976,0.59375,0.0625,0.5,0.36363636363636365,0.5454545454545454,0.5,0.3333333333333333,0.6,0.5,0.34782608695652173,0.5714285714285714,10,10,11,12,11,10,1.5234208777546883
outer_refit,1,0.38461538461538464,0.3760413530061227,1.1335604724565973,0.6810219262728463,0.782051282051282,0.16666666666666666,0.5384615384615384,0.36538461538461536,0.25,0.39436619718309857,0.3392857142857143,0.4482758620689655,0.45528455284552843,0.35185185185185186,0.32098765432098764,52,71,52,56,52,29,1.1335604817439349,,,,,,,,,,,,,,,,,,,,,,
