seed,fold,sample_id,mode,view,probability_low,probability_medium,probability_high
42,1,600 ppm 5 5,single,scale_1.0_rot_0_flip_0,0.28018274903297424,0.3165176808834076,0.4032995402812958
42,1,1000 ppm 4 3,single,scale_1.0_rot_0_flip_0,0.13653744757175446,0.40442532300949097,0.45903724431991577
42,1,1000 ppm 3 9,single,scale_1.0_rot_0_flip_0,0.07341424375772476,0.4360092580318451,0.4905765652656555
42,1,1000 ppm 3 10,single,scale_1.0_rot_0_flip_0,0.08245717734098434,0.5134516954421997,0.40409111976623535
42,1,600 ppm 3 7,single,scale_1.0_rot_0_flip_0,0.12097375839948654,0.5066720247268677,0.3723541796207428
42,1,800 ppm 5 7,single,scale_1.0_rot_0_flip_0,0.1415756791830063,0.43423476815223694,0.42418959736824036
42,1,400 ppm 4 4,single,scale_1.0_rot_0_flip_0,0.1634652316570282,0.39973148703575134,0.43680325150489807
42,1,800 ppm 2 8,single,scale_1.0_rot_0_flip_0,0.1708051860332489,0.4512377977371216,0.3779570460319519
42,1,400 ppm 3 2,single,scale_1.0_rot_0_flip_0,0.175606369972229,0.43326279520988464,0.39113086462020874
42,1,800 ppm 3 9,single,scale_1.0_rot_0_flip_0,0.1380152404308319,0.4847777187824249,0.37720707058906555
42,1,1000 ppm 5 1,single,scale_1.0_rot_0_flip_0,0.09206505864858627,0.5211299061775208,0.38680505752563477
42,1,800 ppm 4 5,single,scale_1.0_rot_0_flip_0,0.1301310658454895,0.4840269982814789,0.3858419954776764
42,1,800 ppm 2 1,single,scale_1.0_rot_0_flip_0,0.1161724403500557,0.5463659167289734,0.3374617099761963
42,1,400 ppm 1 5,single,scale_1.0_rot_0_flip_0,0.1379667967557907,0.45139434933662415,0.4106388986110687
42,1,400 ppm 4 8,single,scale_1.0_rot_0_flip_0,0.1400347650051117,0.40724241733551025,0.4527227580547333
42,1,800 ppm 3 4,single,scale_1.0_rot_0_flip_0,0.1404207944869995,0.47957396507263184,0.3800053298473358
42,1,1000 ppm 2 1,single,scale_1.0_rot_0_flip_0,0.14542463421821594,0.48948758840560913,0.3650878071784973
42,1,400 ppm 3 10,single,scale_1.0_rot_0_flip_0,0.2034151256084442,0.45421820878982544,0.34236669540405273
42,1,1000 ppm 3 3,single,scale_1.0_rot_0_flip_0,0.17041005194187164,0.4320859909057617,0.39750397205352783
42,1,c 9,single,scale_1.0_rot_0_flip_0,0.17637595534324646,0.4073767364025116,0.41624730825424194
42,1,800 ppm 3 3,single,scale_1.0_rot_0_flip_0,0.09491221606731415,0.4168747663497925,0.48821303248405457
42,1,800 ppm 2 9,single,scale_1.0_rot_0_flip_0,0.08479384332895279,0.41578835248947144,0.49941781163215637
42,1,600 ppm 2 9,single,scale_1.0_rot_0_flip_0,0.10765751451253891,0.3920406103134155,0.5003018379211426
42,1,400 ppm 2 10,single,scale_1.0_rot_0_flip_0,0.08139075338840485,0.5326674580574036,0.3859418034553528
42,1,800 ppm 4 7,single,scale_1.0_rot_0_flip_0,0.15551063418388367,0.41551893949508667,0.4289703965187073
42,1,1000 ppm 2 7,single,scale_1.0_rot_0_flip_0,0.07920832931995392,0.4274967908859253,0.493294894695282
42,1,800 ppm 5 9,single,scale_1.0_rot_0_flip_0,0.11386154592037201,0.41537711024284363,0.47076132893562317
42,1,600 ppm 3 6,single,scale_1.0_rot_0_flip_0,0.17097124457359314,0.5153900980949402,0.31363868713378906
42,1,1000 ppm 1 5,single,scale_1.0_rot_0_flip_0,0.14158304035663605,0.42928531765937805,0.4291316866874695
42,1,600 ppm 5 10,single,scale_1.0_rot_0_flip_0,0.10011676698923111,0.5403450727462769,0.35953816771507263
42,1,600 ppm 2 5,single,scale_1.0_rot_0_flip_0,0.08396986871957779,0.3944786489009857,0.5215514898300171
42,1,800 ppm 1 10,single,scale_1.0_rot_0_flip_0,0.11372789740562439,0.4311731457710266,0.4550990164279938
42,1,1000 ppm 3 8,single,scale_1.0_rot_0_flip_0,0.09810207039117813,0.35328438878059387,0.5486135482788086
42,1,800 ppm 2 3,single,scale_1.0_rot_0_flip_0,0.17110711336135864,0.44713109731674194,0.381761759519577
42,1,1000 ppm 5 7,single,scale_1.0_rot_0_flip_0,0.19408753514289856,0.40406814217567444,0.4018442928791046
42,1,400 ppm 1 3,single,scale_1.0_rot_0_flip_0,0.13525345921516418,0.3942109942436218,0.470535546541214
42,1,800 ppm 4 6,single,scale_1.0_rot_0_flip_0,0.1130775511264801,0.5124034881591797,0.3745189607143402
42,1,600 ppm 5 4,single,scale_1.0_rot_0_flip_0,0.15430524945259094,0.4682949185371399,0.37739983201026917
42,1,400 ppm 2 7,single,scale_1.0_rot_0_flip_0,0.07690630108118057,0.4818236827850342,0.44126996397972107
42,1,1000 ppm 5 9,single,scale_1.0_rot_0_flip_0,0.07823833078145981,0.3743497431278229,0.5474119186401367
42,1,400 ppm 5 8,single,scale_1.0_rot_0_flip_0,0.12118331342935562,0.44752612709999084,0.43129053711891174
42,1,c 4,single,scale_1.0_rot_0_flip_0,0.16128180921077728,0.46894383430480957,0.36977437138557434
42,1,1000 ppm 1 8,single,scale_1.0_rot_0_flip_0,0.12859542667865753,0.45963263511657715,0.4117719829082489
42,1,c 3,single,scale_1.0_rot_0_flip_0,0.13913218677043915,0.4493245482444763,0.4115432798862457
42,1,800 ppm 1 9,single,scale_1.0_rot_0_flip_0,0.08835997432470322,0.526408851146698,0.3852311670780182
42,1,1000 ppm 3 2,single,scale_1.0_rot_0_flip_0,0.1636248677968979,0.5195856690406799,0.3167894780635834
42,1,1000 ppm 5 4,single,scale_1.0_rot_0_flip_0,0.2002445012331009,0.35896241664886475,0.44079309701919556
42,1,1000 ppm 3 5,single,scale_1.0_rot_0_flip_0,0.1857088953256607,0.478150874376297,0.3361402451992035
42,1,800 ppm 1 4,single,scale_1.0_rot_0_flip_0,0.08593075722455978,0.5089592933654785,0.4051099419593811
42,1,1000 ppm 1 7,single,scale_1.0_rot_0_flip_0,0.11285930871963501,0.3688493072986603,0.5182914137840271
42,1,1000 ppm 3 4,single,scale_1.0_rot_0_flip_0,0.1844092309474945,0.49250712990760803,0.32308363914489746
42,1,400 ppm 5 1,single,scale_1.0_rot_0_flip_0,0.1546206921339035,0.5266997814178467,0.3186795115470886
42,1,1000 ppm 2 4,single,scale_1.0_rot_0_flip_0,0.1884394884109497,0.43403947353363037,0.3775210976600647
42,2,800 ppm 4 4,single,scale_1.0_rot_0_flip_0,0.433756023645401,0.24855497479438782,0.3176890015602112
42,2,400 ppm 1 10,single,scale_1.0_rot_0_flip_0,0.556855320930481,0.12914112210273743,0.314003586769104
42,2,c 8,single,scale_1.0_rot_0_flip_0,0.9453446865081787,0.04386789724230766,0.010787385515868664
42,2,800 ppm 5 8,single,scale_1.0_rot_0_flip_0,0.35330498218536377,0.587384819984436,0.05931020900607109
42,2,600 ppm 3 4,single,scale_1.0_rot_0_flip_0,0.4809316396713257,0.40475961565971375,0.1143086776137352
42,2,1000 ppm 2 10,single,scale_1.0_rot_0_flip_0,0.45934444665908813,0.357918381690979,0.18273720145225525
42,2,800 ppm 3 1,single,scale_1.0_rot_0_flip_0,0.6477600336074829,0.15175357460975647,0.20048639178276062
42,2,400 ppm 4 3,single,scale_1.0_rot_0_flip_0,0.7109927535057068,0.15032774209976196,0.13867956399917603
42,2,600 ppm 1 2,single,scale_1.0_rot_0_flip_0,0.22316955029964447,0.6559536457061768,0.12087676674127579
42,2,400 ppm 3 7,single,scale_1.0_rot_0_flip_0,0.8659085035324097,0.052993569523096085,0.08109798282384872
42,2,600 ppm 2 10,single,scale_1.0_rot_0_flip_0,0.06926199793815613,0.05462661758065224,0.8761113882064819
42,2,800 ppm 5 5,single,scale_1.0_rot_0_flip_0,0.2089613825082779,0.24004824459552765,0.5509903430938721
42,2,400 ppm 5 2,single,scale_1.0_rot_0_flip_0,0.7897842526435852,0.15852393209934235,0.05169183388352394
42,2,800 ppm 1 2,single,scale_1.0_rot_0_flip_0,0.10109703242778778,0.2362293154001236,0.6626736521720886
42,2,600 ppm 3 5,single,scale_1.0_rot_0_flip_0,0.4789518117904663,0.428134948015213,0.09291326254606247
42,2,800 ppm 2 5,single,scale_1.0_rot_0_flip_0,0.6577319502830505,0.3208009898662567,0.021467117592692375
42,2,1000 ppm 5 3,single,scale_1.0_rot_0_flip_0,0.6509772539138794,0.23453040421009064,0.11449234187602997
42,2,400 ppm 5 10,single,scale_1.0_rot_0_flip_0,0.13570597767829895,0.06393539160490036,0.8003585934638977
42,2,1000 ppm 2 5,single,scale_1.0_rot_0_flip_0,0.3647405803203583,0.42373380064964294,0.21152564883232117
42,2,400 ppm 2 4,single,scale_1.0_rot_0_flip_0,0.663301408290863,0.12530766427516937,0.21139086782932281
42,2,600 ppm 4 6,single,scale_1.0_rot_0_flip_0,0.8403991460800171,0.10886174440383911,0.05073908716440201
42,2,c 6,single,scale_1.0_rot_0_flip_0,0.9365969300270081,0.03607545793056488,0.027327554300427437
42,2,800 ppm 1 7,single,scale_1.0_rot_0_flip_0,0.13240186870098114,0.7485052943229675,0.11909287422895432
42,2,1000 ppm 5 2,single,scale_1.0_rot_0_flip_0,0.3946521580219269,0.36829742789268494,0.2370503693819046
42,2,600 ppm 2 1,single,scale_1.0_rot_0_flip_0,0.10499346256256104,0.14422625303268433,0.7507802248001099
42,2,400 ppm 4 1,single,scale_1.0_rot_0_flip_0,0.6981233358383179,0.22516536712646484,0.07671131193637848
42,2,600 ppm 4 4,single,scale_1.0_rot_0_flip_0,0.3387434780597687,0.23397843539714813,0.4272780418395996
42,2,600 ppm 2 8,single,scale_1.0_rot_0_flip_0,0.3892020881175995,0.5648255944252014,0.04597235098481178
42,2,400 ppm 1 6,single,scale_1.0_rot_0_flip_0,0.4990997314453125,0.4647330939769745,0.03616718202829361
42,2,1000 ppm 4 9,single,scale_1.0_rot_0_flip_0,0.06361313909292221,0.040540773421525955,0.8958460092544556
42,2,400 ppm 3 9,single,scale_1.0_rot_0_flip_0,0.6812124252319336,0.22143341600894928,0.0973542258143425
42,2,600 ppm 2 6,single,scale_1.0_rot_0_flip_0,0.021257929503917694,0.023706261068582535,0.9550358653068542
42,2,600 ppm 4 5,single,scale_1.0_rot_0_flip_0,0.2253435254096985,0.3683964014053345,0.40626001358032227
42,2,600 ppm 4 9,single,scale_1.0_rot_0_flip_0,0.4523323178291321,0.1781604290008545,0.3695072531700134
42,2,400 ppm 2 9,single,scale_1.0_rot_0_flip_0,0.7358477711677551,0.1823825240135193,0.08176963031291962
42,2,800 ppm 1 1,single,scale_1.0_rot_0_flip_0,0.32664036750793457,0.20141485333442688,0.4719447195529938
42,2,1000 ppm 4 5,single,scale_1.0_rot_0_flip_0,0.4279100298881531,0.21150325238704681,0.3605867028236389
42,2,1000 ppm 1 1,single,scale_1.0_rot_0_flip_0,0.3403467535972595,0.12058550864458084,0.5390677452087402
42,2,600 ppm 1 8,single,scale_1.0_rot_0_flip_0,0.815088152885437,0.11770855635404587,0.06720324605703354
42,2,600 ppm 5 7,single,scale_1.0_rot_0_flip_0,0.7187309861183167,0.21336685121059418,0.06790218502283096
42,2,1000 ppm 2 8,single,scale_1.0_rot_0_flip_0,0.022540491074323654,0.1503029763698578,0.8271565437316895
42,2,600 ppm 1 5,single,scale_1.0_rot_0_flip_0,0.41328051686286926,0.48995891213417053,0.09676064550876617
42,2,600 ppm 1 9,single,scale_1.0_rot_0_flip_0,0.4326361119747162,0.3918752074241638,0.17548874020576477
42,2,600 ppm 2 2,single,scale_1.0_rot_0_flip_0,0.17777347564697266,0.12402113527059555,0.6982054114341736
42,2,600 ppm 5 2,single,scale_1.0_rot_0_flip_0,0.745280921459198,0.09495441615581512,0.1597646027803421
42,2,800 ppm 4 9,single,scale_1.0_rot_0_flip_0,0.4849851727485657,0.3622208535671234,0.1527939885854721
42,2,600 ppm 2 4,single,scale_1.0_rot_0_flip_0,0.17502455413341522,0.11675282567739487,0.7082226276397705
42,2,600 ppm 4 7,single,scale_1.0_rot_0_flip_0,0.6207849979400635,0.15317991375923157,0.22603504359722137
42,2,1000 ppm 5 8,single,scale_1.0_rot_0_flip_0,0.5123904943466187,0.25776517391204834,0.2298443615436554
42,2,600 ppm 5 3,single,scale_1.0_rot_0_flip_0,0.2478870302438736,0.21621355414390564,0.5358994603157043
42,2,1000 ppm 4 4,single,scale_1.0_rot_0_flip_0,0.28514382243156433,0.21230114996433258,0.5025550127029419
42,2,1000 ppm 4 7,single,scale_1.0_rot_0_flip_0,0.11853829771280289,0.17229904234409332,0.709162712097168
42,3,400 ppm 5 6,single,scale_1.0_rot_0_flip_0,0.8132089972496033,0.17208273708820343,0.014708209782838821
42,3,800 ppm 5 6,single,scale_1.0_rot_0_flip_0,0.06730372458696365,0.18460537493228912,0.7480909824371338
42,3,800 ppm 1 8,single,scale_1.0_rot_0_flip_0,0.24711118638515472,0.1848929077386856,0.5679959058761597
42,3,400 ppm 1 7,single,scale_1.0_rot_0_flip_0,0.5110133290290833,0.14777985215187073,0.341206818819046
42,3,400 ppm 3 8,single,scale_1.0_rot_0_flip_0,0.7946022748947144,0.18242047727108002,0.02297724410891533
42,3,1000 ppm 4 10,single,scale_1.0_rot_0_flip_0,0.1694522500038147,0.5481505393981934,0.28239721059799194
42,3,600 ppm 4 1,single,scale_1.0_rot_0_flip_0,0.8249883651733398,0.11112533509731293,0.06388630717992783
42,3,400 ppm 4 2,single,scale_1.0_rot_0_flip_0,0.31276029348373413,0.15726149082183838,0.5299781560897827
42,3,1000 ppm 3 7,single,scale_1.0_rot_0_flip_0,0.3525699973106384,0.6104143857955933,0.0370156355202198
42,3,800 ppm 4 1,single,scale_1.0_rot_0_flip_0,0.28277871012687683,0.05007406696677208,0.6671472191810608
42,3,600 ppm 1 10,single,scale_1.0_rot_0_flip_0,0.10811816900968552,0.2591703534126282,0.6327114701271057
42,3,400 ppm 5 4,single,scale_1.0_rot_0_flip_0,0.5586230754852295,0.3186017572879791,0.12277514487504959
42,3,1000 ppm 1 10,single,scale_1.0_rot_0_flip_0,0.06932771950960159,0.06735152006149292,0.8633207678794861
42,3,800 ppm 5 1,single,scale_1.0_rot_0_flip_0,0.7169399261474609,0.23588742315769196,0.04717261344194412
42,3,1000 ppm 1 2,single,scale_1.0_rot_0_flip_0,0.5154803395271301,0.2578577399253845,0.22666190564632416
42,3,800 ppm 4 10,single,scale_1.0_rot_0_flip_0,0.5592164397239685,0.35513415932655334,0.08564942330121994
42,3,800 ppm 3 10,single,scale_1.0_rot_0_flip_0,0.6391775608062744,0.31609290838241577,0.04472954198718071
42,3,600 ppm 4 2,single,scale_1.0_rot_0_flip_0,0.20451697707176208,0.625586748123169,0.16989627480506897
42,3,600 ppm 5 9,single,scale_1.0_rot_0_flip_0,0.24847674369812012,0.25545230507850647,0.4960709810256958
42,3,600 ppm 4 3,single,scale_1.0_rot_0_flip_0,0.5036106109619141,0.22001005709171295,0.2763793170452118
42,3,600 ppm 2 3,single,scale_1.0_rot_0_flip_0,0.08712931722402573,0.06920260190963745,0.8436681032180786
42,3,400 ppm 1 8,single,scale_1.0_rot_0_flip_0,0.2099340856075287,0.09486720710992813,0.6951987147331238
42,3,800 ppm 2 6,single,scale_1.0_rot_0_flip_0,0.39959216117858887,0.39440128207206726,0.20600658655166626
42,3,400 ppm 3 3,single,scale_1.0_rot_0_flip_0,0.9130935668945312,0.06606749445199966,0.02083893120288849
42,3,400 ppm 4 7,single,scale_1.0_rot_0_flip_0,0.5477957725524902,0.2621888816356659,0.1900152862071991
42,3,400 ppm 1 1,single,scale_1.0_rot_0_flip_0,0.8928565979003906,0.02560308948159218,0.08154038339853287
42,3,600 ppm 3 2,single,scale_1.0_rot_0_flip_0,0.48788899183273315,0.41317421197891235,0.09893681108951569
42,3,400 ppm 2 5,single,scale_1.0_rot_0_flip_0,0.7028605937957764,0.22827589511871338,0.06886349618434906
42,3,800 ppm 2 10,single,scale_1.0_rot_0_flip_0,0.10142888128757477,0.137503981590271,0.7610670924186707
42,3,400 ppm 2 6,single,scale_1.0_rot_0_flip_0,0.49429818987846375,0.23194611072540283,0.2737556993961334
42,3,400 ppm 2 2,single,scale_1.0_rot_0_flip_0,0.9068895578384399,0.06707800924777985,0.026032347232103348
42,3,800 ppm 1 3,single,scale_1.0_rot_0_flip_0,0.17430751025676727,0.38927605748176575,0.43641647696495056
42,3,400 ppm 5 7,single,scale_1.0_rot_0_flip_0,0.2730555534362793,0.14357832074165344,0.5833661556243896
42,3,1000 ppm 3 1,single,scale_1.0_rot_0_flip_0,0.46548929810523987,0.24143296480178833,0.2930777668952942
42,3,1000 ppm 2 9,single,scale_1.0_rot_0_flip_0,0.1290527582168579,0.5142500996589661,0.3566971719264984
42,3,1000 ppm 2 6,single,scale_1.0_rot_0_flip_0,0.2539713382720947,0.08941691368818283,0.6566117405891418
42,3,400 ppm 2 1,single,scale_1.0_rot_0_flip_0,0.6767464876174927,0.273264616727829,0.04998890310525894
42,3,800 ppm 4 2,single,scale_1.0_rot_0_flip_0,0.08832442760467529,0.05425495281815529,0.8574206233024597
42,3,800 ppm 1 6,single,scale_1.0_rot_0_flip_0,0.10726584494113922,0.3457137644290924,0.547020435333252
42,3,800 ppm 4 3,single,scale_1.0_rot_0_flip_0,0.216825932264328,0.7072535157203674,0.07592058181762695
42,3,1000 ppm 5 5,single,scale_1.0_rot_0_flip_0,0.11637753248214722,0.5791003108024597,0.30452215671539307
42,3,600 ppm 5 6,single,scale_1.0_rot_0_flip_0,0.5626723170280457,0.2640148103237152,0.17331282794475555
42,3,400 ppm 5 3,single,scale_1.0_rot_0_flip_0,0.26621103286743164,0.22715355455875397,0.5066353678703308
42,3,600 ppm 1 6,single,scale_1.0_rot_0_flip_0,0.23146115243434906,0.3774666488170624,0.39107218384742737
42,3,1000 ppm 1 6,single,scale_1.0_rot_0_flip_0,0.18725493550300598,0.08149120211601257,0.7312538623809814
42,3,800 ppm 5 2,single,scale_1.0_rot_0_flip_0,0.11937426775693893,0.545606791973114,0.33501899242401123
42,3,c 2,single,scale_1.0_rot_0_flip_0,0.8708649277687073,0.10020311921834946,0.028931988403201103
42,3,800 ppm 2 2,single,scale_1.0_rot_0_flip_0,0.42770668864250183,0.20404137670993805,0.3682519495487213
42,3,400 ppm 5 9,single,scale_1.0_rot_0_flip_0,0.02980191446840763,0.09643655270338058,0.8737615346908569
42,3,400 ppm 2 8,single,scale_1.0_rot_0_flip_0,0.4377027451992035,0.29153212904930115,0.27076515555381775
42,3,400 ppm 1 4,single,scale_1.0_rot_0_flip_0,0.2934911847114563,0.19116351008415222,0.5153453350067139
42,3,1000 ppm 2 2,single,scale_1.0_rot_0_flip_0,0.7317445874214172,0.12859000265598297,0.13966545462608337
42,4,1000 ppm 1 3,single,scale_1.0_rot_0_flip_0,0.24300672113895416,0.18351131677627563,0.5734819769859314
42,4,400 ppm 4 6,single,scale_1.0_rot_0_flip_0,0.5082920789718628,0.42435306310653687,0.06735487282276154
42,4,600 ppm 3 1,single,scale_1.0_rot_0_flip_0,0.48975762724876404,0.15836113691329956,0.3518812358379364
42,4,400 ppm 3 5,single,scale_1.0_rot_0_flip_0,0.6201661229133606,0.2723385691642761,0.1074952632188797
42,4,c 10,single,scale_1.0_rot_0_flip_0,0.9356521368026733,0.038948576897382736,0.025399338454008102
42,4,400 ppm 1 2,single,scale_1.0_rot_0_flip_0,0.4029005467891693,0.4207882285118103,0.176311194896698
42,4,800 ppm 2 4,single,scale_1.0_rot_0_flip_0,0.13004076480865479,0.856896162033081,0.013063046149909496
42,4,800 ppm 5 4,single,scale_1.0_rot_0_flip_0,0.30937159061431885,0.22434015572071075,0.4662882685661316
42,4,1000 ppm 1 4,single,scale_1.0_rot_0_flip_0,0.16577094793319702,0.38696029782295227,0.4472687542438507
42,4,1000 ppm 4 2,single,scale_1.0_rot_0_flip_0,0.5220931172370911,0.0901978388428688,0.3877091109752655
42,4,400 ppm 2 3,single,scale_1.0_rot_0_flip_0,0.7346935272216797,0.2426554411649704,0.022651074454188347
42,4,600 ppm 1 3,single,scale_1.0_rot_0_flip_0,0.4661282002925873,0.44442373514175415,0.08944804221391678
42,4,400 ppm 5 5,single,scale_1.0_rot_0_flip_0,0.26546961069107056,0.04091086611151695,0.6936195492744446
42,4,800 ppm 3 7,single,scale_1.0_rot_0_flip_0,0.4004003405570984,0.223155215382576,0.37644439935684204
42,4,400 ppm 1 9,single,scale_1.0_rot_0_flip_0,0.4046047031879425,0.07471238821744919,0.5206828713417053
42,4,800 ppm 5 3,single,scale_1.0_rot_0_flip_0,0.15859881043434143,0.40450069308280945,0.43690046668052673
42,4,800 ppm 3 6,single,scale_1.0_rot_0_flip_0,0.6216498613357544,0.26256054639816284,0.11578953266143799
42,4,1000 ppm 4 8,single,scale_1.0_rot_0_flip_0,0.04366658627986908,0.07871755212545395,0.8776158690452576
42,4,800 ppm 4 8,single,scale_1.0_rot_0_flip_0,0.6886728405952454,0.2263888269662857,0.08493832498788834
42,4,400 ppm 4 9,single,scale_1.0_rot_0_flip_0,0.2662335932254791,0.4741729497909546,0.2595934271812439
42,4,c 7,single,scale_1.0_rot_0_flip_0,0.9156786203384399,0.06702453643083572,0.017296908423304558
42,4,800 ppm 1 5,single,scale_1.0_rot_0_flip_0,0.2125222533941269,0.3527642786502838,0.4347134530544281
42,4,600 ppm 2 7,single,scale_1.0_rot_0_flip_0,0.3688587248325348,0.0992906242609024,0.5318506360054016
42,4,600 ppm 1 7,single,scale_1.0_rot_0_flip_0,0.764959454536438,0.16643092036247253,0.06860960274934769
42,4,1000 ppm 3 6,single,scale_1.0_rot_0_flip_0,0.3678593039512634,0.1754695177078247,0.4566711187362671
42,4,1000 ppm 1 9,single,scale_1.0_rot_0_flip_0,0.1235775277018547,0.11672068387269974,0.7597017884254456
42,4,800 ppm 2 7,single,scale_1.0_rot_0_flip_0,0.007568959146738052,0.015331230126321316,0.9770997762680054
42,4,800 ppm 3 2,single,scale_1.0_rot_0_flip_0,0.6263126730918884,0.2522672712802887,0.1214199885725975
42,4,1000 ppm 4 6,single,scale_1.0_rot_0_flip_0,0.3129141628742218,0.09217619150876999,0.59490966796875
42,4,600 ppm 1 4,single,scale_1.0_rot_0_flip_0,0.30275997519493103,0.6860568523406982,0.011183129623532295
42,4,600 ppm 3 10,single,scale_1.0_rot_0_flip_0,0.6649880409240723,0.2810804545879364,0.05393146723508835
42,4,600 ppm 5 8,single,scale_1.0_rot_0_flip_0,0.6432216167449951,0.3452285826206207,0.011549795046448708
42,4,c 5,single,scale_1.0_rot_0_flip_0,0.8153550624847412,0.10875535011291504,0.07588963955640793
42,4,600 ppm 3 9,single,scale_1.0_rot_0_flip_0,0.8661324381828308,0.11800579726696014,0.015861710533499718
42,4,1000 ppm 5 10,single,scale_1.0_rot_0_flip_0,0.048713523894548416,0.12354040145874023,0.8277461528778076
42,4,600 ppm 5 1,single,scale_1.0_rot_0_flip_0,0.8967306017875671,0.08884178102016449,0.014427730813622475
42,4,600 ppm 1 1,single,scale_1.0_rot_0_flip_0,0.6291531920433044,0.3128785192966461,0.05796824395656586
42,4,800 ppm 5 10,single,scale_1.0_rot_0_flip_0,0.7791621685028076,0.1669340282678604,0.05390385910868645
42,4,400 ppm 4 5,single,scale_1.0_rot_0_flip_0,0.6681301593780518,0.2642987370491028,0.06757113337516785
42,4,600 ppm 3 8,single,scale_1.0_rot_0_flip_0,0.5433604717254639,0.2661623954772949,0.19047711789608002
42,4,800 ppm 3 8,single,scale_1.0_rot_0_flip_0,0.7876225113868713,0.2050144523382187,0.007362967357039452
42,4,1000 ppm 5 6,single,scale_1.0_rot_0_flip_0,0.41460156440734863,0.34062859416007996,0.24476981163024902
42,4,600 ppm 4 8,single,scale_1.0_rot_0_flip_0,0.280852347612381,0.29829975962638855,0.4208478033542633
42,4,800 ppm 3 5,single,scale_1.0_rot_0_flip_0,0.7880743145942688,0.10097862780094147,0.11094706505537033
42,4,400 ppm 3 1,single,scale_1.0_rot_0_flip_0,0.8740658164024353,0.12234010547399521,0.0035940383095294237
42,4,400 ppm 3 6,single,scale_1.0_rot_0_flip_0,0.8691919445991516,0.10933749377727509,0.021470535546541214
42,4,600 ppm 4 10,single,scale_1.0_rot_0_flip_0,0.815667450428009,0.13229654729366302,0.05203600227832794
42,4,1000 ppm 4 1,single,scale_1.0_rot_0_flip_0,0.15897445380687714,0.15148955583572388,0.6895359754562378
42,4,400 ppm 4 10,single,scale_1.0_rot_0_flip_0,0.3574551045894623,0.5707416534423828,0.07180321216583252
42,4,600 ppm 3 3,single,scale_1.0_rot_0_flip_0,0.4526664912700653,0.16910339891910553,0.37823009490966797
42,4,400 ppm 3 4,single,scale_1.0_rot_0_flip_0,0.5158645510673523,0.34755170345306396,0.13658376038074493
42,4,1000 ppm 2 3,single,scale_1.0_rot_0_flip_0,0.5883648991584778,0.36533379554748535,0.046301282942295074
