task,backbone,seed,fold,best_epoch,dataset_index,sample_id,target,target_label,prediction,prediction_label,probability_low,probability_medium,probability_high
bin_classification,resnet50,42,1,26,3,600 ppm 5 5,1,medium,2,high,0.24318473041057587,0.29493528604507446,0.4618799388408661
bin_classification,resnet50,42,1,26,5,1000 ppm 4 3,2,high,2,high,0.21123819053173065,0.2971048951148987,0.4916568696498871
bin_classification,resnet50,42,1,26,6,1000 ppm 3 9,2,high,1,medium,0.18895724415779114,0.4219764471054077,0.38906633853912354
bin_classification,resnet50,42,1,26,7,1000 ppm 3 10,2,high,2,high,0.125481516122818,0.2938385307788849,0.5806800127029419
bin_classification,resnet50,42,1,26,8,600 ppm 3 7,0,low,2,high,0.24878166615962982,0.3420881927013397,0.40913012623786926
bin_classification,resnet50,42,1,26,9,800 ppm 5 7,2,high,2,high,0.01974085345864296,0.2522474229335785,0.7280117869377136
bin_classification,resnet50,42,1,26,11,400 ppm 4 4,0,low,0,low,0.7188685536384583,0.18467101454734802,0.09646037220954895
bin_classification,resnet50,42,1,26,12,800 ppm 2 8,1,medium,1,medium,0.2929617166519165,0.3809164762496948,0.32612183690071106
bin_classification,resnet50,42,1,26,13,400 ppm 3 2,0,low,0,low,0.43239855766296387,0.3030112087726593,0.26459017395973206
bin_classification,resnet50,42,1,26,21,800 ppm 3 9,1,medium,1,medium,0.18303000926971436,0.4978771209716797,0.31909289956092834
bin_classification,resnet50,42,1,26,27,1000 ppm 5 1,1,medium,1,medium,0.2153622955083847,0.5733716487884521,0.21126604080200195
bin_classification,resnet50,42,1,26,28,800 ppm 4 5,0,low,1,medium,0.3283424973487854,0.39682096242904663,0.2748364806175232
bin_classification,resnet50,42,1,26,29,800 ppm 2 1,2,high,2,high,0.018276412039995193,0.14279279112815857,0.8389307856559753
bin_classification,resnet50,42,1,26,34,400 ppm 1 5,0,low,0,low,0.46613508462905884,0.3101876974105835,0.2236771583557129
bin_classification,resnet50,42,1,26,45,400 ppm 4 8,0,low,2,high,0.2681630253791809,0.13821493089199066,0.593622088432312
bin_classification,resnet50,42,1,26,49,800 ppm 3 4,1,medium,1,medium,0.2180255800485611,0.42687150835990906,0.3551029562950134
bin_classification,resnet50,42,1,26,53,1000 ppm 2 1,2,high,1,medium,0.27127930521965027,0.5266410708427429,0.20207957923412323
bin_classification,resnet50,42,1,26,54,400 ppm 3 10,1,medium,2,high,0.2444845288991928,0.34406936168670654,0.41144609451293945
bin_classification,resnet50,42,1,26,66,1000 ppm 3 3,1,medium,1,medium,0.2214226871728897,0.3899182081222534,0.38865914940834045
bin_classification,resnet50,42,1,26,67,c 9,0,low,0,low,0.49000367522239685,0.3618885576725006,0.1481078416109085
bin_classification,resnet50,42,1,26,70,800 ppm 3 3,2,high,0,low,0.4053552448749542,0.38640454411506653,0.20824018120765686
bin_classification,resnet50,42,1,26,79,800 ppm 2 9,2,high,2,high,0.13387899100780487,0.28620678186416626,0.5799142122268677
bin_classification,resnet50,42,1,26,81,600 ppm 2 9,1,medium,0,low,0.6787604689598083,0.29876765608787537,0.022471800446510315
bin_classification,resnet50,42,1,26,83,400 ppm 2 10,0,low,2,high,0.246909961104393,0.3749961853027344,0.3780938386917114
bin_classification,resnet50,42,1,26,94,800 ppm 4 7,0,low,0,low,0.5250461101531982,0.20446406304836273,0.27048978209495544
bin_classification,resnet50,42,1,26,99,1000 ppm 2 7,1,medium,1,medium,0.15336324274539948,0.5171383619308472,0.32949838042259216
bin_classification,resnet50,42,1,26,108,800 ppm 5 9,2,high,2,high,0.17424896359443665,0.31785649061203003,0.5078945755958557
bin_classification,resnet50,42,1,26,109,600 ppm 3 6,1,medium,2,high,0.11138515919446945,0.19422584772109985,0.6943889856338501
bin_classification,resnet50,42,1,26,111,1000 ppm 1 5,2,high,2,high,0.004318626131862402,0.08473971486091614,0.9109416007995605
bin_classification,resnet50,42,1,26,113,600 ppm 5 10,0,low,1,medium,0.2836671471595764,0.37523728609085083,0.34109556674957275
bin_classification,resnet50,42,1,26,114,600 ppm 2 5,2,high,2,high,0.1992831528186798,0.27031227946281433,0.5304046273231506
bin_classification,resnet50,42,1,26,115,800 ppm 1 10,1,medium,2,high,0.24498851597309113,0.2118670493364334,0.5431444048881531
bin_classification,resnet50,42,1,26,117,1000 ppm 3 8,1,medium,2,high,0.19254709780216217,0.34252333641052246,0.4649295210838318
bin_classification,resnet50,42,1,26,121,800 ppm 2 3,2,high,2,high,0.17184999585151672,0.24886222183704376,0.5792877674102783
bin_classification,resnet50,42,1,26,126,1000 ppm 5 7,1,medium,2,high,0.26869693398475647,0.3243166506290436,0.40698638558387756
bin_classification,resnet50,42,1,26,130,400 ppm 1 3,0,low,0,low,0.7220559120178223,0.2080368846654892,0.06990721076726913
bin_classification,resnet50,42,1,26,131,800 ppm 4 6,1,medium,0,low,0.570499062538147,0.2832997441291809,0.1462012529373169
bin_classification,resnet50,42,1,26,132,600 ppm 5 4,0,low,2,high,0.22650036215782166,0.2545171082019806,0.5189825892448425
bin_classification,resnet50,42,1,26,138,400 ppm 2 7,0,low,1,medium,0.3456841707229614,0.4380859434604645,0.2162299007177353
bin_classification,resnet50,42,1,26,143,1000 ppm 5 9,2,high,1,medium,0.17004799842834473,0.4655834436416626,0.3643685281276703
bin_classification,resnet50,42,1,26,146,400 ppm 5 8,0,low,1,medium,0.20949076116085052,0.5632152557373047,0.2272939831018448
bin_classification,resnet50,42,1,26,148,c 4,0,low,0,low,0.7499315142631531,0.1967630386352539,0.05330546200275421
bin_classification,resnet50,42,1,26,156,1000 ppm 1 8,1,medium,1,medium,0.31690070033073425,0.3444942831993103,0.33860498666763306
bin_classification,resnet50,42,1,26,157,c 3,0,low,0,low,0.48511844873428345,0.35772252082824707,0.1571590006351471
bin_classification,resnet50,42,1,26,166,800 ppm 1 9,2,high,2,high,0.06126051023602486,0.27878454327583313,0.6599549651145935
bin_classification,resnet50,42,1,26,175,1000 ppm 3 2,2,high,0,low,0.44036057591438293,0.40649592876434326,0.15314354002475739
bin_classification,resnet50,42,1,26,186,1000 ppm 5 4,2,high,2,high,0.2270662933588028,0.3312404155731201,0.4416932463645935
bin_classification,resnet50,42,1,26,189,1000 ppm 3 5,1,medium,2,high,0.20383094251155853,0.38911035656929016,0.4070587158203125
bin_classification,resnet50,42,1,26,192,800 ppm 1 4,1,medium,1,medium,0.28019583225250244,0.4774232804775238,0.24238081276416779
bin_classification,resnet50,42,1,26,193,1000 ppm 1 7,2,high,2,high,0.11927033960819244,0.13713429868221283,0.7435953617095947
bin_classification,resnet50,42,1,26,202,1000 ppm 3 4,2,high,1,medium,0.30155566334724426,0.546935498714447,0.15150883793830872
bin_classification,resnet50,42,1,26,204,400 ppm 5 1,0,low,2,high,0.2969931662082672,0.3187352120876312,0.3842715919017792
bin_classification,resnet50,42,1,26,205,1000 ppm 2 4,1,medium,2,high,0.056646741926670074,0.10558824241161346,0.8377649784088135
bin_classification,resnet50,42,2,14,0,800 ppm 4 4,1,medium,0,low,0.4018036723136902,0.3094828426837921,0.2887135446071625
bin_classification,resnet50,42,2,14,1,400 ppm 1 10,0,low,2,high,0.3038296103477478,0.2611928880214691,0.4349775016307831
bin_classification,resnet50,42,2,14,2,c 8,0,low,0,low,0.43360233306884766,0.365278035402298,0.20111961662769318
bin_classification,resnet50,42,2,14,14,800 ppm 5 8,0,low,1,medium,0.27194836735725403,0.5068203210830688,0.22123126685619354
bin_classification,resnet50,42,2,14,20,600 ppm 3 4,1,medium,0,low,0.4007922112941742,0.23945502936840057,0.3597528040409088
bin_classification,resnet50,42,2,14,22,1000 ppm 2 10,1,medium,1,medium,0.2836724519729614,0.39509889483451843,0.32122859358787537
bin_classification,resnet50,42,2,14,30,800 ppm 3 1,1,medium,0,low,0.4736144542694092,0.275110125541687,0.25127536058425903
bin_classification,resnet50,42,2,14,35,400 ppm 4 3,0,low,0,low,0.714212954044342,0.20809046924114227,0.07769665122032166
bin_classification,resnet50,42,2,14,38,600 ppm 1 2,2,high,2,high,0.23882199823856354,0.34101012349128723,0.4201678931713104
bin_classification,resnet50,42,2,14,43,400 ppm 3 7,0,low,0,low,0.5983483791351318,0.2873588800430298,0.11429271847009659
bin_classification,resnet50,42,2,14,44,600 ppm 2 10,2,high,0,low,0.3988697826862335,0.21628370881080627,0.384846568107605
bin_classification,resnet50,42,2,14,48,800 ppm 5 5,0,low,2,high,0.27305030822753906,0.31675150990486145,0.4101981520652771
bin_classification,resnet50,42,2,14,51,400 ppm 5 2,0,low,1,medium,0.37179774045944214,0.373779833316803,0.2544224262237549
bin_classification,resnet50,42,2,14,57,800 ppm 1 2,0,low,2,high,0.1312110275030136,0.25301066040992737,0.6157783269882202
bin_classification,resnet50,42,2,14,58,600 ppm 3 5,1,medium,0,low,0.5328258872032166,0.2564290463924408,0.21074503660202026
bin_classification,resnet50,42,2,14,61,800 ppm 2 5,0,low,1,medium,0.33299800753593445,0.43907099962234497,0.2279309779405594
bin_classification,resnet50,42,2,14,71,1000 ppm 5 3,1,medium,0,low,0.4381031095981598,0.23471665382385254,0.32718026638031006
bin_classification,resnet50,42,2,14,73,400 ppm 5 10,2,high,2,high,0.22005978226661682,0.265899658203125,0.5140405893325806
bin_classification,resnet50,42,2,14,76,1000 ppm 2 5,2,high,1,medium,0.3161420524120331,0.36078208684921265,0.32307589054107666
bin_classification,resnet50,42,2,14,77,400 ppm 2 4,0,low,0,low,0.5889590978622437,0.27832910418510437,0.13271182775497437
bin_classification,resnet50,42,2,14,78,600 ppm 4 6,1,medium,2,high,0.24440675973892212,0.3731946647167206,0.3823986053466797
bin_classification,resnet50,42,2,14,80,c 6,0,low,0,low,0.5892742872238159,0.21620959043502808,0.194516122341156
bin_classification,resnet50,42,2,14,89,800 ppm 1 7,1,medium,1,medium,0.3110940754413605,0.3564923405647278,0.33241358399391174
bin_classification,resnet50,42,2,14,92,1000 ppm 5 2,2,high,1,medium,0.333891361951828,0.35723280906677246,0.30887579917907715
bin_classification,resnet50,42,2,14,93,600 ppm 2 1,2,high,1,medium,0.2573966085910797,0.3860853612422943,0.3565180003643036
bin_classification,resnet50,42,2,14,95,400 ppm 4 1,1,medium,0,low,0.3788321018218994,0.3471749424934387,0.27399301528930664
bin_classification,resnet50,42,2,14,105,600 ppm 4 4,2,high,1,medium,0.33694496750831604,0.3598995506763458,0.30315542221069336
bin_classification,resnet50,42,2,14,107,600 ppm 2 8,0,low,0,low,0.5403828024864197,0.31468772888183594,0.14492946863174438
bin_classification,resnet50,42,2,14,118,400 ppm 1 6,0,low,0,low,0.5037429928779602,0.2277437448501587,0.2685132920742035
bin_classification,resnet50,42,2,14,120,1000 ppm 4 9,2,high,2,high,0.23166392743587494,0.37109339237213135,0.39724263548851013
bin_classification,resnet50,42,2,14,122,400 ppm 3 9,0,low,0,low,0.4168094992637634,0.32210344076156616,0.2610871195793152
bin_classification,resnet50,42,2,14,124,600 ppm 2 6,2,high,2,high,0.35757073760032654,0.20052044093608856,0.44190874695777893
bin_classification,resnet50,42,2,14,133,600 ppm 4 5,1,medium,0,low,0.38725000619888306,0.3463626205921173,0.26638734340667725
bin_classification,resnet50,42,2,14,137,600 ppm 4 9,2,high,0,low,0.4988696575164795,0.2633340656757355,0.23779627680778503
bin_classification,resnet50,42,2,14,139,400 ppm 2 9,1,medium,2,high,0.35433119535446167,0.2886213958263397,0.357047438621521
bin_classification,resnet50,42,2,14,147,800 ppm 1 1,1,medium,2,high,0.3003990054130554,0.3078926205635071,0.3917084038257599
bin_classification,resnet50,42,2,14,149,1000 ppm 4 5,2,high,2,high,0.2650168240070343,0.32546037435531616,0.40952280163764954
bin_classification,resnet50,42,2,14,151,1000 ppm 1 1,2,high,2,high,0.19840329885482788,0.327818363904953,0.4737783670425415
bin_classification,resnet50,42,2,14,160,600 ppm 1 8,1,medium,1,medium,0.31199610233306885,0.37820178270339966,0.30980217456817627
bin_classification,resnet50,42,2,14,164,600 ppm 5 7,0,low,0,low,0.46994340419769287,0.22596170008182526,0.3040948808193207
bin_classification,resnet50,42,2,14,177,1000 ppm 2 8,2,high,2,high,0.20488612353801727,0.2963148355484009,0.49879899621009827
bin_classification,resnet50,42,2,14,178,600 ppm 1 5,1,medium,1,medium,0.37947535514831543,0.40511369705200195,0.215410977602005
bin_classification,resnet50,42,2,14,179,600 ppm 1 9,0,low,0,low,0.466821551322937,0.3035163879394531,0.22966204583644867
bin_classification,resnet50,42,2,14,180,600 ppm 2 2,2,high,2,high,0.27196821570396423,0.27571848034858704,0.4523133635520935
bin_classification,resnet50,42,2,14,183,600 ppm 5 2,0,low,1,medium,0.3028436005115509,0.36966049671173096,0.3274959325790405
bin_classification,resnet50,42,2,14,185,800 ppm 4 9,0,low,2,high,0.3123461902141571,0.32079336047172546,0.3668605387210846
bin_classification,resnet50,42,2,14,187,600 ppm 2 4,2,high,2,high,0.15051878988742828,0.19050830602645874,0.6589728593826294
bin_classification,resnet50,42,2,14,191,600 ppm 4 7,1,medium,0,low,0.4545319080352783,0.2361145317554474,0.3093535006046295
bin_classification,resnet50,42,2,14,194,1000 ppm 5 8,1,medium,2,high,0.25172126293182373,0.32552433013916016,0.42275434732437134
bin_classification,resnet50,42,2,14,197,600 ppm 5 3,1,medium,2,high,0.22577962279319763,0.32829537987709045,0.44592493772506714
bin_classification,resnet50,42,2,14,198,1000 ppm 4 4,2,high,1,medium,0.18069013953208923,0.5198988914489746,0.29941096901893616
bin_classification,resnet50,42,2,14,208,1000 ppm 4 7,2,high,1,medium,0.23958143591880798,0.45896250009536743,0.30145612359046936
bin_classification,resnet50,42,3,24,4,400 ppm 5 6,1,medium,2,high,0.29286471009254456,0.3402635157108307,0.36687177419662476
bin_classification,resnet50,42,3,24,15,800 ppm 5 6,2,high,2,high,0.08417341858148575,0.20358595252037048,0.7122406363487244
bin_classification,resnet50,42,3,24,17,800 ppm 1 8,2,high,1,medium,0.1816202998161316,0.4157140552997589,0.4026656746864319
bin_classification,resnet50,42,3,24,24,400 ppm 1 7,0,low,0,low,0.5031988620758057,0.24522235989570618,0.25157877802848816
bin_classification,resnet50,42,3,24,26,400 ppm 3 8,1,medium,0,low,0.5288020968437195,0.4012179374694824,0.0699799433350563
bin_classification,resnet50,42,3,24,31,1000 ppm 4 10,2,high,1,medium,0.2656004726886749,0.5066221952438354,0.22777730226516724
bin_classification,resnet50,42,3,24,32,600 ppm 4 1,0,low,2,high,0.3267999291419983,0.21418224275112152,0.4590178430080414
bin_classification,resnet50,42,3,24,33,400 ppm 4 2,2,high,0,low,0.5831825733184814,0.1908511221408844,0.22596631944179535
bin_classification,resnet50,42,3,24,40,1000 ppm 3 7,2,high,1,medium,0.22548753023147583,0.5926738977432251,0.18183861672878265
bin_classification,resnet50,42,3,24,42,800 ppm 4 1,2,high,2,high,0.3831377625465393,0.17679594457149506,0.44006630778312683
bin_classification,resnet50,42,3,24,47,600 ppm 1 10,0,low,0,low,0.3753302991390228,0.32525497674942017,0.2994146943092346
bin_classification,resnet50,42,3,24,50,400 ppm 5 4,0,low,1,medium,0.2317272275686264,0.5894086956977844,0.17886406183242798
bin_classification,resnet50,42,3,24,60,1000 ppm 1 10,2,high,2,high,0.20288173854351044,0.20669108629226685,0.5904271602630615
bin_classification,resnet50,42,3,24,63,800 ppm 5 1,1,medium,1,medium,0.28812119364738464,0.46213510632514954,0.2497437447309494
bin_classification,resnet50,42,3,24,65,1000 ppm 1 2,1,medium,0,low,0.43785718083381653,0.3307098150253296,0.23143303394317627
bin_classification,resnet50,42,3,24,72,800 ppm 4 10,0,low,0,low,0.36131563782691956,0.31114089488983154,0.3275434672832489
bin_classification,resnet50,42,3,24,74,800 ppm 3 10,0,low,0,low,0.5573626756668091,0.2698290944099426,0.17280825972557068
bin_classification,resnet50,42,3,24,75,600 ppm 4 2,1,medium,2,high,0.29718971252441406,0.3251737654209137,0.377636581659317
bin_classification,resnet50,42,3,24,85,600 ppm 5 9,1,medium,2,high,0.27067628502845764,0.2972356379032135,0.4320880174636841
bin_classification,resnet50,42,3,24,86,600 ppm 4 3,1,medium,0,low,0.5758748650550842,0.30991846323013306,0.11420667916536331
bin_classification,resnet50,42,3,24,87,600 ppm 2 3,2,high,2,high,0.07769438624382019,0.23133490979671478,0.6909706592559814
bin_classification,resnet50,42,3,24,88,400 ppm 1 8,1,medium,0,low,0.6110309958457947,0.16118831932544708,0.22778071463108063
bin_classification,resnet50,42,3,24,91,800 ppm 2 6,1,medium,1,medium,0.29460304975509644,0.44811686873435974,0.2572801411151886
bin_classification,resnet50,42,3,24,96,400 ppm 3 3,0,low,0,low,0.4557243883609772,0.426723450422287,0.11755215376615524
bin_classification,resnet50,42,3,24,98,400 ppm 4 7,1,medium,2,high,0.3838358521461487,0.22140608727931976,0.39475807547569275
bin_classification,resnet50,42,3,24,101,400 ppm 1 1,0,low,0,low,0.5221253633499146,0.19604595005512238,0.2818286716938019
bin_classification,resnet50,42,3,24,103,600 ppm 3 2,0,low,1,medium,0.4034903347492218,0.49569177627563477,0.10081784427165985
bin_classification,resnet50,42,3,24,104,400 ppm 2 5,1,medium,0,low,0.6085844039916992,0.16366292536258698,0.22775264084339142
bin_classification,resnet50,42,3,24,110,800 ppm 2 10,2,high,2,high,0.1812022477388382,0.3814699649810791,0.43732786178588867
bin_classification,resnet50,42,3,24,119,400 ppm 2 6,0,low,0,low,0.6512779593467712,0.23807740211486816,0.11064467579126358
bin_classification,resnet50,42,3,24,125,400 ppm 2 2,0,low,2,high,0.29603588581085205,0.3043293058872223,0.3996348977088928
bin_classification,resnet50,42,3,24,127,800 ppm 1 3,1,medium,1,medium,0.2940492033958435,0.48738357424736023,0.21856723725795746
bin_classification,resnet50,42,3,24,134,400 ppm 5 7,0,low,2,high,0.30751872062683105,0.1773335188627243,0.5151477456092834
bin_classification,resnet50,42,3,24,135,1000 ppm 3 1,1,medium,1,medium,0.295989990234375,0.4955413341522217,0.20846863090991974
bin_classification,resnet50,42,3,24,136,1000 ppm 2 9,2,high,1,medium,0.19376292824745178,0.48755183815956116,0.31868529319763184
bin_classification,resnet50,42,3,24,140,1000 ppm 2 6,1,medium,2,high,0.1871234029531479,0.10197221487760544,0.7109044194221497
bin_classification,resnet50,42,3,24,141,400 ppm 2 1,0,low,0,low,0.470635324716568,0.308230996131897,0.22113360464572906
bin_classification,resnet50,42,3,24,142,800 ppm 4 2,2,high,2,high,0.21875694394111633,0.3277684152126312,0.45347464084625244
bin_classification,resnet50,42,3,24,153,800 ppm 1 6,2,high,1,medium,0.25336307287216187,0.4502376914024353,0.29639923572540283
bin_classification,resnet50,42,3,24,168,800 ppm 4 3,0,low,0,low,0.40501868724823,0.34078580141067505,0.25419554114341736
bin_classification,resnet50,42,3,24,169,1000 ppm 5 5,2,high,1,medium,0.37656107544898987,0.44670000672340393,0.17673897743225098
bin_classification,resnet50,42,3,24,170,600 ppm 5 6,0,low,0,low,0.43924233317375183,0.42056137323379517,0.14019621908664703
bin_classification,resnet50,42,3,24,174,400 ppm 5 3,2,high,1,medium,0.22285586595535278,0.4489653706550598,0.3281787633895874
bin_classification,resnet50,42,3,24,176,600 ppm 1 6,1,medium,2,high,0.20319706201553345,0.30099210143089294,0.495810866355896
bin_classification,resnet50,42,3,24,181,1000 ppm 1 6,2,high,2,high,0.12609073519706726,0.4212304651737213,0.4526788592338562
bin_classification,resnet50,42,3,24,182,800 ppm 5 2,1,medium,1,medium,0.14380690455436707,0.5763419270515442,0.27985113859176636
bin_classification,resnet50,42,3,24,195,c 2,0,low,0,low,0.49917447566986084,0.38870230317115784,0.11212319135665894
bin_classification,resnet50,42,3,24,196,800 ppm 2 2,2,high,2,high,0.3271537721157074,0.27042093873023987,0.40242528915405273
bin_classification,resnet50,42,3,24,199,400 ppm 5 9,2,high,1,medium,0.38192301988601685,0.4464092254638672,0.17166768014431
bin_classification,resnet50,42,3,24,200,400 ppm 2 8,0,low,1,medium,0.3182378113269806,0.35818877816200256,0.32357341051101685
bin_classification,resnet50,42,3,24,206,400 ppm 1 4,0,low,0,low,0.8282022476196289,0.13763222098350525,0.034165509045124054
bin_classification,resnet50,42,3,24,207,1000 ppm 2 2,1,medium,1,medium,0.2790350615978241,0.4498293399810791,0.2711355984210968
bin_classification,resnet50,42,4,28,10,1000 ppm 1 3,2,high,2,high,0.17276279628276825,0.2773752212524414,0.5498620271682739
bin_classification,resnet50,42,4,28,16,400 ppm 4 6,0,low,0,low,0.430305153131485,0.35462188720703125,0.21507295966148376
bin_classification,resnet50,42,4,28,18,600 ppm 3 1,1,medium,2,high,0.20051884651184082,0.2478315830230713,0.5516495704650879
bin_classification,resnet50,42,4,28,19,400 ppm 3 5,0,low,0,low,0.46476033329963684,0.440812349319458,0.09442732483148575
bin_classification,resnet50,42,4,28,23,c 10,0,low,0,low,0.6373530626296997,0.28176215291023254,0.08088476955890656
bin_classification,resnet50,42,4,28,25,400 ppm 1 2,0,low,2,high,0.2626207172870636,0.32154950499534607,0.4158298075199127
bin_classification,resnet50,42,4,28,36,800 ppm 2 4,0,low,0,low,0.4072266221046448,0.23587949573993683,0.3568938672542572
bin_classification,resnet50,42,4,28,37,800 ppm 5 4,2,high,2,high,0.21228930354118347,0.17972789704799652,0.6079827547073364
bin_classification,resnet50,42,4,28,39,1000 ppm 1 4,2,high,2,high,0.22570139169692993,0.36264461278915405,0.41165393590927124
bin_classification,resnet50,42,4,28,41,1000 ppm 4 2,2,high,2,high,0.13780416548252106,0.18860654532909393,0.6735893487930298
bin_classification,resnet50,42,4,28,46,400 ppm 2 3,0,low,0,low,0.42822185158729553,0.35499876737594604,0.216779425740242
bin_classification,resnet50,42,4,28,52,600 ppm 1 3,1,medium,2,high,0.22842958569526672,0.2944056987762451,0.47716474533081055
bin_classification,resnet50,42,4,28,55,400 ppm 5 5,2,high,2,high,0.1954294741153717,0.12960024178028107,0.674970269203186
bin_classification,resnet50,42,4,28,56,800 ppm 3 7,1,medium,0,low,0.40039539337158203,0.2856366038322449,0.3139679729938507
bin_classification,resnet50,42,4,28,59,400 ppm 1 9,0,low,0,low,0.38434186577796936,0.2717471122741699,0.3439110219478607
bin_classification,resnet50,42,4,28,62,800 ppm 5 3,1,medium,0,low,0.38533079624176025,0.3545559048652649,0.26011332869529724
bin_classification,resnet50,42,4,28,64,800 ppm 3 6,1,medium,0,low,0.5292477011680603,0.2682817280292511,0.20247052609920502
bin_classification,resnet50,42,4,28,68,1000 ppm 4 8,2,high,2,high,0.19533959031105042,0.2713003158569336,0.5333601236343384
bin_classification,resnet50,42,4,28,69,800 ppm 4 8,2,high,0,low,0.3732813596725464,0.3123750388622284,0.3143436014652252
bin_classification,resnet50,42,4,28,82,400 ppm 4 9,1,medium,2,high,0.27480682730674744,0.19115278124809265,0.5340403914451599
bin_classification,resnet50,42,4,28,84,c 7,0,low,0,low,0.6258459687232971,0.3030192255973816,0.07113479822874069
bin_classification,resnet50,42,4,28,90,800 ppm 1 5,1,medium,2,high,0.16583351790905,0.3432098925113678,0.49095654487609863
bin_classification,resnet50,42,4,28,97,600 ppm 2 7,2,high,2,high,0.22043436765670776,0.23905107378959656,0.5405145287513733
bin_classification,resnet50,42,4,28,100,600 ppm 1 7,2,high,2,high,0.3835482597351074,0.1842612475156784,0.432190477848053
bin_classification,resnet50,42,4,28,102,1000 ppm 3 6,2,high,0,low,0.5032800436019897,0.22285515069961548,0.2738648056983948
bin_classification,resnet50,42,4,28,106,1000 ppm 1 9,2,high,2,high,0.28261980414390564,0.22400113940238953,0.4933790862560272
bin_classification,resnet50,42,4,28,112,800 ppm 2 7,2,high,2,high,0.16208301484584808,0.15663446485996246,0.6812825202941895
bin_classification,resnet50,42,4,28,116,800 ppm 3 2,2,high,0,low,0.477973997592926,0.2148970067501068,0.30712899565696716
bin_classification,resnet50,42,4,28,123,1000 ppm 4 6,1,medium,1,medium,0.2911524176597595,0.4404113292694092,0.2684362530708313
bin_classification,resnet50,42,4,28,128,600 ppm 1 4,1,medium,0,low,0.5216519832611084,0.2453267127275467,0.23302137851715088
bin_classification,resnet50,42,4,28,129,600 ppm 3 10,1,medium,0,low,0.6693483591079712,0.16768509149551392,0.16296648979187012
bin_classification,resnet50,42,4,28,144,600 ppm 5 8,0,low,0,low,0.33957839012145996,0.33366021513938904,0.3267614245414734
bin_classification,resnet50,42,4,28,145,c 5,0,low,0,low,0.5948222875595093,0.31066668033599854,0.09451104700565338
bin_classification,resnet50,42,4,28,150,600 ppm 3 9,1,medium,0,low,0.4721762239933014,0.26508551836013794,0.2627381980419159
bin_classification,resnet50,42,4,28,152,1000 ppm 5 10,2,high,2,high,0.14623978734016418,0.25038740038871765,0.6033727526664734
bin_classification,resnet50,42,4,28,154,600 ppm 5 1,0,low,0,low,0.5579716563224792,0.20179519057273865,0.24023310840129852
bin_classification,resnet50,42,4,28,155,600 ppm 1 1,1,medium,2,high,0.3372827172279358,0.3033108115196228,0.3594065010547638
bin_classification,resnet50,42,4,28,158,800 ppm 5 10,0,low,1,medium,0.3422100841999054,0.4197256863117218,0.2380642592906952
bin_classification,resnet50,42,4,28,159,400 ppm 4 5,0,low,0,low,0.3739370107650757,0.2523516118526459,0.37371137738227844
bin_classification,resnet50,42,4,28,161,600 ppm 3 8,1,medium,2,high,0.3507934808731079,0.11171234399080276,0.5374941825866699
bin_classification,resnet50,42,4,28,162,800 ppm 3 8,2,high,0,low,0.37449103593826294,0.3259412944316864,0.29956772923469543
bin_classification,resnet50,42,4,28,163,1000 ppm 5 6,1,medium,1,medium,0.21559299528598785,0.47766414284706116,0.306742787361145
bin_classification,resnet50,42,4,28,165,600 ppm 4 8,2,high,2,high,0.3433409333229065,0.2830338776111603,0.373625248670578
bin_classification,resnet50,42,4,28,167,800 ppm 3 5,2,high,0,low,0.405804842710495,0.21630312502384186,0.37789198756217957
bin_classification,resnet50,42,4,28,171,400 ppm 3 1,0,low,0,low,0.5300922989845276,0.36861079931259155,0.10129684209823608
bin_classification,resnet50,42,4,28,172,400 ppm 3 6,0,low,0,low,0.7195499539375305,0.1790180504322052,0.10143207013607025
bin_classification,resnet50,42,4,28,173,600 ppm 4 10,0,low,2,high,0.370851069688797,0.17731651663780212,0.45183244347572327
bin_classification,resnet50,42,4,28,184,1000 ppm 4 1,2,high,1,medium,0.26291075348854065,0.378229558467865,0.35885968804359436
bin_classification,resnet50,42,4,28,188,400 ppm 4 10,1,medium,1,medium,0.2964608669281006,0.41309210658073425,0.29044702649116516
bin_classification,resnet50,42,4,28,190,600 ppm 3 3,1,medium,0,low,0.45284920930862427,0.28138554096221924,0.2657652199268341
bin_classification,resnet50,42,4,28,201,400 ppm 3 4,0,low,1,medium,0.39049872756004333,0.40271884202957153,0.20678246021270752
bin_classification,resnet50,42,4,28,203,1000 ppm 2 3,1,medium,0,low,0.48098453879356384,0.18356311321258545,0.3354523181915283
