seed,fold,inference,n,mae,rmse,r2,pearson_r,spearman_r,residual_mean,target_std,prediction_std,negative_predictions,train_mean_baseline_mae,train_median_baseline_mae
42,1,single,53,0.9288114274327017,1.4470649987837731,0.465092859982418,0.7013711584502673,0.6446540880503144,0.23483239869402847,1.9785582540066589,1.1643662035475524,1,1.2213046444154572,1.223894745707547
42,1,d4_mean,53,1.0879646417830233,1.5844906984585772,0.3586697795877284,0.6141649113397719,0.5569263022093212,-0.20687826909607854,1.9785582540066589,1.0427203995736853,0,1.2213046444154572,1.223894745707547
42,1,scale_mean,53,0.9480596333732616,1.4528771736962338,0.46078729319686296,0.6959484142344757,0.6198193839703274,0.21592873612041202,1.9785582540066589,1.1634497383008595,1,1.2213046444154572,1.223894745707547
42,2,single,52,0.9158563670914136,1.1778942021774244,0.5084234167814861,0.7245660169106649,0.6837701698966959,0.14134002045479935,1.6800054507763285,1.053575392145974,0,1.2648904991346155,1.2689715127500003
42,2,d4_mean,52,1.051886252970473,1.2877996507804497,0.41240887931140946,0.7006383698528593,0.6733543925552805,-0.3641722457501081,1.6800054507763285,0.8789206646969999,0,1.2648904991346155,1.2689715127500003
42,2,scale_mean,52,0.8849497189698289,1.157016741959406,0.5256947794622094,0.732354481211214,0.6847092973619056,0.07003502460163202,1.6800054507763285,1.0717749336159006,0,1.2648904991346155,1.2689715127500003
42,3,single,52,0.7743471557206107,0.9788906393253561,0.42770947595301667,0.6957016355606697,0.6885511824468539,0.17620423826004408,1.293975036916074,1.1516257839122,0,1.0240168880121265,1.0018799718269231
42,3,d4_mean,52,0.9054736305956409,1.1001633880905475,0.27712604069246805,0.6479268014593336,0.5609152224024588,-0.4694589113948212,1.293975036916074,0.9744629706744136,0,1.0240168880121265,1.0018799718269231
42,3,scale_mean,52,0.7881650164301619,0.9731052584564904,0.4344541203903366,0.6947232185526079,0.6778792794331086,0.13928560500078435,1.293975036916074,1.1465048314984532,1,1.0240168880121265,1.0018799718269231
42,4,single,52,0.9057453127223318,1.2151018879695223,0.376060004816525,0.6312074627431713,0.6421070605310338,-0.053946278776687014,1.5383008606927653,1.1946129672029218,0,1.2576529959273641,1.2413511242884614
42,4,d4_mean,52,1.1634812348753956,1.452150640591506,0.1088705930750955,0.6062274424220396,0.6101767267139075,-0.7678579462428508,1.5383008606927653,1.0823421692108959,0,1.2576529959273641,1.2413511242884614
42,4,scale_mean,52,0.8820009321382276,1.2049488265736827,0.3864433887686718,0.6404296922299862,0.6414240587381542,-0.11968052079413954,1.5383008606927653,1.1895644146002986,0,1.2576529959273641,1.2413511242884614
